datetime,open,high,low,close,volume
2015-01-05 00:00:00,9238.0,9276.0,9155.0,9252.0,120487
2015-01-06 00:00:00,9144.0,9153.0,9017.0,9058.0,148125
2015-01-07 00:00:00,9042.0,9092.0,9033.0,9045.0,93314
2015-01-08 00:00:00,9116.0,9259.0,9115.0,9257.0,131883
2015-01-09 00:00:00,9328.0,9335.0,9217.0,9230.0,117874
2015-01-12 00:00:00,9190.0,9238.0,9157.0,9185.0,97827
2015-01-13 00:00:00,9194.0,9275.0,9159.0,9249.0,127705
2015-01-14 00:00:00,9235.0,9247.0,9151.0,9171.0,122662
2015-01-15 00:00:00,9187.0,9230.0,9130.0,9195.0,116348
2015-01-16 00:00:00,9175.0,9229.0,9082.0,9115.0,160290
2015-01-19 00:00:00,9211.0,9260.0,9142.0,9181.0,134142
2015-01-20 00:00:00,9220.0,9269.0,9183.0,9268.0,121592
2015-01-21 00:00:00,9282.0,9316.0,9274.0,9308.0,64253
2015-01-22 00:00:00,9360.0,9404.0,9342.0,9388.0,108180
2015-01-23 00:00:00,9455.0,9488.0,9443.0,9461.0,92808
2015-01-26 00:00:00,9448.0,9478.0,9433.0,9466.0,68310
2015-01-27 00:00:00,9522.0,9539.0,9480.0,9523.0,90397
2015-01-28 00:00:00,9478.0,9534.0,9474.0,9526.0,75013
2015-01-29 00:00:00,9497.0,9502.0,9426.0,9428.0,116368
2015-01-30 00:00:00,9460.0,9472.0,9385.0,9400.0,97244
2015-03-02 00:00:00,9658.0,9683.0,9615.0,9631.0,77036
2015-03-03 00:00:00,9645.0,9658.0,9580.0,9614.0,88385
2015-03-04 00:00:00,9580.0,9638.0,9571.0,9622.0,73997
2015-03-05 00:00:00,9622.0,9632.0,9551.0,9589.0,94585
2015-03-06 00:00:00,9591.0,9644.0,9566.0,9638.0,87662
2015-03-09 00:00:00,9580.0,9595.0,9547.0,9576.0,89409
2015-03-10 00:00:00,9574.0,9585.0,9514.0,9528.0,103983
2015-03-11 00:00:00,9466.0,9544.0,9450.0,9519.0,103946
2015-03-12 00:00:00,9529.0,9609.0,9508.0,9607.0,101568
2015-03-13 00:00:00,9616.0,9634.0,9584.0,9598.0,82971
2015-03-16 00:00:00,9585.0,9594.0,9535.0,9546.0,100282
2015-03-17 00:00:00,9580.0,9644.0,9547.0,9554.0,123433
2015-03-18 00:00:00,9558.0,9649.0,9558.0,9633.0,67737
2015-03-19 00:00:00,9734.0,9769.0,9708.0,9766.0,100024
2015-03-20 00:00:00,9742.0,9770.0,9733.0,9757.0,66890
2015-03-23 00:00:00,9761.0,9769.0,9726.0,9749.0,75804
2015-03-24 00:00:00,9728.0,9755.0,9696.0,9721.0,89879
2015-03-25 00:00:00,9721.0,9731.0,9673.0,9689.0,95109
2015-03-26 00:00:00,9580.0,9635.0,9567.0,9609.0,110206
2015-03-27 00:00:00,9609.0,9628.0,9525.0,9541.0,126327
2015-03-30 00:00:00,9511.0,9562.0,9511.0,9552.0,83437
2015-03-31 00:00:00,9600.0,9610.0,9545.0,9582.0,98624
2015-04-01 00:00:00,9540.0,9552.0,9487.0,9507.0,111444
2015-04-02 00:00:00,9538.0,9630.0,9535.0,9613.0,114119
2015-04-07 00:00:00,9653.0,9660.0,9612.0,9629.0,72558
2015-04-08 00:00:00,9633.0,9635.0,9558.0,9570.0,93175
2015-04-09 00:00:00,9579.0,9676.0,9564.0,9572.0,149624
2015-04-10 00:00:00,9628.0,9665.0,9592.0,9631.0,120457
2015-04-13 00:00:00,9673.0,9683.0,9633.0,9658.0,93462
2015-04-14 00:00:00,9641.0,9672.0,9626.0,9645.0,84520
2015-04-15 00:00:00,9626.0,9654.0,9507.0,9519.0,83539
2015-04-16 00:00:00,9561.0,9649.0,9548.0,9647.0,125788
2015-04-17 00:00:00,9619.0,9629.0,9569.0,9584.0,105924
2015-04-20 00:00:00,9530.0,9583.0,9506.0,9561.0,124844
2015-04-21 00:00:00,9585.0,9613.0,9535.0,9556.0,109112
2015-04-22 00:00:00,9561.0,9636.0,9561.0,9613.0,140112
2015-04-23 00:00:00,9656.0,9854.0,9652.0,9838.0,186347
2015-04-24 00:00:00,9880.0,10000.0,9860.0,9920.0,206172
2015-04-27 00:00:00,9958.0,10031.0,9945.0,10019.0,147811
2015-04-28 00:00:00,10022.0,10033.0,9963.0,9990.0,105272
2015-04-29 00:00:00,9978.0,10022.0,9882.0,9909.0,173931
2015-04-30 00:00:00,9902.0,9930.0,9858.0,9874.0,130960
2015-05-04 00:00:00,9897.0,9911.0,9824.0,9886.0,112699
2015-05-05 00:00:00,9866.0,9878.0,9814.0,9849.0,102568
2015-05-06 00:00:00,9802.0,9865.0,9763.0,9847.0,117999
2015-05-07 00:00:00,9786.0,9808.0,9745.0,9753.0,130534
2015-05-08 00:00:00,9769.0,9783.0,9713.0,9721.0,92550
2015-05-11 00:00:00,9800.0,9814.0,9657.0,9723.0,155184
2015-05-12 00:00:00,9707.0,9748.0,9673.0,9706.0,115207
2015-05-13 00:00:00,9712.0,9776.0,9697.0,9739.0,114681
2015-05-14 00:00:00,9737.0,9741.0,9599.0,9604.0,138661
2015-05-15 00:00:00,9635.0,9642.0,9541.0,9575.0,129471
2015-05-18 00:00:00,9612.0,9614.0,9552.0,9598.0,102650
2015-05-19 00:00:00,9616.0,9723.0,9602.0,9702.0,131463
2015-05-20 00:00:00,9704.0,9725.0,9657.0,9668.0,73133
2015-05-21 00:00:00,9645.0,9648.0,9512.0,9541.0,128659
2015-05-22 00:00:00,9562.0,9649.0,9546.0,9625.0,110540
2015-05-25 00:00:00,9603.0,9640.0,9550.0,9630.0,94010
2015-05-26 00:00:00,9613.0,9725.0,9606.0,9659.0,113898
2015-05-27 00:00:00,9607.0,9698.0,9601.0,9661.0,109490
2015-05-28 00:00:00,9711.0,9750.0,9683.0,9731.0,113114
2015-05-29 00:00:00,9741.0,9765.0,9688.0,9703.0,105530
2015-06-01 00:00:00,9668.0,9713.0,9601.0,9630.0,117845
2015-06-02 00:00:00,9586.0,9639.0,9565.0,9607.0,103681
2015-06-03 00:00:00,9640.0,9648.0,9535.0,9547.0,124180
2015-06-04 00:00:00,9531.0,9553.0,9301.0,9310.0,202135
2015-06-05 00:00:00,9324.0,9347.0,9269.0,9308.0,125037
2015-06-08 00:00:00,9312.0,9404.0,9235.0,9348.0,134575
2015-06-09 00:00:00,9303.0,9346.0,9201.0,9237.0,142752
2015-06-10 00:00:00,9256.0,9328.0,9252.0,9284.0,122486
2015-06-11 00:00:00,9328.0,9333.0,9224.0,9288.0,119493
2015-06-12 00:00:00,9272.0,9314.0,9230.0,9267.0,106398
2015-06-15 00:00:00,9272.0,9318.0,9220.0,9244.0,119565
2015-06-16 00:00:00,9244.0,9258.0,9164.0,9215.0,119914
2015-06-17 00:00:00,9215.0,9237.0,9177.0,9182.0,61706
2015-06-18 00:00:00,9044.0,9078.0,9011.0,9049.0,101634
2015-06-22 00:00:00,9108.0,9203.0,9105.0,9182.0,103562
2015-06-23 00:00:00,9221.0,9268.0,9208.0,9231.0,106239
2015-06-24 00:00:00,9215.0,9248.0,9193.0,9247.0,80540
2015-06-25 00:00:00,9268.0,9370.0,9263.0,9340.0,134204
2015-06-26 00:00:00,9348.0,9348.0,9300.0,9321.0,72218
2015-06-29 00:00:00,9195.0,9222.0,9109.0,9138.0,128844
2015-06-30 00:00:00,9146.0,9217.0,9124.0,9212.0,103641
2015-07-01 00:00:00,9185.0,9319.0,9184.0,9294.0,124416
2015-07-02 00:00:00,9300.0,9325.0,9260.0,9277.0,91473
2015-07-03 00:00:00,9258.0,9305.0,9171.0,9304.0,133033
2015-07-06 00:00:00,9235.0,9297.0,9182.0,9197.0,124973
2015-07-07 00:00:00,9260.0,9303.0,9210.0,9242.0,131787
2015-07-08 00:00:00,9205.0,9210.0,8912.0,8943.0,208496
2015-07-09 00:00:00,8801.0,8939.0,8724.0,8873.0,193187
2015-07-13 00:00:00,8935.0,9005.0,8902.0,8994.0,156806
2015-07-14 00:00:00,9040.0,9084.0,8982.0,8984.0,136144
2015-07-15 00:00:00,9040.0,9078.0,8989.0,9030.0,88463
2015-07-16 00:00:00,8935.0,8983.0,8900.0,8918.0,132945
2015-07-17 00:00:00,8906.0,8935.0,8871.0,8912.0,112382
2015-07-20 00:00:00,8970.0,9027.0,8804.0,8851.0,155272
2015-07-21 00:00:00,8887.0,8940.0,8815.0,8936.0,130287
2015-07-22 00:00:00,8882.0,8883.0,8795.0,8815.0,141837
2015-07-23 00:00:00,8778.0,8822.0,8670.0,8755.0,172952
2015-07-24 00:00:00,8720.0,8740.0,8653.0,8684.0,119108
2015-07-27 00:00:00,8637.0,8670.0,8493.0,8522.0,166804
2015-07-28 00:00:00,8500.0,8591.0,8480.0,8541.0,144721
2015-07-29 00:00:00,8533.0,8548.0,8440.0,8484.0,163354
2015-07-30 00:00:00,8520.0,8632.0,8509.0,8610.0,145799
2015-07-31 00:00:00,8593.0,8606.0,8508.0,8570.0,134719
2015-08-03 00:00:00,8546.0,8548.0,8400.0,8452.0,136785
2015-08-04 00:00:00,8487.0,8552.0,8416.0,8465.0,167590
2015-08-05 00:00:00,8504.0,8547.0,8448.0,8523.0,145106
2015-08-06 00:00:00,8541.0,8579.0,8366.0,8390.0,179725
2015-08-07 00:00:00,8360.0,8423.0,8312.0,8389.0,148962
2015-08-10 00:00:00,8405.0,8461.0,8345.0,8445.0,143249
2015-08-11 00:00:00,8505.0,8556.0,8358.0,8360.0,185332
2015-08-12 00:00:00,8365.0,8390.0,8243.0,8299.0,184836
2015-08-13 00:00:00,8348.0,8363.0,8275.0,8306.0,151639
2015-08-14 00:00:00,8262.0,8334.0,8262.0,8325.0,112509
2015-08-17 00:00:00,8321.0,8330.0,8223.0,8238.0,125957
2015-08-18 00:00:00,8241.0,8276.0,8161.0,8171.0,130582
2015-08-19 00:00:00,8178.0,8179.0,7993.0,8002.0,101864
2015-08-20 00:00:00,7949.0,8040.0,7898.0,7976.0,187942
2015-08-21 00:00:00,7858.0,7887.0,7740.0,7746.0,174438
2015-08-24 00:00:00,7609.0,7676.0,7010.0,7340.0,364785
2015-08-25 00:00:00,7400.0,7606.0,7318.0,7577.0,233175
2015-08-26 00:00:00,7525.0,7678.0,7432.0,7607.0,238178
2015-08-27 00:00:00,7656.0,7729.0,7631.0,7680.0,169791
2015-08-28 00:00:00,7812.0,7902.0,7791.0,7876.0,167248
2015-08-31 00:00:00,7831.0,8034.0,7802.0,7969.0,144165
2015-09-01 00:00:00,7901.0,7964.0,7802.0,7834.0,174196
2015-09-02 00:00:00,7768.0,7997.0,7761.0,7945.0,197665
2015-09-03 00:00:00,7961.0,8003.0,7874.0,7977.0,151197
2015-09-04 00:00:00,7931.0,8039.0,7872.0,7890.0,176043
2015-09-07 00:00:00,7850.0,8008.0,7843.0,7932.0,169579
2015-09-08 00:00:00,7930.0,7979.0,7880.0,7976.0,137093
2015-09-09 00:00:00,8114.0,8340.0,8104.0,8332.0,194442
2015-09-10 00:00:00,8226.0,8292.0,8192.0,8262.0,146244
2015-09-11 00:00:00,8221.0,8295.0,8202.0,8263.0,120481
2015-09-14 00:00:00,8319.0,8340.0,8210.0,8273.0,149956
2015-09-15 00:00:00,8300.0,8333.0,8230.0,8237.0,137170
2015-09-16 00:00:00,8310.0,8358.0,8270.0,8318.0,80906
2015-09-17 00:00:00,8368.0,8478.0,8364.0,8437.0,141074
2015-09-18 00:00:00,8418.0,8459.0,8383.0,8437.0,122478
2015-09-21 00:00:00,8328.0,8335.0,8233.0,8270.0,126365
2015-09-22 00:00:00,8295.0,8340.0,8276.0,8330.0,99115
2015-09-23 00:00:00,8234.0,8250.0,8135.0,8140.0,138538
2015-09-24 00:00:00,8188.0,8219.0,8047.0,8091.0,163890
2015-09-25 00:00:00,8142.0,8152.0,8033.0,8120.0,161413
2015-09-30 00:00:00,8015.0,8178.0,7983.0,8135.0,165188
2015-10-01 00:00:00,8174.0,8330.0,8116.0,8309.0,178858
2015-10-02 00:00:00,8283.0,8319.0,8254.0,8277.0,104901
2015-10-05 00:00:00,8358.0,8377.0,8275.0,8335.0,131099
2015-10-06 00:00:00,8431.0,8478.0,8365.0,8370.0,147140
2015-10-07 00:00:00,8377.0,8497.0,8357.0,8492.0,140147
2015-10-08 00:00:00,8534.0,8544.0,8422.0,8441.0,142571
2015-10-12 00:00:00,8494.0,8580.0,8464.0,8552.0,125543
2015-10-13 00:00:00,8554.0,8575.0,8511.0,8553.0,99975
2015-10-14 00:00:00,8521.0,8554.0,8492.0,8519.0,108262
2015-10-15 00:00:00,8565.0,8668.0,8565.0,8608.0,138824
2015-10-16 00:00:00,8588.0,8627.0,8571.0,8607.0,98558
2015-10-19 00:00:00,8627.0,8670.0,8588.0,8624.0,117062
2015-10-20 00:00:00,8644.0,8663.0,8629.0,8659.0,83770
2015-10-21 00:00:00,8690.0,8704.0,8593.0,8617.0,71803
2015-10-22 00:00:00,8588.0,8633.0,8566.0,8595.0,97736
2015-10-23 00:00:00,8742.0,8752.0,8669.0,8692.0,108905
2015-10-26 00:00:00,8730.0,8765.0,8716.0,8736.0,79592
2015-10-27 00:00:00,8722.0,8728.0,8655.0,8691.0,99136
2015-10-28 00:00:00,8685.0,8710.0,8613.0,8638.0,115433
2015-10-29 00:00:00,8681.0,8685.0,8545.0,8550.0,142670
2015-10-30 00:00:00,8560.0,8600.0,8484.0,8568.0,155466
2015-11-02 00:00:00,8535.0,8598.0,8502.0,8583.0,114793
2015-11-03 00:00:00,8665.0,8740.0,8645.0,8721.0,123033
2015-11-04 00:00:00,8765.0,8900.0,8751.0,8882.0,160402
2015-11-05 00:00:00,8879.0,8899.0,8832.0,8870.0,96100
2015-11-06 00:00:00,8850.0,8858.0,8650.0,8689.0,185282
2015-11-09 00:00:00,8677.0,8748.0,8597.0,8631.0,165493
2015-11-10 00:00:00,8581.0,8592.0,8512.0,8532.0,131070
2015-11-11 00:00:00,8507.0,8549.0,8372.0,8380.0,179202
2015-11-12 00:00:00,8404.0,8461.0,8354.0,8461.0,148495
2015-11-13 00:00:00,8380.0,8472.0,8318.0,8356.0,178126
2015-11-16 00:00:00,8245.0,8307.0,8212.0,8290.0,139331
2015-11-17 00:00:00,8370.0,8490.0,8369.0,8440.0,152201
2015-11-18 00:00:00,8440.0,8450.0,8326.0,8336.0,81613
2015-11-19 00:00:00,8371.0,8460.0,8323.0,8447.0,155548
2015-11-20 00:00:00,8430.0,8475.0,8396.0,8444.0,114281
2015-11-23 00:00:00,8488.0,8511.0,8407.0,8478.0,124827
2015-11-24 00:00:00,8461.0,8494.0,8362.0,8402.0,159334
2015-11-25 00:00:00,8412.0,8418.0,8320.0,8388.0,137748
2015-11-26 00:00:00,8412.0,8525.0,8410.0,8502.0,134327
2015-11-27 00:00:00,8520.0,8534.0,8377.0,8393.0,137736
2015-11-30 00:00:00,8311.0,8345.0,8202.0,8300.0,167237
2015-12-01 00:00:00,8360.0,8463.0,8317.0,8456.0,158141
2015-12-02 00:00:00,8433.0,8510.0,8415.0,8452.0,146804
2015-12-03 00:00:00,8388.0,8490.0,8363.0,8476.0,147876
2015-12-04 00:00:00,8361.0,8410.0,8326.0,8397.0,142112
2015-12-07 00:00:00,8495.0,8550.0,8455.0,8468.0,140025
2015-12-08 00:00:00,8438.0,8451.0,8318.0,8334.0,148126
2015-12-09 00:00:00,8311.0,8328.0,8212.0,8221.0,155405
2015-12-10 00:00:00,8182.0,8208.0,8101.0,8188.0,173415
2015-12-11 00:00:00,8200.0,8220.0,8068.0,8071.0,164753
2015-12-14 00:00:00,7976.0,8065.0,7949.0,8058.0,144310
2015-12-15 00:00:00,8077.0,8137.0,8048.0,8066.0,139344
2015-12-16 00:00:00,8180.0,8209.0,8112.0,8198.0,87705
2015-12-17 00:00:00,8202.0,8303.0,8176.0,8281.0,144410
2015-12-18 00:00:00,8248.0,8319.0,8206.0,8231.0,145205
2015-12-21 00:00:00,8173.0,8283.0,8133.0,8280.0,137963
2015-12-22 00:00:00,8257.0,8297.0,8220.0,8277.0,126517
2015-12-23 00:00:00,8301.0,8347.0,8267.0,8290.0,134900
2015-12-24 00:00:00,8346.0,8388.0,8293.0,8317.0,114489
2015-12-25 00:00:00,8335.0,8378.0,8306.0,8376.0,69641
2015-12-28 00:00:00,8370.0,8394.0,8349.0,8356.0,74401
2015-12-29 00:00:00,8321.0,8347.0,8263.0,8287.0,110566
2015-12-30 00:00:00,8313.0,8329.0,8226.0,8260.0,115891
2015-12-31 00:00:00,8240.0,8300.0,8234.0,8272.0,103781
2016-01-04 00:00:00,8262.0,8294.0,8036.0,8075.0,191331
2016-01-05 00:00:00,8099.0,8130.0,8011.0,8025.0,164756
2016-01-06 00:00:00,8038.0,8048.0,7901.0,7971.0,200598
2016-01-07 00:00:00,7956.0,7971.0,7731.0,7799.0,246399
2016-01-08 00:00:00,7755.0,7884.0,7734.0,7868.0,182333
2016-01-11 00:00:00,7730.0,7793.0,7672.0,7740.0,184748
2016-01-12 00:00:00,7800.0,7808.0,7680.0,7709.0,176648
2016-01-13 00:00:00,7784.0,7849.0,7736.0,7806.0,188268
2016-01-14 00:00:00,7647.0,7724.0,7607.0,7716.0,171850
2016-01-15 00:00:00,7801.0,7809.0,7636.0,7665.0,183418
2016-01-18 00:00:00,7513.0,7828.0,7503.0,7814.0,241486
2016-01-19 00:00:00,7786.0,7868.0,7750.0,7867.0,165954
2016-01-20 00:00:00,7797.0,7804.0,7673.0,7705.0,116624
2016-01-21 00:00:00,7659.0,7706.0,7601.0,7613.0,202230
2016-01-22 00:00:00,7730.0,7752.0,7641.0,7748.0,183045
2016-01-25 00:00:00,7768.0,7881.0,7766.0,7833.0,145944
2016-01-26 00:00:00,7784.0,7810.0,7745.0,7779.0,145032
2016-01-27 00:00:00,7850.0,7859.0,7778.0,7839.0,145619
2016-01-28 00:00:00,7800.0,7903.0,7793.0,7855.0,153244
2016-01-29 00:00:00,7841.0,8073.0,7820.0,8053.0,236477
2016-01-30 00:00:00,8103.0,8167.0,8091.0,8163.0,68665
2016-02-01 00:00:00,8131.0,8150.0,8067.0,8124.0,152839
2016-02-02 00:00:00,8079.0,8149.0,8061.0,8105.0,133729
2016-02-03 00:00:00,8026.0,8085.0,7993.0,8034.0,158007
2016-02-15 00:00:00,7920.0,8068.0,7907.0,8049.0,132682
2016-02-16 00:00:00,8080.0,8232.0,8077.0,8205.0,153558
2016-02-17 00:00:00,8232.0,8251.0,8193.0,8212.0,73251
2016-02-18 00:00:00,8290.0,8332.0,8233.0,8284.0,123075
2016-02-19 00:00:00,8278.0,8318.0,8253.0,8304.0,93479
2016-02-22 00:00:00,8289.0,8404.0,8261.0,8302.0,140771
2016-02-23 00:00:00,8321.0,8331.0,8271.0,8318.0,109053
2016-02-24 00:00:00,8300.0,8382.0,8216.0,8248.0,163799
2016-02-25 00:00:00,8287.0,8375.0,8271.0,8337.0,146795
2016-02-26 00:00:00,8390.0,8416.0,8311.0,8391.0,139525
2016-03-01 00:00:00,8372.0,8484.0,8360.0,8448.0,136259
2016-03-02 00:00:00,8540.0,8575.0,8500.0,8517.0,130846
2016-03-03 00:00:00,8530.0,8606.0,8517.0,8566.0,133529
2016-03-04 00:00:00,8570.0,8618.0,8548.0,8602.0,124749
2016-03-07 00:00:00,8605.0,8685.0,8573.0,8605.0,128900
2016-03-08 00:00:00,8611.0,8620.0,8525.0,8614.0,136044
2016-03-09 00:00:00,8613.0,8632.0,8555.0,8620.0,117377
2016-03-10 00:00:00,8629.0,8676.0,8601.0,8641.0,120396
2016-03-11 00:00:00,8618.0,8707.0,8608.0,8707.0,132707
2016-03-14 00:00:00,8727.0,8778.0,8725.0,8741.0,112139
2016-03-15 00:00:00,8739.0,8750.0,8578.0,8603.0,167109
2016-03-16 00:00:00,8636.0,8705.0,8633.0,8691.0,64232
2016-03-17 00:00:00,8754.0,8819.0,8681.0,8698.0,165522
2016-03-18 00:00:00,8725.0,8779.0,8703.0,8763.0,124958
2016-03-21 00:00:00,8798.0,8810.0,8690.0,8745.0,118631
2016-03-22 00:00:00,8775.0,8776.0,8660.0,8752.0,145545
2016-03-23 00:00:00,8761.0,8787.0,8698.0,8721.0,137212
2016-03-24 00:00:00,8685.0,8751.0,8627.0,8714.0,151791
2016-03-25 00:00:00,8727.0,8759.0,8671.0,8702.0,106496
2016-03-28 00:00:00,8720.0,8733.0,8653.0,8683.0,108424
2016-03-29 00:00:00,8682.0,8697.0,8564.0,8600.0,158070
2016-03-30 00:00:00,8645.0,8747.0,8626.0,8740.0,148145
2016-03-31 00:00:00,8784.0,8815.0,8691.0,8715.0,166161
2016-04-01 00:00:00,8670.0,8694.0,8598.0,8629.0,156482
2016-04-06 00:00:00,8591.0,8599.0,8453.0,8460.0,156407
2016-04-07 00:00:00,8470.0,8493.0,8381.0,8438.0,152741
2016-04-08 00:00:00,8388.0,8500.0,8375.0,8484.0,141629
2016-04-11 00:00:00,8456.0,8530.0,8415.0,8514.0,130911
2016-04-12 00:00:00,8541.0,8584.0,8468.0,8495.0,148275
2016-04-13 00:00:00,8542.0,8644.0,8529.0,8638.0,147192
2016-04-14 00:00:00,8705.0,8724.0,8645.0,8661.0,119974
2016-04-15 00:00:00,8620.0,8719.0,8591.0,8716.0,136854
2016-04-18 00:00:00,8651.0,8684.0,8630.0,8645.0,111226
2016-04-19 00:00:00,8700.0,8748.0,8598.0,8636.0,158491
2016-04-20 00:00:00,8657.0,8684.0,8498.0,8519.0,105896
2016-04-21 00:00:00,8513.0,8535.0,8455.0,8530.0,121720
2016-04-22 00:00:00,8513.0,8560.0,8461.0,8498.0,150062
2016-04-25 00:00:00,8519.0,8540.0,8477.0,8527.0,98787
2016-04-26 00:00:00,8533.0,8619.0,8523.0,8573.0,135704
2016-04-27 00:00:00,8560.0,8590.0,8506.0,8557.0,116757
2016-04-28 00:00:00,8586.0,8599.0,8408.0,8417.0,190019
2016-04-29 00:00:00,8375.0,8400.0,8303.0,8309.0,132260
2016-05-03 00:00:00,8319.0,8330.0,8220.0,8259.0,123157
2016-05-04 00:00:00,8238.0,8257.0,8105.0,8177.0,176592
2016-05-05 00:00:00,8160.0,8181.0,8095.0,8142.0,137990
2016-05-06 00:00:00,8118.0,8140.0,8061.0,8102.0,132563
2016-05-09 00:00:00,8141.0,8160.0,8065.0,8114.0,122435
2016-05-10 00:00:00,8116.0,8180.0,8057.0,8153.0,151146
2016-05-11 00:00:00,8177.0,8192.0,8081.0,8125.0,152178
2016-05-12 00:00:00,8096.0,8155.0,8066.0,8084.0,138711
2016-05-13 00:00:00,8067.0,8075.0,7953.0,8019.0,170540
2016-05-16 00:00:00,8021.0,8085.0,7988.0,8062.0,132897
2016-05-17 00:00:00,8076.0,8152.0,8020.0,8150.0,164654
2016-05-18 00:00:00,8093.0,8153.0,8056.0,8148.0,77042
2016-05-19 00:00:00,8118.0,8130.0,8006.0,8034.0,142629
2016-05-20 00:00:00,8035.0,8125.0,8023.0,8104.0,161767
2016-05-23 00:00:00,8121.0,8355.0,8051.0,8346.0,210720
2016-05-24 00:00:00,8329.0,8345.0,8276.0,8283.0,101231
2016-05-25 00:00:00,8341.0,8412.0,8332.0,8385.0,130270
2016-05-26 00:00:00,8401.0,8408.0,8352.0,8385.0,89102
2016-05-27 00:00:00,8416.0,8468.0,8390.0,8462.0,107120
2016-05-30 00:00:00,8481.0,8533.0,8433.0,8508.0,118598
2016-05-31 00:00:00,8499.0,8545.0,8455.0,8515.0,126395
2016-06-01 00:00:00,8490.0,8590.0,8486.0,8563.0,127418
2016-06-02 00:00:00,8568.0,8610.0,8518.0,8552.0,131250
2016-06-03 00:00:00,8561.0,8585.0,8537.0,8566.0,89927
2016-06-04 00:00:00,8566.0,8590.0,8560.0,8576.0,29951
2016-06-06 00:00:00,8575.0,8655.0,8507.0,8575.0,135249
2016-06-07 00:00:00,8614.0,8684.0,8606.0,8666.0,127819
2016-06-08 00:00:00,8673.0,8742.0,8671.0,8718.0,135065
2016-06-13 00:00:00,8635.0,8636.0,8502.0,8525.0,156484
2016-06-14 00:00:00,8495.0,8578.0,8483.0,8575.0,113683
2016-06-15 00:00:00,8552.0,8607.0,8508.0,8601.0,86838
2016-06-16 00:00:00,8410.0,8410.0,8247.0,8283.0,161494
2016-06-17 00:00:00,8348.0,8431.0,8345.0,8395.0,135050
2016-06-20 00:00:00,8503.0,8520.0,8428.0,8469.0,116528
2016-06-21 00:00:00,8459.0,8525.0,8435.0,8510.0,106832
2016-06-22 00:00:00,8510.0,8530.0,8460.0,8509.0,113230
2016-06-23 00:00:00,8515.0,8526.0,8467.0,8510.0,80671
2016-06-24 00:00:00,8500.0,8553.0,8140.0,8237.0,350484
2016-06-27 00:00:00,8250.0,8339.0,8239.0,8325.0,123131
2016-06-28 00:00:00,8274.0,8387.0,8260.0,8376.0,128666
2016-06-29 00:00:00,8392.0,8493.0,8391.0,8436.0,136847
2016-06-30 00:00:00,8492.0,8542.0,8440.0,8518.0,149910
2016-07-01 00:00:00,8568.0,8638.0,8551.0,8626.0,125937
2016-07-04 00:00:00,8636.0,8679.0,8598.0,8630.0,117023
2016-07-05 00:00:00,8600.0,8635.0,8567.0,8609.0,99016
2016-07-06 00:00:00,8552.0,8559.0,8443.0,8468.0,166638
2016-07-07 00:00:00,8508.0,8571.0,8505.0,8562.0,99013
2016-07-11 00:00:00,8683.0,8748.0,8677.0,8736.0,120241
2016-07-12 00:00:00,8751.0,8795.0,8736.0,8777.0,108508
2016-07-13 00:00:00,8825.0,8837.0,8726.0,8793.0,149460
2016-07-14 00:00:00,8800.0,8841.0,8769.0,8813.0,115361
2016-07-15 00:00:00,8846.0,8925.0,8823.0,8911.0,135980
2016-07-18 00:00:00,8918.0,9001.0,8912.0,8998.0,121872
2016-07-19 00:00:00,9020.0,9035.0,8962.0,9033.0,135725
2016-07-20 00:00:00,9010.0,9042.0,8972.0,9003.0,94642
2016-07-21 00:00:00,8922.0,9009.0,8916.0,8984.0,120520
2016-07-22 00:00:00,8965.0,8984.0,8925.0,8925.0,108745
2016-07-25 00:00:00,8967.0,9027.0,8803.0,8891.0,175723
2016-07-26 00:00:00,8871.0,8970.0,8862.0,8965.0,121917
2016-07-27 00:00:00,9016.0,9049.0,8952.0,8976.0,150067
2016-07-28 00:00:00,8982.0,9027.0,8926.0,8981.0,124950
2016-07-29 00:00:00,9003.0,9014.0,8889.0,8893.0,153817
2016-08-01 00:00:00,8940.0,9043.0,8936.0,9041.0,121841
2016-08-02 00:00:00,9014.0,9035.0,8993.0,9015.0,84612
2016-08-03 00:00:00,8914.0,8972.0,8861.0,8933.0,141402
2016-08-04 00:00:00,8990.0,8992.0,8891.0,8971.0,125262
2016-08-05 00:00:00,8996.0,9074.0,8973.0,9063.0,127647
2016-08-08 00:00:00,9133.0,9148.0,9063.0,9116.0,111631
2016-08-09 00:00:00,9122.0,9145.0,9096.0,9118.0,94114
2016-08-10 00:00:00,9136.0,9167.0,9090.0,9145.0,123597
2016-08-11 00:00:00,9125.0,9159.0,8998.0,9085.0,165714
2016-08-12 00:00:00,9129.0,9149.0,9102.0,9130.0,109885
2016-08-15 00:00:00,9147.0,9161.0,9087.0,9125.0,130933
2016-08-16 00:00:00,9155.0,9156.0,9052.0,9088.0,162847
2016-08-17 00:00:00,9073.0,9123.0,9067.0,9121.0,68207
2016-08-18 00:00:00,9010.0,9059.0,8980.0,9042.0,102776
2016-08-19 00:00:00,9050.0,9109.0,8942.0,8946.0,180514
2016-08-22 00:00:00,8941.0,8949.0,8853.0,8892.0,140625
2016-08-23 00:00:00,8921.0,8988.0,8912.0,8984.0,110642
2016-08-24 00:00:00,9002.0,9023.0,8948.0,8956.0,100206
2016-08-25 00:00:00,8942.0,9073.0,8939.0,9072.0,131838
2016-08-26 00:00:00,9055.0,9090.0,9036.0,9080.0,86770
2016-08-29 00:00:00,9045.0,9075.0,8948.0,9042.0,148143
2016-08-30 00:00:00,9075.0,9085.0,9021.0,9036.0,106337
2016-08-31 00:00:00,9018.0,9060.0,8959.0,8976.0,144241
2016-09-01 00:00:00,8971.0,8980.0,8883.0,8941.0,151424
2016-09-02 00:00:00,8948.0,8973.0,8904.0,8931.0,110392
2016-09-05 00:00:00,9000.0,9067.0,8997.0,9062.0,105105
2016-09-06 00:00:00,9073.0,9160.0,9062.0,9150.0,103692
2016-09-07 00:00:00,9156.0,9262.0,9150.0,9253.0,121479
2016-09-08 00:00:00,9251.0,9253.0,9215.0,9239.0,74430
2016-09-09 00:00:00,9182.0,9184.0,9113.0,9127.0,128752
2016-09-10 00:00:00,8930.0,9001.0,8923.0,8953.0,75595
2016-09-12 00:00:00,8990.0,8994.0,8898.0,8899.0,137444
2016-09-13 00:00:00,8974.0,8979.0,8816.0,8906.0,173830
2016-09-14 00:00:00,8866.0,8942.0,8854.0,8874.0,129885
2016-09-19 00:00:00,8949.0,9158.0,8947.0,9151.0,162262
2016-09-20 00:00:00,9142.0,9164.0,9113.0,9141.0,107397
2016-09-21 00:00:00,9129.0,9224.0,9115.0,9221.0,76502
2016-09-22 00:00:00,9221.0,9262.0,9154.0,9188.0,123322
2016-09-23 00:00:00,9234.0,9248.0,9189.0,9236.0,95279
2016-09-26 00:00:00,9222.0,9226.0,9148.0,9154.0,95532
2016-09-29 00:00:00,9226.0,9297.0,9206.0,9253.0,134752
2016-09-30 00:00:00,9183.0,9206.0,9127.0,9128.0,131337
2016-10-03 00:00:00,9205.0,9230.0,9161.0,9194.0,100555
2016-10-04 00:00:00,9202.0,9259.0,9187.0,9247.0,95262
2016-10-05 00:00:00,9210.0,9266.0,9201.0,9240.0,81576
2016-10-06 00:00:00,9281.0,9283.0,9207.0,9256.0,100967
2016-10-07 00:00:00,9250.0,9269.0,9236.0,9253.0,66389
2016-10-11 00:00:00,9300.0,9343.0,9143.0,9191.0,178389
2016-10-12 00:00:00,9180.0,9274.0,9164.0,9260.0,113440
2016-10-13 00:00:00,9268.0,9282.0,9179.0,9203.0,138511
2016-10-14 00:00:00,9207.0,9224.0,9147.0,9169.0,130516
2016-10-17 00:00:00,9178.0,9193.0,9060.0,9166.0,202913
2016-10-18 00:00:00,9183.0,9218.0,9154.0,9212.0,133283
2016-10-19 00:00:00,9223.0,9300.0,9219.0,9280.0,87933
2016-10-20 00:00:00,9269.0,9295.0,9235.0,9278.0,101510
2016-10-21 00:00:00,9259.0,9322.0,9241.0,9264.0,118712
2016-10-24 00:00:00,9294.0,9325.0,9269.0,9309.0,97060
2016-10-25 00:00:00,9328.0,9394.0,9308.0,9374.0,112280
2016-10-26 00:00:00,9340.0,9363.0,9323.0,9336.0,89110
2016-10-27 00:00:00,9324.0,9348.0,9260.0,9287.0,127682
2016-10-28 00:00:00,9286.0,9313.0,9261.0,9280.0,95640
2016-10-31 00:00:00,9263.0,9300.0,9174.0,9283.0,146504
2016-11-01 00:00:00,9259.0,9292.0,9226.0,9280.0,101255
2016-11-02 00:00:00,9199.0,9225.0,9144.0,9160.0,150857
2016-11-03 00:00:00,9131.0,9160.0,9078.0,9088.0,134541
2016-11-04 00:00:00,9058.0,9094.0,9047.0,9064.0,97483
2016-11-07 00:00:00,9131.0,9200.0,9115.0,9196.0,105071
2016-11-08 00:00:00,9216.0,9230.0,9162.0,9225.0,115585
2016-11-09 00:00:00,9223.0,9307.0,8891.0,8929.0,385514
2016-11-10 00:00:00,9140.0,9192.0,9134.0,9177.0,134067
2016-11-11 00:00:00,9048.0,9057.0,8949.0,8967.0,179369
2016-11-14 00:00:00,8957.0,8988.0,8877.0,8945.0,184246
2016-11-15 00:00:00,8900.0,8975.0,8896.0,8938.0,142410
2016-11-16 00:00:00,8990.0,9034.0,8979.0,8983.0,83943
2016-11-17 00:00:00,8942.0,8965.0,8906.0,8962.0,126400
2016-11-18 00:00:00,8979.0,9006.0,8926.0,8987.0,131675
2016-11-21 00:00:00,8980.0,9026.0,8971.0,9017.0,85149
2016-11-22 00:00:00,9050.0,9164.0,9041.0,9140.0,132590
2016-11-23 00:00:00,9150.0,9192.0,9142.0,9175.0,97048
2016-11-24 00:00:00,9156.0,9165.0,9117.0,9142.0,100734
2016-11-25 00:00:00,9142.0,9192.0,9133.0,9162.0,98602
2016-11-28 00:00:00,9157.0,9248.0,9150.0,9223.0,116679
2016-11-29 00:00:00,9222.0,9238.0,9196.0,9203.0,102746
2016-11-30 00:00:00,9211.0,9245.0,9177.0,9226.0,121118
2016-12-01 00:00:00,9229.0,9279.0,9218.0,9261.0,107733
2016-12-02 00:00:00,9199.0,9200.0,9148.0,9165.0,118876
2016-12-05 00:00:00,9159.0,9183.0,9117.0,9157.0,107414
2016-12-06 00:00:00,9232.0,9285.0,9230.0,9262.0,100307
2016-12-07 00:00:00,9300.0,9305.0,9248.0,9263.0,92062
2016-12-08 00:00:00,9360.0,9370.0,9315.0,9367.0,107870
2016-12-09 00:00:00,9377.0,9399.0,9365.0,9390.0,73814
2016-12-12 00:00:00,9420.0,9440.0,9350.0,9355.0,123782
2016-12-13 00:00:00,9340.0,9381.0,9338.0,9378.0,69542
2016-12-14 00:00:00,9409.0,9413.0,9353.0,9370.0,85638
2016-12-15 00:00:00,9330.0,9374.0,9305.0,9368.0,126853
2016-12-16 00:00:00,9367.0,9370.0,9309.0,9312.0,104771
2016-12-19 00:00:00,9290.0,9317.0,9242.0,9246.0,127172
2016-12-20 00:00:00,9261.0,9266.0,9209.0,9260.0,116914
2016-12-21 00:00:00,9261.0,9269.0,9225.0,9232.0,61153
2016-12-22 00:00:00,9211.0,9222.0,9123.0,9130.0,116265
2016-12-23 00:00:00,9115.0,9147.0,9088.0,9090.0,108536
2016-12-26 00:00:00,9107.0,9131.0,9089.0,9123.0,69849
2016-12-27 00:00:00,9123.0,9130.0,9106.0,9113.0,47698
2016-12-28 00:00:00,9110.0,9213.0,9105.0,9211.0,97287
2016-12-29 00:00:00,9188.0,9211.0,9168.0,9184.0,92408
2016-12-30 00:00:00,9215.0,9282.0,9215.0,9262.0,116957
2017-01-03 00:00:00,9266.0,9282.0,9231.0,9281.0,89282
2017-01-04 00:00:00,9281.0,9295.0,9261.0,9273.0,87462
2017-01-05 00:00:00,9270.0,9354.0,9266.0,9340.0,119149
2017-01-06 00:00:00,9353.0,9375.0,9338.0,9367.0,67027
2017-01-09 00:00:00,9379.0,9409.0,9325.0,9344.0,113565
2017-01-10 00:00:00,9332.0,9350.0,9320.0,9342.0,76021
2017-01-11 00:00:00,9395.0,9396.0,9333.0,9338.0,91651
2017-01-12 00:00:00,9353.0,9433.0,9350.0,9410.0,117651
2017-01-13 00:00:00,9388.0,9397.0,9361.0,9374.0,88034
2017-01-16 00:00:00,9360.0,9362.0,9274.0,9286.0,135414
2017-01-17 00:00:00,9282.0,9344.0,9280.0,9341.0,94530
2017-01-18 00:00:00,9336.0,9349.0,9314.0,9340.0,55499
2017-01-19 00:00:00,9337.0,9342.0,9254.0,9306.0,123137
2017-01-20 00:00:00,9283.0,9338.0,9278.0,9330.0,77047
2017-01-23 00:00:00,9319.0,9423.0,9318.0,9407.0,99777
2017-01-24 00:00:00,9423.0,9464.0,9405.0,9446.0,78935
2017-02-02 00:00:00,9500.0,9510.0,9373.0,9375.0,138242
2017-02-03 00:00:00,9418.0,9458.0,9408.0,9439.0,95766
2017-02-06 00:00:00,9477.0,9533.0,9441.0,9505.0,116954
2017-02-07 00:00:00,9499.0,9525.0,9482.0,9520.0,71159
2017-02-08 00:00:00,9513.0,9535.0,9463.0,9515.0,114482
2017-02-09 00:00:00,9518.0,9579.0,9505.0,9576.0,110690
2017-02-10 00:00:00,9600.0,9681.0,9586.0,9658.0,136883
2017-02-13 00:00:00,9670.0,9705.0,9661.0,9705.0,118488
2017-02-14 00:00:00,9729.0,9758.0,9695.0,9710.0,148146
2017-02-15 00:00:00,9726.0,9801.0,9722.0,9800.0,68161
2017-02-16 00:00:00,9819.0,9852.0,9758.0,9772.0,136500
2017-02-17 00:00:00,9760.0,9786.0,9747.0,9762.0,77496
2017-02-18 00:00:00,9778.0,9789.0,9772.0,9788.0,23312
2017-03-21 00:00:00,9926.0,9980.0,9916.0,9962.0,117665
2017-03-22 00:00:00,9890.0,9907.0,9851.0,9898.0,131137
2017-03-23 00:00:00,9941.0,9952.0,9879.0,9909.0,124574
2017-03-24 00:00:00,9927.0,9928.0,9883.0,9901.0,100432
2017-03-27 00:00:00,9878.0,9917.0,9844.0,9865.0,121135
2017-03-28 00:00:00,9920.0,9927.0,9805.0,9883.0,180278
2017-03-29 00:00:00,9902.0,9904.0,9851.0,9862.0,112257
2017-03-30 00:00:00,9864.0,9888.0,9834.0,9850.0,101697
2017-03-31 00:00:00,9858.0,9872.0,9812.0,9821.0,97954
2017-04-05 00:00:00,9849.0,9968.0,9843.0,9961.0,138318
2017-04-06 00:00:00,9930.0,9941.0,9880.0,9897.0,111709
2017-04-07 00:00:00,9903.0,9905.0,9772.0,9863.0,202548
2017-04-10 00:00:00,9868.0,9892.0,9843.0,9876.0,94012
2017-04-11 00:00:00,9866.0,9895.0,9807.0,9816.0,156736
2017-04-12 00:00:00,9818.0,9830.0,9776.0,9814.0,119614
2017-04-13 00:00:00,9802.0,9869.0,9792.0,9846.0,147700
2017-04-14 00:00:00,9806.0,9808.0,9711.0,9716.0,168301
2017-04-17 00:00:00,9740.0,9754.0,9680.0,9722.0,166226
2017-04-18 00:00:00,9757.0,9772.0,9721.0,9737.0,123870
2017-04-19 00:00:00,9700.0,9707.0,9632.0,9638.0,104812
2017-04-20 00:00:00,9598.0,9640.0,9584.0,9615.0,114520
2017-04-21 00:00:00,9665.0,9706.0,9655.0,9697.0,110196
2017-04-24 00:00:00,9747.0,9766.0,9684.0,9705.0,124863
2017-04-25 00:00:00,9746.0,9827.0,9728.0,9813.0,140137
2017-04-26 00:00:00,9855.0,9871.0,9826.0,9841.0,120562
2017-04-27 00:00:00,9829.0,9850.0,9808.0,9839.0,94948
2017-04-28 00:00:00,9847.0,9884.0,9834.0,9857.0,107661
2017-05-02 00:00:00,9899.0,9950.0,9897.0,9932.0,104635
2017-05-03 00:00:00,9946.0,9966.0,9934.0,9936.0,77543
2017-05-04 00:00:00,9951.0,9965.0,9918.0,9959.0,87102
2017-05-05 00:00:00,9946.0,9951.0,9879.0,9889.0,110276
2017-05-08 00:00:00,9929.0,9959.0,9895.0,9921.0,103607
2017-05-09 00:00:00,9916.0,9994.0,9898.0,9904.0,165930
2017-05-10 00:00:00,9938.0,9959.0,9918.0,9947.0,92446
2017-05-11 00:00:00,9962.0,9997.0,9946.0,9987.0,123805
2017-05-12 00:00:00,9982.0,9996.0,9966.0,9981.0,86535
2017-05-15 00:00:00,9990.0,10031.0,9975.0,10028.0,118391
2017-05-16 00:00:00,10040.0,10054.0,10000.0,10022.0,112096
2017-05-17 00:00:00,9993.0,10022.0,9975.0,10000.0,72780
2017-05-18 00:00:00,9903.0,9958.0,9878.0,9951.0,130546
2017-05-19 00:00:00,9968.0,9973.0,9931.0,9932.0,75363
2017-05-22 00:00:00,9965.0,9980.0,9942.0,9975.0,84227
2017-05-23 00:00:00,9984.0,10017.0,9968.0,9994.0,97438
2017-05-24 00:00:00,10007.0,10030.0,9998.0,10020.0,79667
2017-05-25 00:00:00,10042.0,10110.0,10040.0,10107.0,99562
2017-05-26 00:00:00,10130.0,10131.0,10080.0,10093.0,103748
2017-05-31 00:00:00,10085.0,10105.0,10023.0,10031.0,111055
2017-06-01 00:00:00,10030.0,10075.0,10023.0,10069.0,86130
2017-06-02 00:00:00,10113.0,10137.0,10105.0,10135.0,93461
2017-06-03 00:00:00,10147.0,10160.0,10137.0,10157.0,23927
2017-06-05 00:00:00,10148.0,10207.0,10115.0,10200.0,109207
2017-06-06 00:00:00,10196.0,10206.0,10184.0,10185.0,63197
2017-06-07 00:00:00,10180.0,10229.0,10165.0,10192.0,113720
2017-06-08 00:00:00,10204.0,10218.0,10184.0,10211.0,72661
2017-06-09 00:00:00,10230.0,10252.0,10186.0,10192.0,101940
2017-06-12 00:00:00,10129.0,10159.0,10110.0,10120.0,110070
2017-06-13 00:00:00,10123.0,10143.0,10106.0,10137.0,91633
2017-06-14 00:00:00,10161.0,10165.0,10021.0,10065.0,169231
2017-06-15 00:00:00,10051.0,10075.0,10018.0,10073.0,114510
2017-06-16 00:00:00,10078.0,10159.0,10061.0,10146.0,133595
2017-06-19 00:00:00,10164.0,10251.0,10160.0,10239.0,126148
2017-06-20 00:00:00,10276.0,10353.0,10268.0,10322.0,134420
2017-06-21 00:00:00,10273.0,10371.0,10267.0,10369.0,97063
2017-06-22 00:00:00,10198.0,10234.0,10174.0,10231.0,117671
2017-06-23 00:00:00,10221.0,10245.0,10193.0,10215.0,101667
2017-06-26 00:00:00,10207.0,10395.0,10202.0,10381.0,188289
2017-06-27 00:00:00,10390.0,10412.0,10353.0,10368.0,115847
2017-06-28 00:00:00,10303.0,10342.0,10247.0,10261.0,160947
2017-06-29 00:00:00,10325.0,10356.0,10260.0,10297.0,130102
2017-06-30 00:00:00,10220.0,10263.0,10196.0,10252.0,124850
2017-07-03 00:00:00,10260.0,10289.0,10231.0,10289.0,106319
2017-07-04 00:00:00,10303.0,10306.0,10210.0,10217.0,140257
2017-07-05 00:00:00,10215.0,10304.0,10171.0,10301.0,166870
2017-07-06 00:00:00,10323.0,10329.0,10237.0,10267.0,130726
2017-07-07 00:00:00,10225.0,10246.0,10195.0,10203.0,120431
2017-07-10 00:00:00,10226.0,10242.0,10180.0,10210.0,111481
2017-07-11 00:00:00,10232.0,10356.0,10228.0,10342.0,141931
2017-07-12 00:00:00,10346.0,10383.0,10330.0,10339.0,114330
2017-07-13 00:00:00,10393.0,10442.0,10371.0,10420.0,143543
2017-07-14 00:00:00,10420.0,10424.0,10391.0,10403.0,79383
2017-07-17 00:00:00,10458.0,10480.0,10414.0,10436.0,137588
2017-07-18 00:00:00,10427.0,10466.0,10407.0,10462.0,98247
2017-07-19 00:00:00,10479.0,10541.0,10471.0,10500.0,91415
2017-07-20 00:00:00,10411.0,10420.0,10370.0,10390.0,93671
2017-07-21 00:00:00,10378.0,10383.0,10324.0,10329.0,97427
2017-07-24 00:00:00,10300.0,10364.0,10285.0,10362.0,97402
2017-07-25 00:00:00,10373.0,10387.0,10338.0,10363.0,90979
2017-07-26 00:00:00,10386.0,10421.0,10320.0,10329.0,140086
2017-07-27 00:00:00,10365.0,10462.0,10362.0,10448.0,131417
2017-07-28 00:00:00,10395.0,10403.0,10324.0,10340.0,128958
2017-07-31 00:00:00,10333.0,10363.0,10289.0,10355.0,108339
2017-08-01 00:00:00,10368.0,10424.0,10361.0,10367.0,124991
2017-08-02 00:00:00,10420.0,10471.0,10415.0,10453.0,119144
2017-08-03 00:00:00,10420.0,10430.0,9408.0,10406.0,135087
2017-08-04 00:00:00,10401.0,10456.0,10401.0,10439.0,82751
2017-08-07 00:00:00,10476.0,10539.0,10475.0,10529.0,91398
2017-08-08 00:00:00,10558.0,10567.0,10485.0,10526.0,116754
2017-08-09 00:00:00,10466.0,10497.0,10436.0,10453.0,139249
2017-08-10 00:00:00,10477.0,10484.0,10308.0,10328.0,189091
2017-08-11 00:00:00,10228.0,10326.0,10225.0,10300.0,145659
2017-08-14 00:00:00,10344.0,10357.0,10223.0,10231.0,171611
2017-08-15 00:00:00,10310.0,10331.0,10261.0,10309.0,142199
2017-08-16 00:00:00,10277.0,10319.0,10235.0,10254.0,108128
2017-08-17 00:00:00,10258.0,10324.0,10245.0,10298.0,124653
2017-08-18 00:00:00,10230.0,10265.0,10200.0,10259.0,142737
2017-08-21 00:00:00,10259.0,10280.0,10217.0,10269.0,108968
2017-08-22 00:00:00,10316.0,10369.0,10305.0,10350.0,111527
2017-08-23 00:00:00,10401.0,10414.0,10341.0,10361.0,133332
2017-08-24 00:00:00,10372.0,10460.0,10365.0,10449.0,117763
2017-08-25 00:00:00,10471.0,10490.0,10431.0,10487.0,106737
2017-08-28 00:00:00,10466.0,10515.0,10457.0,10490.0,104313
2017-08-29 00:00:00,10451.0,10478.0,10421.0,10463.0,124977
2017-08-30 00:00:00,10508.0,10552.0,10493.0,10531.0,133868
2017-08-31 00:00:00,10560.0,10581.0,10532.0,10551.0,118821
2017-09-01 00:00:00,10571.0,10598.0,10540.0,10576.0,100581
2017-09-04 00:00:00,10550.0,10579.0,10533.0,10552.0,93022
2017-09-05 00:00:00,10575.0,10590.0,10528.0,10582.0,111648
2017-09-06 00:00:00,10540.0,10570.0,10483.0,10519.0,151864
2017-09-07 00:00:00,10551.0,10568.0,10477.0,10490.0,135940
2017-09-08 00:00:00,10501.0,10571.0,10495.0,10556.0,135862
2017-09-11 00:00:00,10628.0,10635.0,10535.0,10565.0,149476
2017-09-12 00:00:00,10604.0,10614.0,10564.0,10590.0,108726
2017-09-13 00:00:00,10595.0,10603.0,10510.0,10521.0,137962
2017-09-14 00:00:00,10520.0,10545.0,10486.0,10529.0,112018
2017-09-15 00:00:00,10528.0,10570.0,10491.0,10566.0,139760
2017-09-18 00:00:00,10605.0,10649.0,10582.0,10636.0,136401
2017-09-19 00:00:00,10647.0,10658.0,10568.0,10580.0,146041
2017-09-20 00:00:00,10572.0,10585.0,10490.0,10510.0,112339
2017-09-21 00:00:00,10505.0,10583.0,10473.0,10575.0,135327
2017-09-22 00:00:00,10554.0,10568.0,10427.0,10433.0,168874
2017-09-25 00:00:00,10426.0,10453.0,10315.0,10333.0,167936
2017-09-26 00:00:00,10299.0,10369.0,10261.0,10264.0,167202
2017-09-27 00:00:00,10300.0,10340.0,10290.0,10319.0,130608
2017-09-28 00:00:00,10349.0,10350.0,10266.0,10299.0,161794
2017-09-29 00:00:00,10299.0,10328.0,10263.0,10321.0,128676
2017-09-30 00:00:00,10360.0,10394.0,10354.0,10380.0,45435
2017-10-02 00:00:00,10392.0,10458.0,10386.0,10449.0,110414
2017-10-03 00:00:00,10470.0,10475.0,10427.0,10462.0,110520
2017-10-05 00:00:00,10460.0,10519.0,10438.0,10505.0,110479
2017-10-06 00:00:00,10537.0,10542.0,10496.0,10524.0,92459
2017-10-11 00:00:00,10556.0,10648.0,10555.0,10633.0,167230
2017-10-12 00:00:00,10657.0,10705.0,10640.0,10697.0,103406
2017-10-13 00:00:00,10688.0,10713.0,10670.0,10711.0,80576
2017-10-16 00:00:00,10745.0,10763.0,10710.0,10757.0,125324
2017-10-17 00:00:00,10776.0,10781.0,10720.0,10724.0,119600
2017-10-18 00:00:00,10745.0,10783.0,10686.0,10727.0,95719
2017-10-19 00:00:00,10748.0,10800.0,10733.0,10761.0,119912
2017-10-20 00:00:00,10736.0,10764.0,10700.0,10732.0,115444
2017-10-23 00:00:00,10764.0,10786.0,10720.0,10736.0,115411
2017-10-24 00:00:00,10725.0,10758.0,10709.0,10744.0,90267
2017-10-25 00:00:00,10769.0,10782.0,10728.0,10739.0,118851
2017-10-26 00:00:00,10715.0,10750.0,10693.0,10728.0,100701
2017-10-27 00:00:00,10748.0,10792.0,10684.0,10710.0,146685
2017-10-30 00:00:00,10763.0,10820.0,10724.0,10748.0,157841
2017-10-31 00:00:00,10754.0,10800.0,10730.0,10783.0,119823
2017-11-01 00:00:00,10820.0,10826.0,10775.0,10809.0,119466
2017-11-02 00:00:00,10770.0,10806.0,10758.0,10781.0,104964
2017-11-03 00:00:00,10806.0,10810.0,10747.0,10788.0,108240
2017-11-06 00:00:00,10793.0,10828.0,10745.0,10771.0,132222
2017-11-07 00:00:00,10789.0,10825.0,10778.0,10825.0,101729
2017-11-08 00:00:00,10810.0,10824.0,10796.0,10804.0,78467
2017-11-09 00:00:00,10812.0,10823.0,10706.0,10723.0,160617
2017-11-10 00:00:00,10687.0,10737.0,10662.0,10728.0,117845
2017-11-13 00:00:00,10710.0,10726.0,10688.0,10693.0,122834
2017-11-14 00:00:00,10695.0,10715.0,10638.0,10684.0,147006
2017-11-15 00:00:00,10645.0,10658.0,10602.0,10638.0,103668
2017-11-16 00:00:00,10587.0,10634.0,10579.0,10617.0,94296
2017-11-17 00:00:00,10690.0,10710.0,10672.0,10707.0,121593
2017-11-20 00:00:00,10714.0,10719.0,10654.0,10667.0,99690
2017-11-21 00:00:00,10695.0,10788.0,10682.0,10788.0,132592
2017-11-22 00:00:00,10825.0,10877.0,10807.0,10827.0,146144
2017-11-23 00:00:00,10826.0,10857.0,10810.0,10856.0,79595
2017-11-24 00:00:00,10841.0,10856.0,10829.0,10856.0,62301
2017-11-27 00:00:00,10841.0,10848.0,10737.0,10750.0,133131
2017-11-28 00:00:00,10735.0,10753.0,10695.0,10708.0,126732
2017-11-29 00:00:00,10747.0,10763.0,10708.0,10729.0,109461
2017-11-30 00:00:00,10650.0,10658.0,10569.0,10574.0,165880
2017-12-01 00:00:00,10607.0,10664.0,10495.0,10604.0,199655
2017-12-04 00:00:00,10604.0,10651.0,10564.0,10649.0,140764
2017-12-05 00:00:00,10595.0,10627.0,10546.0,10573.0,158257
2017-12-06 00:00:00,10540.0,10557.0,10375.0,10386.0,202074
2017-12-07 00:00:00,10388.0,10427.0,10331.0,10360.0,167939
2017-12-08 00:00:00,10388.0,10413.0,10336.0,10397.0,143627
2017-12-11 00:00:00,10416.0,10497.0,10415.0,10479.0,120409
2017-12-12 00:00:00,10496.0,10498.0,10386.0,10432.0,133771
2017-12-13 00:00:00,10433.0,10475.0,10421.0,10449.0,116735
2017-12-14 00:00:00,10508.0,10582.0,10498.0,10528.0,137554
2017-12-15 00:00:00,10510.0,10515.0,10421.0,10485.0,165569
2017-12-18 00:00:00,10527.0,10531.0,10456.0,10502.0,137457
2017-12-19 00:00:00,10522.0,10530.0,10443.0,10459.0,152949
2017-12-20 00:00:00,10457.0,10509.0,10457.0,10497.0,88577
2017-12-21 00:00:00,10492.0,10539.0,10475.0,10497.0,120042
2017-12-22 00:00:00,10498.0,10535.0,10473.0,10535.0,83929
2017-12-25 00:00:00,10549.0,10564.0,10520.0,10526.0,73249
2017-12-26 00:00:00,10540.0,10541.0,10406.0,10416.0,148599
2017-12-27 00:00:00,10398.0,10485.0,10393.0,10476.0,115742
2017-12-28 00:00:00,10495.0,10593.0,10494.0,10562.0,143604
2017-12-29 00:00:00,10593.0,10644.0,10576.0,10636.0,122636
2018-01-02 00:00:00,10629.0,10710.0,10621.0,10709.0,108602
2018-01-03 00:00:00,10748.0,10797.0,10729.0,10789.0,120998
2018-01-04 00:00:00,10831.0,10840.0,10770.0,10837.0,119190
2018-01-05 00:00:00,10838.0,10867.0,10801.0,10857.0,110637
2018-01-08 00:00:00,10886.0,10900.0,10843.0,10886.0,106537
2018-01-09 00:00:00,10889.0,10909.0,10850.0,10881.0,97025
2018-01-10 00:00:00,10885.0,10904.0,10806.0,10809.0,132570
2018-01-11 00:00:00,10808.0,10834.0,10765.0,10801.0,135869
2018-01-12 00:00:00,10824.0,10898.0,10818.0,10876.0,124266
2018-01-15 00:00:00,10930.0,10958.0,10902.0,10955.0,134712
2018-01-16 00:00:00,10939.0,10986.0,10918.0,10983.0,118376
2018-01-17 00:00:00,10955.0,11024.0,10940.0,11020.0,85210
2018-01-18 00:00:00,11063.0,11137.0,11036.0,11054.0,179169
2018-01-19 00:00:00,11096.0,11142.0,11080.0,11139.0,106496
2018-01-22 00:00:00,11136.0,11225.0,11113.0,11222.0,139799
2018-01-23 00:00:00,11241.0,11253.0,11181.0,11225.0,152547
2018-01-24 00:00:00,11199.0,11203.0,11090.0,11126.0,171874
2018-01-25 00:00:00,11117.0,11271.0,11116.0,11154.0,207680
2018-01-26 00:00:00,11170.0,11186.0,11079.0,11146.0,172894
2018-01-29 00:00:00,11215.0,11238.0,11155.0,11196.0,139210
2018-01-30 00:00:00,11164.0,11190.0,11064.0,11064.0,176699
2018-01-31 00:00:00,11050.0,11144.0,11017.0,11098.0,190849
2018-02-01 00:00:00,11127.0,11199.0,11112.0,11160.0,141148
2018-02-02 00:00:00,11111.0,11132.0,11041.0,11116.0,176534
2018-02-05 00:00:00,10888.0,10952.0,10848.0,10928.0,185574
2018-02-06 00:00:00,10643.0,10663.0,10242.0,10399.0,409245
2018-02-07 00:00:00,10600.0,10669.0,10510.0,10517.0,236946
2018-02-08 00:00:00,10526.0,10595.0,10492.0,10518.0,182147
2018-02-09 00:00:00,10203.0,10368.0,10121.0,10353.0,257335
2018-02-12 00:00:00,10420.0,10438.0,10377.0,10410.0,151528
2018-03-16 00:00:00,11038.0,11043.0,10923.0,11018.0,189713
2018-03-19 00:00:00,10975.0,11054.0,10959.0,11028.0,151802
2018-03-20 00:00:00,10973.0,11025.0,10957.0,11012.0,123903
2018-03-21 00:00:00,11030.0,11073.0,11011.0,11044.0,80714
2018-03-22 00:00:00,11036.0,11122.0,10961.0,10989.0,192263
2018-03-23 00:00:00,10730.0,10816.0,10718.0,10734.0,178593
2018-03-26 00:00:00,10693.0,10847.0,10682.0,10840.0,147862
2018-03-27 00:00:00,10948.0,10991.0,10906.0,10989.0,131507
2018-03-28 00:00:00,10879.0,10910.0,10809.0,10820.0,155315
2018-03-29 00:00:00,10830.0,10859.0,10773.0,10840.0,149221
2018-03-30 00:00:00,10921.0,10974.0,10904.0,10919.0,111968
2018-03-31 00:00:00,10947.0,10949.0,10912.0,10926.0,24169
2018-04-02 00:00:00,10920.0,10958.0,10843.0,10865.0,137934
2018-04-03 00:00:00,10774.0,10807.0,10738.0,10784.0,133955
2018-04-09 00:00:00,10838.0,10911.0,10813.0,10904.0,155952
2018-04-10 00:00:00,10874.0,10993.0,10852.0,10949.0,172575
2018-04-11 00:00:00,10959.0,11007.0,10948.0,10979.0,119383
2018-04-12 00:00:00,10993.0,11024.0,10905.0,10943.0,145737
2018-04-13 00:00:00,10966.0,10988.0,10920.0,10955.0,118585
2018-04-16 00:00:00,10975.0,10976.0,10908.0,10943.0,145646
2018-04-17 00:00:00,10958.0,10963.0,10802.0,10806.0,156247
2018-04-18 00:00:00,10849.0,10909.0,10789.0,10845.0,106426
2018-04-19 00:00:00,10856.0,10975.0,10852.0,10969.0,147058
2018-04-20 00:00:00,10869.0,10870.0,10776.0,10788.0,168412
2018-04-23 00:00:00,10731.0,10767.0,10687.0,10694.0,143144
2018-04-24 00:00:00,10692.0,10694.0,10547.0,10583.0,185925
2018-04-25 00:00:00,10487.0,10558.0,10468.0,10535.0,167276
2018-04-26 00:00:00,10601.0,10621.0,10470.0,10476.0,173837
2018-04-27 00:00:00,10561.0,10565.0,10483.0,10561.0,138888
2018-04-30 00:00:00,10593.0,10655.0,10537.0,10655.0,132890
2018-05-02 00:00:00,10631.0,10670.0,10597.0,10609.0,119121
2018-05-03 00:00:00,10560.0,10575.0,10488.0,10506.0,145487
2018-05-04 00:00:00,10506.0,10544.0,10468.0,10523.0,146168
2018-05-07 00:00:00,10599.0,10615.0,10529.0,10595.0,139344
2018-05-08 00:00:00,10597.0,10672.0,10580.0,10669.0,120547
2018-05-09 00:00:00,10685.0,10731.0,10666.0,10704.0,138372
2018-05-10 00:00:00,10732.0,10771.0,10723.0,10763.0,117424
2018-05-11 00:00:00,10819.0,10865.0,10806.0,10861.0,127629
2018-05-14 00:00:00,10926.0,10968.0,10891.0,10958.0,132634
2018-05-15 00:00:00,10946.0,10961.0,10857.0,10869.0,137727
2018-05-16 00:00:00,10845.0,10907.0,10839.0,10872.0,89647
2018-05-17 00:00:00,10920.0,10928.0,10823.0,10826.0,126166
2018-05-18 00:00:00,10834.0,10873.0,10805.0,10820.0,109398
2018-05-21 00:00:00,10865.0,10966.0,10863.0,10965.0,101176
2018-05-22 00:00:00,10969.0,10999.0,10913.0,10922.0,114865
2018-05-23 00:00:00,10933.0,10998.0,10855.0,10858.0,138032
2018-05-24 00:00:00,10879.0,10923.0,10851.0,10917.0,113285
2018-05-25 00:00:00,10921.0,10956.0,10890.0,10932.0,107432
2018-05-28 00:00:00,10979.0,10989.0,10937.0,10983.0,93268
2018-05-29 00:00:00,10979.0,10982.0,10896.0,10928.0,119010
2018-05-30 00:00:00,10833.0,10848.0,10761.0,10775.0,151570
2018-05-31 00:00:00,10836.0,10870.0,10821.0,10867.0,124660
2018-06-01 00:00:00,10854.0,10925.0,10844.0,10915.0,111930
2018-06-04 00:00:00,10976.0,11095.0,10976.0,11085.0,109687
2018-06-05 00:00:00,11101.0,11118.0,11035.0,11069.0,119504
2018-06-06 00:00:00,11095.0,11210.0,11088.0,11200.0,134205
2018-06-07 00:00:00,11245.0,11253.0,11174.0,11227.0,127407
2018-06-08 00:00:00,11205.0,11215.0,11103.0,11125.0,122509
2018-06-11 00:00:00,11151.0,11173.0,11098.0,11128.0,104423
2018-06-12 00:00:00,11148.0,11152.0,11054.0,11141.0,159832
2018-06-13 00:00:00,11152.0,11169.0,11095.0,11146.0,114215
2018-06-14 00:00:00,11101.0,11106.0,10984.0,10985.0,143124
2018-06-15 00:00:00,11001.0,11075.0,10961.0,11055.0,145449
2018-06-19 00:00:00,10943.0,10958.0,10871.0,10874.0,170249
2018-06-20 00:00:00,10904.0,10951.0,10850.0,10936.0,109099
2018-06-21 00:00:00,10725.0,10745.0,10688.0,10706.0,130352
2018-06-22 00:00:00,10630.0,10685.0,10581.0,10655.0,141860
2018-06-25 00:00:00,10624.0,10660.0,10583.0,10584.0,122274
2018-06-26 00:00:00,10550.0,10596.0,10484.0,10592.0,167431
2018-06-27 00:00:00,10585.0,10625.0,10538.0,10554.0,134481
2018-06-28 00:00:00,10513.0,10578.0,10484.0,10523.0,150442
2018-06-29 00:00:00,10541.0,10692.0,10526.0,10677.0,155640
2018-07-02 00:00:00,10680.0,10719.0,10609.0,10611.0,141723
2018-07-03 00:00:00,10651.0,10717.0,10544.0,10622.0,221125
2018-07-04 00:00:00,10598.0,10639.0,10584.0,10618.0,130994
2018-07-05 00:00:00,10625.0,10633.0,10488.0,10500.0,191745
2018-07-06 00:00:00,10535.0,10556.0,10414.0,10539.0,218771
2018-07-09 00:00:00,10583.0,10676.0,10582.0,10661.0,147171
2018-07-10 00:00:00,10733.0,10744.0,10680.0,10709.0,122142
2018-07-11 00:00:00,10608.0,10656.0,10574.0,10617.0,177783
2018-07-12 00:00:00,10640.0,10750.0,10609.0,10740.0,147260
2018-07-13 00:00:00,10808.0,10850.0,10768.0,10848.0,133034
2018-07-16 00:00:00,10854.0,10874.0,10807.0,10815.0,137166
2018-07-17 00:00:00,10809.0,10819.0,10756.0,10768.0,150847
2018-07-18 00:00:00,10829.0,10872.0,10791.0,10844.0,89274
2018-07-19 00:00:00,10756.0,10792.0,10708.0,10721.0,142334
2018-07-20 00:00:00,10774.0,10847.0,10765.0,10824.0,191859
2018-07-23 00:00:00,10846.0,10864.0,10794.0,10830.0,142476
2018-07-24 00:00:00,10841.0,10880.0,10802.0,10871.0,115304
2018-07-25 00:00:00,10860.0,10892.0,10851.0,10865.0,96247
2018-07-26 00:00:00,10909.0,10926.0,10873.0,10915.0,117119
2018-07-27 00:00:00,10928.0,10995.0,10918.0,10992.0,111649
2018-07-30 00:00:00,10970.0,11007.0,10937.0,10940.0,117666
2018-07-31 00:00:00,10931.0,10997.0,10913.0,10989.0,116649
2018-08-01 00:00:00,11034.0,11057.0,11010.0,11047.0,96117
2018-08-02 00:00:00,11048.0,11048.0,10862.0,10871.0,168828
2018-08-03 00:00:00,10934.0,10977.0,10928.0,10970.0,107878
2018-08-06 00:00:00,10990.0,11036.0,10956.0,10982.0,133767
2018-08-07 00:00:00,10986.0,11003.0,10951.0,10968.0,104241
2018-08-08 00:00:00,11000.0,11070.0,10997.0,11049.0,115922
2018-08-09 00:00:00,11031.0,11038.0,10969.0,11017.0,118059
2018-08-10 00:00:00,10970.0,11022.0,10953.0,10959.0,121790
2018-08-13 00:00:00,10909.0,10912.0,10692.0,10757.0,228396
2018-08-14 00:00:00,10791.0,10831.0,10756.0,10820.0,145603
2018-08-15 00:00:00,10835.0,10841.0,10696.0,10737.0,112549
2018-08-16 00:00:00,10610.0,10724.0,10591.0,10690.0,160436
2018-08-17 00:00:00,10723.0,10732.0,10647.0,10662.0,118840
2018-08-20 00:00:00,10687.0,10715.0,10652.0,10671.0,120121
2018-08-21 00:00:00,10698.0,10774.0,10682.0,10767.0,126191
2018-08-22 00:00:00,10752.0,10795.0,10733.0,10764.0,124070
2018-08-23 00:00:00,10795.0,10845.0,10758.0,10842.0,150200
2018-08-24 00:00:00,10811.0,10830.0,10728.0,10788.0,143666
2018-08-27 00:00:00,10831.0,10892.0,10820.0,10886.0,127704
2018-08-28 00:00:00,10945.0,10980.0,10935.0,10954.0,115627
2018-08-29 00:00:00,10977.0,11049.0,10968.0,11044.0,130889
2018-08-30 00:00:00,11088.0,11135.0,11019.0,11023.0,160151
2018-08-31 00:00:00,10975.0,11024.0,10953.0,11022.0,136261
2018-09-03 00:00:00,11013.0,11045.0,10919.0,10935.0,141943
2018-09-04 00:00:00,10963.0,11004.0,10935.0,11002.0,131455
2018-09-05 00:00:00,10973.0,11021.0,10948.0,10950.0,151692
2018-09-06 00:00:00,10920.0,10950.0,10865.0,10901.0,165409
2018-09-07 00:00:00,10864.0,10892.0,10803.0,10845.0,178235
2018-09-10 00:00:00,10865.0,10880.0,10708.0,10734.0,198790
2018-09-11 00:00:00,10758.0,10767.0,10682.0,10740.0,171082
2018-09-12 00:00:00,10762.0,10772.0,10687.0,10726.0,161851
2018-09-13 00:00:00,10740.0,10779.0,10709.0,10717.0,140045
2018-09-14 00:00:00,10784.0,10887.0,10771.0,10881.0,167546
2018-09-17 00:00:00,10857.0,10868.0,10810.0,10823.0,130683
2018-09-18 00:00:00,10787.0,10818.0,10761.0,10781.0,155686
2018-09-19 00:00:00,10836.0,10875.0,10819.0,10873.0,70379
2018-09-20 00:00:00,10910.0,10922.0,10824.0,10848.0,147069
2018-09-21 00:00:00,10905.0,10976.0,10854.0,10974.0,160951
2018-09-25 00:00:00,10960.0,10996.0,10935.0,10981.0,98858
2018-09-26 00:00:00,10963.0,10991.0,10949.0,10972.0,107637
2018-09-27 00:00:00,10955.0,11011.0,10936.0,10982.0,136789
2018-09-28 00:00:00,11011.0,11039.0,10921.0,10955.0,162520
2018-10-01 00:00:00,10968.0,11018.0,10966.0,11006.0,89433
2018-10-02 00:00:00,11006.0,11011.0,10873.0,10879.0,156457
2018-10-03 00:00:00,10880.0,10914.0,10845.0,10856.0,136321
2018-10-04 00:00:00,10823.0,10830.0,10688.0,10694.0,160072
2018-10-05 00:00:00,10658.0,10673.0,10431.0,10506.0,256183
2018-10-08 00:00:00,10470.0,10530.0,10416.0,10461.0,174770
2018-10-09 00:00:00,10491.0,10508.0,10447.0,10460.0,153437
2018-10-11 00:00:00,10026.0,10080.0,9630.0,9642.0,348653
2018-10-12 00:00:00,9736.0,10021.0,9683.0,9948.0,251156
2018-10-15 00:00:00,9899.0,9927.0,9854.0,9860.0,164909
2018-10-16 00:00:00,9885.0,9992.0,9868.0,9951.0,197823
2018-10-17 00:00:00,10082.0,10114.0,9987.0,9993.0,106223
2018-10-18 00:00:00,9923.0,9986.0,9878.0,9884.0,151011
2018-10-19 00:00:00,9753.0,9914.0,9747.0,9905.0,179393
2018-10-22 00:00:00,9813.0,9972.0,9761.0,9935.0,178167
2018-10-23 00:00:00,9825.0,9849.0,9723.0,9728.0,186988
2018-10-24 00:00:00,9753.0,9791.0,9623.0,9715.0,221429
2018-10-25 00:00:00,9423.0,9557.0,9414.0,9486.0,205902
2018-10-26 00:00:00,9547.0,9573.0,9339.0,9424.0,241595
2018-10-29 00:00:00,9527.0,9539.0,9428.0,9473.0,162497
2018-10-30 00:00:00,9465.0,9564.0,9463.0,9524.0,169621
2018-10-31 00:00:00,9595.0,9748.0,9590.0,9724.0,166496
2018-11-01 00:00:00,9750.0,9827.0,9705.0,9787.0,140555
2018-11-02 00:00:00,9868.0,9884.0,9791.0,9874.0,153413
2018-11-05 00:00:00,9803.0,9824.0,9741.0,9817.0,145973
2018-11-06 00:00:00,9849.0,9867.0,9746.0,9774.0,122426
2018-11-07 00:00:00,9785.0,9890.0,9780.0,9848.0,154891
2018-11-08 00:00:00,9980.0,10000.0,9906.0,9924.0,115590
2018-11-09 00:00:00,9897.0,9899.0,9754.0,9789.0,138795
2018-11-12 00:00:00,9750.0,9864.0,9741.0,9812.0,115102
2018-11-13 00:00:00,9600.0,9758.0,9528.0,9728.0,170110
2018-11-14 00:00:00,9768.0,9798.0,9731.0,9769.0,111585
2018-11-15 00:00:00,9790.0,9837.0,9708.0,9827.0,155283
2018-11-16 00:00:00,9877.0,9903.0,9756.0,9783.0,147344
2018-11-19 00:00:00,9802.0,9838.0,9778.0,9819.0,111237
2018-11-20 00:00:00,9755.0,9808.0,9703.0,9732.0,150456
2018-11-21 00:00:00,9661.0,9760.0,9624.0,9743.0,75719
2018-11-22 00:00:00,9766.0,9769.0,9700.0,9714.0,91042
2018-11-23 00:00:00,9715.0,9733.0,9613.0,9620.0,113555
2018-11-26 00:00:00,9668.0,9850.0,9656.0,9768.0,147457
2018-11-27 00:00:00,9727.0,9755.0,9644.0,9741.0,133623
2018-11-28 00:00:00,9780.0,9880.0,9732.0,9870.0,147701
2018-11-29 00:00:00,9984.0,9989.0,9861.0,9877.0,130827
2018-11-30 00:00:00,9900.0,9935.0,9847.0,9853.0,121317
2018-12-03 00:00:00,10012.0,10156.0,9996.0,10122.0,135162
2018-12-04 00:00:00,10080.0,10094.0,10033.0,10042.0,105118
2018-12-05 00:00:00,9900.0,9946.0,9863.0,9878.0,129691
2018-12-06 00:00:00,9813.0,9814.0,9626.0,9674.0,164887
2018-12-07 00:00:00,9735.0,9763.0,9689.0,9746.0,105451
2018-12-10 00:00:00,9565.0,9680.0,9560.0,9626.0,116350
2018-12-11 00:00:00,9654.0,9698.0,9625.0,9687.0,114010
2018-12-12 00:00:00,9759.0,9827.0,9725.0,9818.0,132304
2018-12-13 00:00:00,9831.0,9872.0,9790.0,9856.0,109467
2018-12-14 00:00:00,9805.0,9809.0,9676.0,9730.0,145379
2018-12-17 00:00:00,9753.0,9826.0,9722.0,9790.0,127930
2018-12-18 00:00:00,9718.0,9755.0,9688.0,9718.0,144686
2018-12-19 00:00:00,9758.0,9778.0,9728.0,9768.0,54588
2018-12-20 00:00:00,9638.0,9709.0,9610.0,9641.0,141731
2018-12-21 00:00:00,9624.0,9668.0,9556.0,9660.0,122129
2018-12-22 00:00:00,9580.0,9615.0,9575.0,9585.0,23776
2018-12-24 00:00:00,9603.0,9627.0,9587.0,9620.0,89050
2018-12-25 00:00:00,9480.0,9487.0,9410.0,9477.0,99787
2018-12-26 00:00:00,9523.0,9555.0,9438.0,9459.0,116623
2018-12-27 00:00:00,9589.0,9655.0,9566.0,9633.0,124097
2018-12-28 00:00:00,9630.0,9680.0,9622.0,9671.0,92809
2019-01-02 00:00:00,9760.0,9762.0,9506.0,9536.0,165922
2019-01-03 00:00:00,9488.0,9547.0,9433.0,9440.0,130686
2019-01-04 00:00:00,9367.0,9410.0,9305.0,9367.0,168796
2019-01-07 00:00:00,9541.0,9588.0,9490.0,9563.0,145208
2019-01-08 00:00:00,9600.0,9611.0,9532.0,9561.0,121996
2019-01-09 00:00:00,9608.0,9755.0,9602.0,9708.0,161013
2019-01-10 00:00:00,9710.0,9713.0,9673.0,9694.0,96870
2019-01-11 00:00:00,9760.0,9803.0,9724.0,9750.0,137362
2019-01-14 00:00:00,9738.0,9756.0,9660.0,9691.0,133304
2019-01-15 00:00:00,9743.0,9817.0,9715.0,9793.0,158065
2019-01-16 00:00:00,9781.0,9804.0,9755.0,9784.0,62359
2019-01-17 00:00:00,9777.0,9834.0,9721.0,9779.0,142688
2019-01-18 00:00:00,9825.0,9846.0,9770.0,9820.0,115290
2019-01-21 00:00:00,9885.0,9919.0,9856.0,9866.0,119821
2019-01-22 00:00:00,9841.0,9868.0,9822.0,9847.0,93410
2019-01-23 00:00:00,9830.0,9860.0,9807.0,9818.0,106263
2019-01-24 00:00:00,9833.0,9884.0,9820.0,9863.0,104491
2019-01-25 00:00:00,9928.0,9989.0,9911.0,9968.0,116395
2019-01-28 00:00:00,10000.0,10018.0,9975.0,9985.0,81405
2019-01-29 00:00:00,9932.0,9936.0,9880.0,9923.0,113746
2019-01-30 00:00:00,9925.0,9956.0,9896.0,9926.0,83963
2019-03-11 00:00:00,10170.0,10234.0,10168.0,10229.0,78910
2019-03-12 00:00:00,10301.0,10385.0,10300.0,10348.0,109945
2019-03-13 00:00:00,10325.0,10365.0,10305.0,10365.0,100182
2019-03-14 00:00:00,10390.0,10392.0,10322.0,10338.0,92686
2019-03-15 00:00:00,10355.0,10430.0,10347.0,10414.0,116100
2019-03-18 00:00:00,10437.0,10487.0,10420.0,10477.0,104180
2019-03-19 00:00:00,10483.0,10511.0,10461.0,10501.0,101703
2019-03-20 00:00:00,10493.0,10549.0,10492.0,10545.0,56166
2019-03-21 00:00:00,10538.0,10593.0,10532.0,10590.0,90838
2019-03-22 00:00:00,10645.0,10659.0,10560.0,10613.0,107634
2019-03-25 00:00:00,10478.0,10486.0,10423.0,10438.0,100215
2019-03-26 00:00:00,10482.0,10538.0,10480.0,10522.0,87187
2019-03-27 00:00:00,10506.0,10533.0,10473.0,10520.0,88500
2019-03-28 00:00:00,10450.0,10515.0,10444.0,10493.0,83464
2019-03-29 00:00:00,10551.0,10600.0,10476.0,10598.0,128163
2019-04-01 00:00:00,10679.0,10715.0,10615.0,10638.0,114429
2019-04-02 00:00:00,10688.0,10704.0,10668.0,10676.0,78347
2019-04-03 00:00:00,10688.0,10728.0,10671.0,10693.0,93675
2019-04-08 00:00:00,10779.0,10795.0,10745.0,10770.0,92630
2019-04-09 00:00:00,10801.0,10848.0,10782.0,10843.0,70930
2019-04-10 00:00:00,10820.0,10869.0,10812.0,10862.0,69994
2019-04-11 00:00:00,10868.0,10885.0,10775.0,10806.0,110887
2019-04-12 00:00:00,10818.0,10831.0,10782.0,10802.0,85901
2019-04-15 00:00:00,10865.0,10895.0,10843.0,10876.0,100286
2019-04-16 00:00:00,10870.0,10932.0,10863.0,10931.0,104554
2019-04-17 00:00:00,10954.0,11010.0,10948.0,11004.0,63683
2019-04-18 00:00:00,11022.0,11039.0,10920.0,10939.0,117490
2019-04-19 00:00:00,11020.0,11036.0,10954.0,10972.0,88747
2019-04-22 00:00:00,11008.0,11030.0,10958.0,10978.0,77384
2019-04-23 00:00:00,10988.0,11024.0,10934.0,11024.0,103861
2019-04-24 00:00:00,11050.0,11057.0,10970.0,11009.0,108063
2019-04-25 00:00:00,10990.0,11041.0,10977.0,11031.0,86847
2019-04-26 00:00:00,10962.0,10972.0,10900.0,10933.0,118536
2019-04-29 00:00:00,10959.0,10978.0,10902.0,10932.0,90107
2019-04-30 00:00:00,10912.0,10961.0,10883.0,10952.0,99311
2019-05-02 00:00:00,10947.0,11033.0,10933.0,10978.0,110504
2019-05-03 00:00:00,10992.0,11094.0,10975.0,11092.0,105128
2019-05-06 00:00:00,10980.0,10980.0,10821.0,10857.0,157627
2019-05-07 00:00:00,10900.0,10996.0,10900.0,10970.0,112695
2019-05-08 00:00:00,10849.0,10943.0,10841.0,10893.0,122471
2019-05-09 00:00:00,10854.0,10866.0,10716.0,10746.0,163378
2019-05-10 00:00:00,10750.0,10850.0,10646.0,10745.0,244648
2019-05-13 00:00:00,10686.0,10708.0,10565.0,10576.0,166126
2019-05-14 00:00:00,10425.0,10571.0,10399.0,10532.0,182739
2019-05-15 00:00:00,10539.0,10609.0,10513.0,10579.0,84213
2019-05-16 00:00:00,10537.0,10574.0,10483.0,10488.0,136852
2019-05-17 00:00:00,10562.0,10566.0,10406.0,10411.0,148067
2019-05-20 00:00:00,10442.0,10485.0,10405.0,10433.0,138410
2019-05-21 00:00:00,10398.0,10502.0,10378.0,10487.0,139337
2019-05-22 00:00:00,10471.0,10515.0,10453.0,10480.0,116942
2019-05-23 00:00:00,10422.0,10424.0,10285.0,10310.0,140826
2019-05-24 00:00:00,10316.0,10386.0,10315.0,10344.0,110221
2019-05-27 00:00:00,10350.0,10390.0,10284.0,10333.0,103116
2019-05-28 00:00:00,10369.0,10374.0,10309.0,10340.0,87667
2019-05-29 00:00:00,10220.0,10295.0,10218.0,10291.0,94603
2019-05-30 00:00:00,10311.0,10382.0,10279.0,10367.0,118886
2019-05-31 00:00:00,10332.0,10493.0,10330.0,10455.0,132616
2019-06-03 00:00:00,10431.0,10477.0,10366.0,10471.0,129111
2019-06-04 00:00:00,10461.0,10483.0,10401.0,10416.0,91946
2019-06-05 00:00:00,10495.0,10510.0,10439.0,10456.0,101638
2019-06-06 00:00:00,10433.0,10437.0,10351.0,10360.0,112358
2019-06-10 00:00:00,10477.0,10546.0,10442.0,10539.0,122498
2019-06-11 00:00:00,10555.0,10618.0,10533.0,10592.0,102065
2019-06-12 00:00:00,10587.0,10611.0,10564.0,10592.0,88158
2019-06-13 00:00:00,10561.0,10589.0,10497.0,10529.0,115701
2019-06-14 00:00:00,10534.0,10558.0,10516.0,10529.0,87499
2019-06-17 00:00:00,10477.0,10565.0,10460.0,10545.0,126622
2019-06-18 00:00:00,10539.0,10576.0,10526.0,10553.0,89907
2019-06-19 00:00:00,10680.0,10800.0,10667.0,10770.0,82967
2019-06-20 00:00:00,10575.0,10605.0,10558.0,10591.0,82664
2019-06-21 00:00:00,10628.0,10641.0,10564.0,10585.0,96638
2019-06-24 00:00:00,10605.0,10647.0,10553.0,10623.0,91686
2019-06-25 00:00:00,10620.0,10630.0,10523.0,10540.0,99176
2019-06-26 00:00:00,10525.0,10541.0,10499.0,10503.0,84635
2019-06-27 00:00:00,10535.0,10642.0,10532.0,10622.0,107467
2019-06-28 00:00:00,10621.0,10627.0,10550.0,10580.0,82329
2019-07-01 00:00:00,10707.0,10780.0,10693.0,10767.0,97751
2019-07-02 00:00:00,10738.0,10766.0,10729.0,10749.0,61053
2019-07-03 00:00:00,10733.0,10741.0,10202.0,10641.0,110757
2019-07-04 00:00:00,10691.0,10729.0,10677.0,10710.0,77799
2019-07-05 00:00:00,10713.0,10749.0,10682.0,10718.0,77791
2019-07-08 00:00:00,10655.0,10711.0,10630.0,10665.0,105869
2019-07-09 00:00:00,10688.0,10699.0,10631.0,10650.0,79635
2019-07-10 00:00:00,10699.0,10741.0,10689.0,10731.0,99635
2019-07-11 00:00:00,10801.0,10833.0,10772.0,10814.0,86527
2019-07-12 00:00:00,10789.0,10830.0,10788.0,10810.0,77492
2019-07-15 00:00:00,10808.0,10860.0,10730.0,10849.0,142849
2019-07-16 00:00:00,10863.0,10892.0,10851.0,10876.0,94778
2019-07-17 00:00:00,10837.0,10855.0,10805.0,10831.0,73472
2019-07-18 00:00:00,10625.0,10676.0,10623.0,10651.0,78967
2019-07-19 00:00:00,10757.0,10792.0,10727.0,10744.0,96597
2019-07-22 00:00:00,10735.0,10798.0,10729.0,10794.0,78276
2019-07-23 00:00:00,10822.0,10836.0,10785.0,10803.0,76794
2019-07-24 00:00:00,10817.0,10835.0,10792.0,10804.0,66376
2019-07-25 00:00:00,10825.0,10831.0,10769.0,10822.0,73933
2019-07-26 00:00:00,10781.0,10795.0,10765.0,10787.0,53262
2019-07-29 00:00:00,10779.0,10802.0,10744.0,10782.0,83205
2019-07-30 00:00:00,10819.0,10836.0,10751.0,10752.0,91827
2019-07-31 00:00:00,10721.0,10743.0,10674.0,10737.0,103963
2019-08-01 00:00:00,10635.0,10697.0,10623.0,10644.0,109370
2019-08-02 00:00:00,10518.0,10535.0,10441.0,10469.0,142909
2019-08-05 00:00:00,10421.0,10460.0,10358.0,10379.0,135670
2019-08-06 00:00:00,10096.0,10387.0,10095.0,10331.0,199053
2019-08-07 00:00:00,10330.0,10375.0,10301.0,10347.0,113948
2019-08-08 00:00:00,10372.0,10454.0,10340.0,10439.0,122318
2019-08-12 00:00:00,10439.0,10477.0,10380.0,10441.0,87087
2019-08-13 00:00:00,10385.0,10400.0,10319.0,10342.0,102839
2019-08-14 00:00:00,10457.0,10492.0,10416.0,10429.0,107891
2019-08-15 00:00:00,10255.0,10335.0,10242.0,10301.0,117015
2019-08-16 00:00:00,10315.0,10421.0,10288.0,10414.0,135144
2019-08-19 00:00:00,10436.0,10489.0,10419.0,10484.0,113319
2019-08-20 00:00:00,10487.0,10530.0,10478.0,10527.0,94358
2019-08-21 00:00:00,10514.0,10544.0,10505.0,10528.0,61159
2019-08-22 00:00:00,10538.0,10564.0,10464.0,10477.0,105769
2019-08-23 00:00:00,10485.0,10513.0,10460.0,10499.0,76901
2019-08-26 00:00:00,10335.0,10367.0,10294.0,10307.0,120532
2019-08-27 00:00:00,10372.0,10390.0,10343.0,10364.0,73290
2019-08-28 00:00:00,10390.0,10438.0,10388.0,10413.0,86584
2019-08-29 00:00:00,10420.0,10442.0,10376.0,10430.0,84003
2019-08-30 00:00:00,10520.0,10584.0,10517.0,10576.0,79713
2019-09-02 00:00:00,10564.0,10615.0,10556.0,10605.0,60427
2019-09-03 00:00:00,10599.0,10632.0,10537.0,10543.0,91892
2019-09-04 00:00:00,10563.0,10657.0,10558.0,10644.0,86712
2019-09-05 00:00:00,10719.0,10762.0,10703.0,10735.0,91108
2019-09-06 00:00:00,10776.0,10783.0,10741.0,10768.0,68005
2019-09-09 00:00:00,10802.0,10827.0,10773.0,10792.0,68953
2019-09-10 00:00:00,10801.0,10814.0,10731.0,10743.0,76441
2019-09-11 00:00:00,10795.0,10808.0,10751.0,10773.0,89245
2019-09-12 00:00:00,10842.0,10870.0,10801.0,10824.0,101288
2019-09-16 00:00:00,10802.0,10885.0,10802.0,10881.0,107760
2019-09-17 00:00:00,10907.0,10910.0,10858.0,10863.0,86095
2019-09-18 00:00:00,10912.0,10963.0,10884.0,10959.0,59301
2019-09-19 00:00:00,10915.0,10936.0,10851.0,10870.0,91304
2019-09-20 00:00:00,10901.0,10912.0,10884.0,10901.0,60402
2019-09-23 00:00:00,10894.0,10929.0,10872.0,10894.0,75227
2019-09-24 00:00:00,10911.0,10932.0,10865.0,10908.0,89403
2019-09-25 00:00:00,10865.0,10873.0,10805.0,10841.0,100205
2019-09-26 00:00:00,10876.0,10895.0,10828.0,10843.0,83512
2019-09-27 00:00:00,10876.0,10897.0,10811.0,10824.0,94839
2019-10-01 00:00:00,10856.0,10962.0,10856.0,10954.0,91075
2019-10-02 00:00:00,10916.0,10948.0,10912.0,10922.0,67011
2019-10-03 00:00:00,10827.0,10877.0,10773.0,10851.0,97211
2019-10-04 00:00:00,10881.0,10912.0,10820.0,10880.0,106799
2019-10-07 00:00:00,10907.0,10937.0,10886.0,10915.0,68946
2019-10-08 00:00:00,10958.0,11021.0,10950.0,11001.0,85671
2019-10-09 00:00:00,10963.0,10969.0,10880.0,10880.0,90482
2019-10-14 00:00:00,11070.0,11092.0,11030.0,11076.0,114852
2019-10-15 00:00:00,11083.0,11122.0,11073.0,11108.0,99518
2019-10-16 00:00:00,11158.0,11171.0,11130.0,11145.0,66943
2019-10-17 00:00:00,11148.0,11161.0,11117.0,11157.0,56152
2019-10-18 00:00:00,11195.0,11223.0,11132.0,11150.0,91145
2019-10-21 00:00:00,11157.0,11168.0,11133.0,11155.0,54208
2019-10-22 00:00:00,11213.0,11252.0,11191.0,11242.0,78469
2019-10-23 00:00:00,11225.0,11254.0,11182.0,11201.0,79441
2019-10-24 00:00:00,11232.0,11292.0,11225.0,11290.0,71647
2019-10-25 00:00:00,11321.0,11328.0,11264.0,11284.0,61411
2019-10-28 00:00:00,11334.0,11342.0,11291.0,11311.0,52213
2019-10-29 00:00:00,11348.0,11366.0,11293.0,11326.0,80689
2019-10-30 00:00:00,11312.0,11351.0,11295.0,11338.0,66641
2019-10-31 00:00:00,11371.0,11396.0,11341.0,11346.0,74398
2019-11-01 00:00:00,11333.0,11377.0,11316.0,11371.0,60298
2019-11-04 00:00:00,11416.0,11554.0,11413.0,11544.0,102908
2019-11-05 00:00:00,11594.0,11650.0,11566.0,11645.0,85555
2019-11-06 00:00:00,11644.0,11675.0,11600.0,11653.0,89714
2019-11-07 00:00:00,11636.0,11637.0,11558.0,11596.0,98305
2019-11-08 00:00:00,11646.0,11648.0,11554.0,11573.0,93120
2019-11-11 00:00:00,11577.0,11581.0,11424.0,11437.0,115934
2019-11-12 00:00:00,11483.0,11528.0,11466.0,11523.0,77144
2019-11-13 00:00:00,11463.0,11494.0,11428.0,11466.0,104040
2019-11-14 00:00:00,11493.0,11496.0,11413.0,11456.0,106892
2019-11-15 00:00:00,11485.0,11563.0,11480.0,11532.0,107490
2019-11-18 00:00:00,11533.0,11594.0,11507.0,11593.0,107411
2019-11-19 00:00:00,11574.0,11654.0,11563.0,11644.0,96240
2019-11-20 00:00:00,11621.0,11644.0,11594.0,11607.0,62136
2019-11-21 00:00:00,11529.0,11551.0,11450.0,11544.0,135473
2019-11-22 00:00:00,11565.0,11592.0,11531.0,11556.0,80409
2019-11-25 00:00:00,11615.0,11629.0,11559.0,11565.0,87376
2019-11-26 00:00:00,11620.0,11658.0,11603.0,11618.0,107977
2019-11-27 00:00:00,11613.0,11651.0,11596.0,11647.0,70898
2019-11-28 00:00:00,11658.0,11663.0,11605.0,11614.0,88687
2019-11-29 00:00:00,11604.0,11613.0,11462.0,11465.0,131564
2019-12-02 00:00:00,11527.0,11533.0,11459.0,11502.0,90579
2019-12-03 00:00:00,11444.0,11527.0,11439.0,11524.0,88994
2019-12-04 00:00:00,11492.0,11505.0,11443.0,11503.0,106806
2019-12-05 00:00:00,11540.0,11618.0,11532.0,11598.0,91837
2019-12-06 00:00:00,11645.0,11670.0,11580.0,11612.0,88309
2019-12-09 00:00:00,11670.0,11699.0,11633.0,11671.0,78956
2019-12-10 00:00:00,11647.0,11656.0,11605.0,11625.0,73085
2019-12-11 00:00:00,11600.0,11706.0,11594.0,11706.0,92546
2019-12-12 00:00:00,11765.0,11888.0,11754.0,11853.0,119427
2019-12-13 00:00:00,11977.0,12007.0,11917.0,11965.0,117530
2019-12-16 00:00:00,11932.0,11976.0,11922.0,11961.0,95670
2019-12-17 00:00:00,11974.0,12102.0,11945.0,12100.0,111124
2019-12-18 00:00:00,12077.0,12129.0,12065.0,12118.0,54946
2019-12-19 00:00:00,12110.0,12115.0,12015.0,12030.0,92209
2019-12-20 00:00:00,12063.0,12063.0,11951.0,11979.0,126757
2019-12-23 00:00:00,12000.0,12028.0,11972.0,12020.0,75298
2019-12-24 00:00:00,12030.0,12044.0,11982.0,11983.0,55384
2019-12-25 00:00:00,11989.0,12027.0,11976.0,12020.0,41599
2019-12-26 00:00:00,12029.0,12042.0,11986.0,12009.0,52249
2019-12-27 00:00:00,12038.0,12112.0,12037.0,12097.0,74454
2019-12-30 00:00:00,12091.0,12125.0,12065.0,12069.0,66062
2019-12-31 00:00:00,12029.0,12049.0,11992.0,11995.0,74341
2020-01-02 00:00:00,12044.0,12120.0,12023.0,12102.0,100401
2020-01-03 00:00:00,12180.0,12198.0,11996.0,12086.0,172660
2020-01-06 00:00:00,12017.0,12034.0,11948.0,11950.0,118380
2020-01-07 00:00:00,11995.0,12009.0,11816.0,11871.0,157264
2020-01-08 00:00:00,11728.0,11892.0,11697.0,11788.0,158971
2020-01-09 00:00:00,11919.0,11998.0,11883.0,11968.0,115014
2020-01-10 00:00:00,12005.0,12042.0,11953.0,12010.0,114171
2020-01-13 00:00:00,12085.0,12121.0,12044.0,12117.0,142642
2020-01-14 00:00:00,12176.0,12199.0,12148.0,12181.0,104397
2020-01-15 00:00:00,12159.0,12175.0,12058.0,12063.0,89882
2020-01-16 00:00:00,12040.0,12078.0,11990.0,12056.0,106272
2020-01-17 00:00:00,12103.0,12118.0,12029.0,12072.0,101199
2020-01-20 00:00:00,12119.0,12160.0,12097.0,12111.0,77557
2020-01-30 00:00:00,11770.0,11798.0,11366.0,11370.0,248664
2020-01-31 00:00:00,11460.0,11567.0,11407.0,11468.0,154361
2020-02-03 00:00:00,11285.0,11370.0,11152.0,11325.0,206381
2020-02-04 00:00:00,11373.0,11557.0,11362.0,11534.0,145462
2020-02-05 00:00:00,11603.0,11620.0,11474.0,11542.0,155144
2020-02-06 00:00:00,11651.0,11744.0,11628.0,11741.0,122911
2020-02-07 00:00:00,11660.0,11666.0,11566.0,11592.0,125747
2020-02-10 00:00:00,11455.0,11598.0,11402.0,11564.0,147183
2020-02-11 00:00:00,11625.0,11689.0,11613.0,11666.0,92406
2020-02-12 00:00:00,11663.0,11797.0,11647.0,11771.0,105501
2020-02-13 00:00:00,11798.0,11837.0,11762.0,11774.0,110031
2020-02-14 00:00:00,11757.0,11852.0,11755.0,11812.0,102988
2020-02-17 00:00:00,11710.0,11792.0,11702.0,11770.0,109882
2020-02-18 00:00:00,11715.0,11719.0,11627.0,11640.0,154544
2020-02-19 00:00:00,11678.0,11805.0,11637.0,11760.0,83637
2020-02-20 00:00:00,11820.0,11830.0,11679.0,11715.0,137132
2020-02-21 00:00:00,11665.0,11765.0,11636.0,11664.0,139432
2020-02-24 00:00:00,11509.0,11587.0,11476.0,11508.0,136123
2020-02-25 00:00:00,11400.0,11561.0,11386.0,11542.0,148777
2020-02-26 00:00:00,11383.0,11482.0,11365.0,11421.0,162698
2020-02-27 00:00:00,11395.0,11447.0,11237.0,11273.0,168661
2020-03-02 00:00:00,11011.0,11278.0,11005.0,11174.0,203861
2020-03-03 00:00:00,11313.0,11375.0,11278.0,11324.0,165499
2020-03-04 00:00:00,11348.0,11369.0,11267.0,11364.0,142617
2020-03-05 00:00:00,11450.0,11501.0,11428.0,11492.0,112997
2020-03-06 00:00:00,11400.0,11420.0,11260.0,11269.0,154698
2020-03-09 00:00:00,10975.0,11108.0,10916.0,10950.0,213069
2020-03-10 00:00:00,10830.0,10996.0,10779.0,10984.0,209076
2020-03-11 00:00:00,10979.0,11029.0,10807.0,10821.0,183871
2020-03-12 00:00:00,10750.0,10765.0,10161.0,10367.0,331510
2020-03-13 00:00:00,9749.0,10147.0,9450.0,10021.0,348943
2020-03-16 00:00:00,9919.0,10055.0,9636.0,9668.0,260020
2020-03-17 00:00:00,9379.0,9677.0,9271.0,9363.0,257921
2020-03-18 00:00:00,9366.0,9489.0,9205.0,9263.0,111426
2020-03-19 00:00:00,8820.0,8872.0,8268.0,8353.0,307231
2020-03-20 00:00:00,8562.0,9166.0,8544.0,9013.0,266159
2020-03-23 00:00:00,8609.0,8868.0,8555.0,8688.0,180341
2020-03-24 00:00:00,8998.0,9295.0,8986.0,9193.0,179105
2020-03-25 00:00:00,9410.0,9624.0,9370.0,9583.0,209717
2020-03-26 00:00:00,9679.0,9690.0,9426.0,9638.0,190488
2020-03-27 00:00:00,9899.0,9910.0,9548.0,9583.0,187676
2020-03-30 00:00:00,9376.0,9576.0,9266.0,9576.0,164970
2020-03-31 00:00:00,9666.0,9717.0,9495.0,9596.0,142747
2020-04-01 00:00:00,9588.0,9650.0,9551.0,9552.0,116273
2020-04-06 00:00:00,9741.0,9860.0,9582.0,9826.0,146380
2020-04-07 00:00:00,9955.0,10020.0,9878.0,9997.0,137022
2020-04-08 00:00:00,9950.0,10135.0,9945.0,10127.0,130314
2020-04-09 00:00:00,10131.0,10197.0,10028.0,10101.0,135819
2020-04-10 00:00:00,10038.0,10140.0,10030.0,10133.0,74244
2020-04-13 00:00:00,10084.0,10149.0,10031.0,10073.0,124231
2020-04-14 00:00:00,10160.0,10355.0,10125.0,10346.0,133841
2020-04-15 00:00:00,10347.0,10463.0,10330.0,10450.0,67002
2020-04-16 00:00:00,10177.0,10343.0,10161.0,10302.0,117908
2020-04-17 00:00:00,10575.0,10669.0,10456.0,10561.0,159024
2020-04-20 00:00:00,10515.0,10560.0,10458.0,10476.0,95719
2020-04-21 00:00:00,10406.0,10467.0,10144.0,10198.0,185566
2020-04-22 00:00:00,10145.0,10226.0,10065.0,10225.0,140413
2020-04-23 00:00:00,10268.0,10402.0,10154.0,10292.0,167258
2020-04-24 00:00:00,10231.0,10292.0,10211.0,10270.0,104624
2020-04-27 00:00:00,10373.0,10567.0,10368.0,10547.0,123332
2020-04-28 00:00:00,10600.0,10605.0,10480.0,10582.0,110417
2020-04-29 00:00:00,10655.0,10770.0,10631.0,10707.0,114379
2020-04-30 00:00:00,10813.0,10971.0,10803.0,10944.0,115419
2020-05-04 00:00:00,10540.0,10699.0,10477.0,10615.0,133437
2020-05-05 00:00:00,10717.0,10795.0,10658.0,10725.0,110697
2020-05-06 00:00:00,10658.0,10780.0,10618.0,10750.0,123280
2020-05-07 00:00:00,10736.0,10877.0,10710.0,10833.0,116774
2020-05-08 00:00:00,10893.0,10956.0,10853.0,10896.0,106019
2020-05-11 00:00:00,10979.0,11038.0,10935.0,10983.0,93372
2020-05-12 00:00:00,10902.0,10932.0,10802.0,10865.0,117000
2020-05-13 00:00:00,10783.0,10925.0,10776.0,10915.0,103023
2020-05-14 00:00:00,10828.0,10877.0,10738.0,10750.0,128433
2020-05-15 00:00:00,10830.0,10869.0,10701.0,10818.0,135179
2020-05-18 00:00:00,10768.0,10824.0,10724.0,10763.0,134342
2020-05-19 00:00:00,10932.0,10964.0,10836.0,10872.0,128453
2020-05-20 00:00:00,10903.0,10960.0,10853.0,10887.0,61752
2020-05-21 00:00:00,10903.0,11008.0,10894.0,10952.0,116771
2020-05-22 00:00:00,10928.0,10935.0,10723.0,10743.0,137601
2020-05-25 00:00:00,10800.0,10840.0,10651.0,10817.0,120809
2020-05-26 00:00:00,10896.0,11027.0,10891.0,10984.0,106978
2020-05-27 00:00:00,10962.0,11037.0,10926.0,10972.0,103162
2020-05-28 00:00:00,11066.0,11077.0,10856.0,10907.0,142469
2020-05-29 00:00:00,10888.0,10950.0,10806.0,10922.0,115914
2020-06-01 00:00:00,10983.0,11103.0,10971.0,11057.0,105285
2020-06-02 00:00:00,11080.0,11140.0,11072.0,11106.0,83041
2020-06-03 00:00:00,11250.0,11299.0,11206.0,11283.0,109433
2020-06-04 00:00:00,11419.0,11425.0,11306.0,11357.0,109338
2020-06-05 00:00:00,11399.0,11473.0,11377.0,11457.0,85304
2020-06-08 00:00:00,11550.0,11626.0,11491.0,11570.0,107836
2020-06-09 00:00:00,11596.0,11622.0,11521.0,11609.0,90763
2020-06-10 00:00:00,11634.0,11730.0,11596.0,11706.0,95474
2020-06-11 00:00:00,11689.0,11738.0,11475.0,11491.0,144385
2020-06-12 00:00:00,11331.0,11432.0,11250.0,11395.0,138977
2020-06-15 00:00:00,11356.0,11446.0,11216.0,11229.0,162092
2020-06-16 00:00:00,11448.0,11554.0,11421.0,11526.0,132203
2020-06-17 00:00:00,11480.0,11568.0,11467.0,11521.0,68402
2020-06-18 00:00:00,11372.0,11425.0,11295.0,11394.0,115951
2020-06-19 00:00:00,11424.0,11439.0,11361.0,11410.0,94025
2020-06-22 00:00:00,11374.0,11498.0,11362.0,11423.0,114951
2020-06-23 00:00:00,11493.0,11540.0,11346.0,11455.0,140506
2020-06-24 00:00:00,11541.0,11570.0,11503.0,11523.0,90292
2020-06-29 00:00:00,11394.0,11458.0,11315.0,11361.0,126715
2020-06-30 00:00:00,11460.0,11502.0,11412.0,11469.0,84812
2020-07-01 00:00:00,11482.0,11623.0,11472.0,11546.0,102446
2020-07-02 00:00:00,11585.0,11712.0,11566.0,11695.0,92103
2020-07-03 00:00:00,11788.0,11850.0,11752.0,11838.0,92327
2020-07-06 00:00:00,11921.0,12072.0,11905.0,12065.0,107214
2020-07-07 00:00:00,12149.0,12192.0,11990.0,12027.0,134410
2020-07-08 00:00:00,12041.0,12145.0,12025.0,12125.0,103418
2020-07-09 00:00:00,12202.0,12222.0,12118.0,12147.0,112588
2020-07-10 00:00:00,12204.0,12213.0,11987.0,11999.0,140575
2020-07-13 00:00:00,12139.0,12210.0,12105.0,12205.0,116687
2020-07-14 00:00:00,12147.0,12224.0,12119.0,12188.0,136035
2020-07-15 00:00:00,12305.0,12323.0,12150.0,12220.0,74574
2020-07-16 00:00:00,12066.0,12094.0,11931.0,12032.0,133119
2020-07-17 00:00:00,12088.0,12138.0,12011.0,12039.0,112518
2020-07-20 00:00:00,12073.0,12075.0,11903.0,12031.0,121048
2020-07-21 00:00:00,12125.0,12324.0,12121.0,12289.0,123081
2020-07-22 00:00:00,12301.0,12361.0,12256.0,12331.0,95059
2020-07-23 00:00:00,12309.0,12313.0,12199.0,12288.0,122819
2020-07-24 00:00:00,12232.0,12352.0,12123.0,12150.0,172087
2020-07-27 00:00:00,12410.0,12572.0,12407.0,12503.0,140577
2020-07-28 00:00:00,12834.0,12900.0,12408.0,12457.0,245816
2020-07-29 00:00:00,12446.0,12543.0,12392.0,12423.0,138924
2020-07-30 00:00:00,12617.0,12627.0,12488.0,12596.0,126225
2020-07-31 00:00:00,12606.0,12644.0,12525.0,12577.0,130348
2020-08-03 00:00:00,12531.0,12567.0,12405.0,12443.0,134894
2020-08-04 00:00:00,12516.0,12632.0,12489.0,12629.0,111175
2020-08-05 00:00:00,12700.0,12746.0,12643.0,12744.0,106101
2020-08-06 00:00:00,12856.0,12925.0,12753.0,12835.0,141397
2020-08-07 00:00:00,12860.0,12866.0,12706.0,12763.0,114920
2020-08-10 00:00:00,12779.0,12905.0,12720.0,12855.0,109604
2020-08-11 00:00:00,12825.0,12874.0,12727.0,12737.0,106920
2020-08-12 00:00:00,12700.0,12701.0,12565.0,12655.0,131890
2020-08-13 00:00:00,12816.0,12836.0,12702.0,12723.0,113664
2020-08-14 00:00:00,12696.0,12790.0,12646.0,12788.0,105105
2020-08-17 00:00:00,12776.0,12959.0,12771.0,12955.0,126563
2020-08-18 00:00:00,12983.0,12998.0,12836.0,12875.0,134346
2020-08-19 00:00:00,12905.0,12955.0,12780.0,12806.0,70664
2020-08-20 00:00:00,12695.0,12709.0,12067.0,12305.0,237845
2020-08-21 00:00:00,12466.0,12598.0,12423.0,12543.0,134925
2020-08-24 00:00:00,12568.0,12653.0,12503.0,12604.0,103793
2020-08-25 00:00:00,12657.0,12795.0,12643.0,12737.0,111954
2020-08-26 00:00:00,12730.0,12799.0,12681.0,12792.0,86909
2020-08-27 00:00:00,12838.0,12925.0,12735.0,12760.0,126988
2020-08-28 00:00:00,12740.0,12782.0,12634.0,12691.0,138555
2020-08-31 00:00:00,12800.0,12826.0,12563.0,12591.0,142474
2020-09-01 00:00:00,12566.0,12698.0,12531.0,12691.0,114612
2020-09-02 00:00:00,12765.0,12776.0,12595.0,12691.0,127417
2020-09-03 00:00:00,12792.0,12858.0,12705.0,12732.0,130555
2020-09-04 00:00:00,12558.0,12651.0,12510.0,12606.0,130795
2020-09-07 00:00:00,12608.0,12733.0,12560.0,12582.0,137459
2020-09-08 00:00:00,12657.0,12695.0,12610.0,12667.0,110554
2020-09-09 00:00:00,12545.0,12606.0,12434.0,12598.0,153591
2020-09-10 00:00:00,12669.0,12706.0,12622.0,12699.0,111296
2020-09-11 00:00:00,12658.0,12689.0,12606.0,12661.0,114638
2020-09-14 00:00:00,12694.0,12797.0,12678.0,12785.0,127791
2020-09-15 00:00:00,12768.0,12855.0,12756.0,12840.0,108510
2020-09-16 00:00:00,12945.0,13018.0,12900.0,12968.0,67977
2020-09-17 00:00:00,12855.0,12908.0,12772.0,12816.0,119751
2020-09-18 00:00:00,12839.0,12866.0,12773.0,12835.0,95760
2020-09-21 00:00:00,12820.0,12877.0,12655.0,12659.0,140049
2020-09-22 00:00:00,12627.0,12655.0,12481.0,12507.0,130601
2020-09-23 00:00:00,12553.0,12563.0,12441.0,12528.0,117910
2020-09-24 00:00:00,12407.0,12414.0,12166.0,12175.0,171038
2020-09-25 00:00:00,12265.0,12309.0,12114.0,12195.0,128504
2020-09-28 00:00:00,12292.0,12421.0,12246.0,12417.0,94633
2020-09-29 00:00:00,12478.0,12522.0,12395.0,12421.0,103096
2020-09-30 00:00:00,12456.0,12548.0,12444.0,12472.0,107766
2020-10-05 00:00:00,12577.0,12620.0,12486.0,12529.0,93958
2020-10-06 00:00:00,12618.0,12704.0,12614.0,12675.0,99739
2020-10-07 00:00:00,12620.0,12758.0,12606.0,12755.0,89405
2020-10-08 00:00:00,12831.0,12876.0,12772.0,12873.0,99102
2020-10-12 00:00:00,12935.0,12995.0,12878.0,12920.0,106219
2020-10-13 00:00:00,12950.0,12952.0,12816.0,12919.0,99008
2020-10-14 00:00:00,12940.0,12956.0,12871.0,12888.0,82548
2020-10-15 00:00:00,12838.0,12892.0,12727.0,12840.0,130422
2020-10-16 00:00:00,12818.0,12865.0,12718.0,12745.0,116952
2020-10-19 00:00:00,12783.0,12912.0,12782.0,12896.0,127215
2020-10-20 00:00:00,12892.0,12905.0,12844.0,12856.0,100271
2020-10-21 00:00:00,12906.0,12946.0,12851.0,12860.0,58692
2020-10-22 00:00:00,12729.0,12839.0,12707.0,12837.0,100864
2020-10-23 00:00:00,12865.0,12883.0,12795.0,12839.0,78710
2020-10-26 00:00:00,12848.0,12935.0,12820.0,12858.0,90884
2020-10-27 00:00:00,12826.0,12833.0,12765.0,12807.0,82240
2020-10-28 00:00:00,12780.0,12809.0,12713.0,12739.0,88057
2020-10-29 00:00:00,12598.0,12640.0,12504.0,12602.0,119037
2020-10-30 00:00:00,12545.0,12563.0,12407.0,12414.0,121830
2020-11-02 00:00:00,12474.0,12531.0,12402.0,12515.0,97211
2020-11-03 00:00:00,12611.0,12715.0,12602.0,12685.0,90467
2020-11-04 00:00:00,12770.0,12879.0,12662.0,12865.0,149906
2020-11-05 00:00:00,12924.0,12928.0,12821.0,12890.0,90854
2020-11-06 00:00:00,12942.0,12991.0,12896.0,12936.0,100789
2020-11-09 00:00:00,13090.0,13175.0,13046.0,13121.0,117098
2020-11-10 00:00:00,13130.0,13154.0,13010.0,13071.0,110282
2020-11-11 00:00:00,13101.0,13281.0,13077.0,13263.0,109089
2020-11-12 00:00:00,13266.0,13305.0,13193.0,13230.0,93512
2020-11-13 00:00:00,13227.0,13285.0,13163.0,13284.0,90650
2020-11-16 00:00:00,13407.0,13582.0,13406.0,13581.0,132561
2020-11-17 00:00:00,13656.0,13737.0,13603.0,13625.0,130507
2020-11-18 00:00:00,13632.0,13788.0,13621.0,13756.0,68642
2020-11-19 00:00:00,13732.0,13750.0,13662.0,13740.0,95715
2020-11-20 00:00:00,13724.0,13737.0,13640.0,13736.0,85986
2020-11-23 00:00:00,13790.0,13943.0,13788.0,13875.0,115103
2020-11-24 00:00:00,13921.0,13928.0,13777.0,13804.0,89096
2020-11-25 00:00:00,13886.0,13909.0,13692.0,13709.0,123391
2020-11-26 00:00:00,13788.0,13862.0,13741.0,13841.0,97189
2020-11-27 00:00:00,13781.0,13890.0,13763.0,13878.0,94853
2020-11-30 00:00:00,13883.0,13975.0,13704.0,13722.0,134279
2020-12-01 00:00:00,13818.0,13885.0,13751.0,13877.0,91672
2020-12-02 00:00:00,13932.0,13980.0,13855.0,13956.0,110308
2020-12-03 00:00:00,13971.0,14047.0,13903.0,13986.0,125877
2020-12-04 00:00:00,14022.0,14149.0,14012.0,14138.0,110715
2020-12-07 00:00:00,14181.0,14247.0,14087.0,14225.0,125628
2020-12-08 00:00:00,14206.0,14350.0,14156.0,14342.0,111313
2020-12-09 00:00:00,14372.0,14425.0,14331.0,14397.0,96545
2020-12-10 00:00:00,14261.0,14314.0,14178.0,14241.0,126413
2020-12-11 00:00:00,14290.0,14340.0,14091.0,14236.0,159011
2020-12-14 00:00:00,14264.0,14285.0,14197.0,14200.0,120593
2020-12-15 00:00:00,14162.0,14232.0,14030.0,14085.0,158662
2020-12-16 00:00:00,14198.0,14328.0,14186.0,14323.0,71732
2020-12-17 00:00:00,14220.0,14225.0,14085.0,14186.0,116139
2020-12-18 00:00:00,14190.0,14222.0,14128.0,14137.0,89422
2020-12-21 00:00:00,14155.0,14313.0,14021.0,14312.0,135177
2020-12-22 00:00:00,14253.0,14334.0,14042.0,14046.0,136896
2020-12-23 00:00:00,14104.0,14181.0,14031.0,14113.0,115346
2020-12-24 00:00:00,14185.0,14287.0,14179.0,14242.0,106221
2020-12-25 00:00:00,14328.0,14383.0,14245.0,14305.0,88875
2020-12-28 00:00:00,14329.0,14444.0,14320.0,14437.0,82692
2020-12-29 00:00:00,14465.0,14466.0,14376.0,14459.0,80587
2020-12-30 00:00:00,14451.0,14643.0,14440.0,14638.0,97857
2020-12-31 00:00:00,14678.0,14712.0,14604.0,14678.0,96684
2021-01-04 00:00:00,14640.0,14925.0,14635.0,14874.0,137069
2021-01-05 00:00:00,14874.0,14980.0,14836.0,14977.0,110886
2021-01-06 00:00:00,15048.0,15140.0,14764.0,14911.0,233806
2021-01-07 00:00:00,15050.0,15260.0,15024.0,15230.0,151918
2021-01-08 00:00:00,15376.0,15473.0,15264.0,15454.0,158703
2021-01-11 00:00:00,15420.0,15538.0,15369.0,15534.0,139479
2021-01-12 00:00:00,15517.0,15605.0,15407.0,15493.0,175838
2021-01-13 00:00:00,15557.0,15790.0,15555.0,15764.0,154811
2021-01-14 00:00:00,15705.0,15766.0,15632.0,15729.0,121305
2021-01-15 00:00:00,15950.0,16002.0,15584.0,15634.0,231505
2021-01-18 00:00:00,15637.0,15679.0,15327.0,15606.0,200935
2021-01-19 00:00:00,15714.0,15946.0,15710.0,15888.0,173474
2021-01-20 00:00:00,15899.0,15964.0,15735.0,15766.0,119559
2021-01-21 00:00:00,15803.0,16183.0,15769.0,16129.0,231416
2021-01-22 00:00:00,16051.0,16085.0,15928.0,15984.0,161218
2021-01-25 00:00:00,15956.0,16004.0,15719.0,15912.0,168191
2021-01-26 00:00:00,15865.0,15974.0,15537.0,15626.0,230474
2021-01-27 00:00:00,15725.0,15814.0,15585.0,15660.0,184037
2021-01-28 00:00:00,15411.0,15524.0,15305.0,15383.0,202151
2021-01-29 00:00:00,15498.0,15539.0,15063.0,15075.0,206011
2021-02-01 00:00:00,15156.0,15398.0,15090.0,15360.0,164870
2021-02-02 00:00:00,15469.0,15820.0,15459.0,15755.0,177487
2021-02-03 00:00:00,15864.0,15875.0,15716.0,15772.0,145093
2021-02-04 00:00:00,15721.0,15777.0,15542.0,15701.0,179004
2021-02-05 00:00:00,15809.0,15984.0,15751.0,15804.0,178540
2021-02-17 00:00:00,16261.0,16433.0,16179.0,16326.0,100608
2021-02-18 00:00:00,16374.0,16525.0,16287.0,16380.0,152979
2021-02-19 00:00:00,16301.0,16328.0,16130.0,16314.0,152680
2021-02-22 00:00:00,16480.0,16564.0,16336.0,16385.0,151539
2021-02-23 00:00:00,16223.0,16451.0,16182.0,16437.0,136807
2021-02-24 00:00:00,16300.0,16435.0,16133.0,16182.0,180413
2021-02-25 00:00:00,16388.0,16422.0,16243.0,16388.0,135256
2021-02-26 00:00:00,16037.0,16118.0,15852.0,15935.0,197795
2021-03-30 00:00:00,16469.0,16531.0,16418.0,16519.0,100799
2021-03-31 00:00:00,16540.0,16549.0,16403.0,16422.0,104772
2021-04-01 00:00:00,16535.0,16587.0,16452.0,16551.0,115342
2021-04-06 00:00:00,16760.0,16840.0,16697.0,16731.0,103549
2021-04-07 00:00:00,16777.0,16788.0,16673.0,16768.0,93030
2021-04-08 00:00:00,16715.0,16930.0,16687.0,16930.0,111596
2021-04-09 00:00:00,16952.0,16971.0,16810.0,16841.0,103181
2021-04-12 00:00:00,16895.0,16965.0,16760.0,16834.0,113383
2021-04-13 00:00:00,16910.0,17046.0,16780.0,16795.0,150603
2021-04-14 00:00:00,16860.0,16917.0,16592.0,16856.0,185298
2021-04-15 00:00:00,16881.0,17074.0,16852.0,17071.0,132033
2021-04-16 00:00:00,17062.0,17160.0,16990.0,17158.0,127426
2021-04-19 00:00:00,17118.0,17296.0,17111.0,17271.0,124734
2021-04-20 00:00:00,17238.0,17324.0,17206.0,17319.0,114295
2021-04-21 00:00:00,17225.0,17270.0,17150.0,17231.0,83992
2021-04-22 00:00:00,17258.0,17369.0,17053.0,17109.0,189953
2021-04-23 00:00:00,17061.0,17260.0,17041.0,17257.0,122696
2021-04-26 00:00:00,17337.0,17536.0,17323.0,17530.0,128096
2021-04-27 00:00:00,17532.0,17576.0,17460.0,17571.0,120862
2021-04-28 00:00:00,17548.0,17563.0,17475.0,17533.0,101986
2021-04-29 00:00:00,17578.0,17702.0,17531.0,17571.0,150499
2021-05-03 00:00:00,17501.0,17534.0,17226.0,17253.0,184441
2021-05-04 00:00:00,17271.0,17309.0,16668.0,16933.0,243802
2021-05-05 00:00:00,16847.0,17020.0,16756.0,16769.0,157298
2021-05-06 00:00:00,16884.0,17081.0,16700.0,16944.0,197754
2021-05-07 00:00:00,17120.0,17288.0,17060.0,17287.0,142796
2021-05-10 00:00:00,17369.0,17373.0,17178.0,17228.0,126289
2021-05-11 00:00:00,16968.0,16970.0,16425.0,16556.0,245767
2021-05-12 00:00:00,16503.0,16531.0,15027.0,15692.0,366512
2021-05-13 00:00:00,15538.0,15991.0,15348.0,15566.0,234182
2021-05-14 00:00:00,15800.0,16021.0,15653.0,15772.0,218712
2021-05-17 00:00:00,15183.0,15735.0,15096.0,15263.0,275831
2021-05-18 00:00:00,15563.0,16180.0,15501.0,16147.0,220609
2021-05-19 00:00:00,16122.0,16248.0,15979.0,16138.0,115944
2021-05-20 00:00:00,16078.0,16113.0,15854.0,15981.0,158770
2021-05-21 00:00:00,16222.0,16425.0,16072.0,16257.0,185232
2021-05-24 00:00:00,16079.0,16368.0,16069.0,16294.0,138416
2021-05-25 00:00:00,16463.0,16623.0,16425.0,16585.0,145492
2021-05-26 00:00:00,16616.0,16664.0,16504.0,16616.0,104686
2021-05-27 00:00:00,16593.0,16595.0,16219.0,16534.0,150465
2021-05-28 00:00:00,16731.0,16878.0,16673.0,16863.0,124240
2021-05-31 00:00:00,16891.0,17098.0,16884.0,17013.0,144649
2021-06-01 00:00:00,17050.0,17148.0,17015.0,17130.0,116773
2021-06-02 00:00:00,17171.0,17198.0,17016.0,17098.0,121046
2021-06-03 00:00:00,17253.0,17313.0,17147.0,17230.0,130148
2021-06-04 00:00:00,17051.0,17159.0,17025.0,17100.0,109068
2021-06-07 00:00:00,17212.0,17229.0,16719.0,17090.0,176148
2021-06-08 00:00:00,17190.0,17198.0,17030.0,17090.0,102605
2021-06-09 00:00:00,16997.0,17073.0,16889.0,16963.0,120368
2021-06-10 00:00:00,17035.0,17175.0,16992.0,17159.0,127407
2021-06-11 00:00:00,17189.0,17298.0,17189.0,17219.0,120701
2021-06-15 00:00:00,17322.0,17402.0,17276.0,17398.0,118150
2021-06-16 00:00:00,17324.0,17398.0,17033.0,17345.0,71397
2021-06-17 00:00:00,17070.0,17298.0,17039.0,17297.0,102114
2021-06-18 00:00:00,17315.0,17332.0,17212.0,17252.0,96349
2021-06-21 00:00:00,17048.0,17149.0,16891.0,16962.0,143363
2021-06-22 00:00:00,17155.0,17180.0,16988.0,17028.0,101124
2021-06-23 00:00:00,17100.0,17319.0,17059.0,17272.0,127143
2021-06-24 00:00:00,17298.0,17398.0,17261.0,17336.0,92809
2021-06-25 00:00:00,17438.0,17562.0,17377.0,17419.0,113764
2021-06-28 00:00:00,17484.0,17560.0,17398.0,17535.0,82055
2021-06-29 00:00:00,17595.0,17623.0,17451.0,17529.0,115306
2021-06-30 00:00:00,17610.0,17766.0,17583.0,17715.0,104462
2021-07-01 00:00:00,17678.0,17774.0,17555.0,17646.0,122682
2021-07-02 00:00:00,17651.0,17724.0,17588.0,17653.0,101454
2021-07-05 00:00:00,17755.0,17920.0,17742.0,17898.0,107714
2021-07-06 00:00:00,17956.0,17974.0,17858.0,17878.0,84492
2021-07-07 00:00:00,17821.0,17906.0,17715.0,17830.0,109544
2021-07-08 00:00:00,17876.0,17897.0,17694.0,17825.0,116445
2021-07-09 00:00:00,17662.0,17700.0,17526.0,17658.0,138093
2021-07-12 00:00:00,17848.0,17960.0,17770.0,17824.0,127781
2021-07-13 00:00:00,17958.0,18030.0,17824.0,17869.0,123418
2021-07-14 00:00:00,17846.0,17924.0,17748.0,17874.0,120033
2021-07-15 00:00:00,17919.0,18046.0,17868.0,18022.0,103184
2021-07-16 00:00:00,17826.0,17928.0,17772.0,17925.0,109949
2021-07-19 00:00:00,17717.0,17813.0,17647.0,17794.0,144969
2021-07-20 00:00:00,17680.0,17716.0,17478.0,17558.0,147968
2021-07-21 00:00:00,17655.0,17674.0,17376.0,17430.0,86527
2021-07-22 00:00:00,17441.0,17525.0,17347.0,17407.0,125712
2021-07-23 00:00:00,17486.0,17559.0,17380.0,17407.0,115875
2021-07-26 00:00:00,17473.0,17479.0,17197.0,17202.0,108704
2021-07-27 00:00:00,17322.0,17348.0,17153.0,17173.0,118319
2021-07-28 00:00:00,17062.0,17136.0,16733.0,16965.0,203426
2021-07-29 00:00:00,17136.0,17332.0,17068.0,17331.0,123218
2021-07-30 00:00:00,17285.0,17299.0,17126.0,17173.0,117560
2021-08-02 00:00:00,17313.0,17470.0,17160.0,17470.0,131605
2021-08-03 00:00:00,17426.0,17496.0,17361.0,17484.0,95199
2021-08-04 00:00:00,17491.0,17586.0,17464.0,17571.0,89232
2021-08-05 00:00:00,17570.0,17584.0,17520.0,17542.0,65647
2021-08-06 00:00:00,17555.0,17560.0,17353.0,17437.0,110731
2021-08-09 00:00:00,17438.0,17448.0,17235.0,17404.0,124689
2021-08-10 00:00:00,17396.0,17443.0,17259.0,17299.0,109191
2021-08-11 00:00:00,17217.0,17298.0,17078.0,17171.0,141084
2021-08-12 00:00:00,17207.0,17235.0,17125.0,17157.0,91671
2021-08-13 00:00:00,17185.0,17190.0,16934.0,16934.0,150070
2021-08-16 00:00:00,16829.0,16936.0,16750.0,16772.0,150977
2021-08-17 00:00:00,16850.0,16873.0,16575.0,16580.0,132669
2021-08-18 00:00:00,16440.0,16796.0,16389.0,16784.0,102422
2021-08-19 00:00:00,16611.0,16648.0,16256.0,16329.0,196641
2021-08-20 00:00:00,16297.0,16426.0,16145.0,16193.0,175910
2021-08-23 00:00:00,16427.0,16729.0,16393.0,16684.0,127852
2021-08-24 00:00:00,16822.0,16842.0,16717.0,16784.0,90436
2021-08-25 00:00:00,16794.0,16982.0,16785.0,16963.0,109545
2021-08-26 00:00:00,17103.0,17125.0,16882.0,16995.0,127120
2021-08-27 00:00:00,16940.0,17218.0,16908.0,17170.0,122558
2021-08-30 00:00:00,17249.0,17353.0,17206.0,17339.0,95679
2021-08-31 00:00:00,17276.0,17468.0,17144.0,17457.0,138468
2021-09-01 00:00:00,17408.0,17500.0,17363.0,17476.0,111022
2021-09-02 00:00:00,17434.0,17507.0,17266.0,17320.0,137473
2021-09-03 00:00:00,17442.0,17553.0,17370.0,17509.0,114430
2021-09-06 00:00:00,17440.0,17596.0,17425.0,17496.0,120721
2021-09-07 00:00:00,17522.0,17529.0,17337.0,17422.0,125371
2021-09-08 00:00:00,17395.0,17426.0,17163.0,17262.0,151809
2021-09-09 00:00:00,17142.0,17291.0,17084.0,17235.0,125037
2021-09-10 00:00:00,17300.0,17479.0,17284.0,17473.0,111079
2021-09-13 00:00:00,17434.0,17492.0,17356.0,17442.0,120401
2021-09-14 00:00:00,17541.0,17569.0,17426.0,17461.0,108843
2021-09-15 00:00:00,17403.0,17433.0,17280.0,17382.0,74105
2021-09-16 00:00:00,17337.0,17362.0,17191.0,17248.0,93340
2021-09-17 00:00:00,17256.0,17395.0,17165.0,17298.0,117752
2021-09-22 00:00:00,16835.0,16940.0,16751.0,16900.0,134553
2021-09-23 00:00:00,17020.0,17130.0,16985.0,17080.0,99807
2021-09-24 00:00:00,17191.0,17275.0,17170.0,17250.0,94226
2021-09-27 00:00:00,17247.0,17344.0,17222.0,17292.0,94562
2021-09-28 00:00:00,17182.0,17183.0,17042.0,17170.0,103595
2021-09-29 00:00:00,16926.0,16937.0,16760.0,16823.0,148685
2021-09-30 00:00:00,16803.0,16966.0,16704.0,16917.0,129398
2021-10-01 00:00:00,16800.0,16805.0,16415.0,16517.0,162836
2021-10-04 00:00:00,16588.0,16629.0,16313.0,16358.0,140802
2021-10-05 00:00:00,16240.0,16424.0,16107.0,16398.0,151416
2021-10-06 00:00:00,16470.0,16493.0,16265.0,16359.0,136018
2021-10-07 00:00:00,16521.0,16760.0,16519.0,16706.0,123808
2021-10-08 00:00:00,16740.0,16759.0,16591.0,16627.0,101077
2021-10-12 00:00:00,16485.0,16489.0,16285.0,16418.0,138434
2021-10-13 00:00:00,16520.0,16585.0,16318.0,16318.0,114897
2021-10-14 00:00:00,16496.0,16546.0,16354.0,16405.0,104604
2021-10-15 00:00:00,16654.0,16790.0,16570.0,16782.0,109050
2021-10-18 00:00:00,16800.0,16870.0,16705.0,16725.0,109628
2021-10-19 00:00:00,16810.0,16954.0,16787.0,16902.0,97333
2021-10-20 00:00:00,16973.0,16987.0,16863.0,16882.0,56080
2021-10-21 00:00:00,16879.0,17047.0,16812.0,16813.0,117754
2021-10-22 00:00:00,16877.0,16913.0,16770.0,16854.0,98819
2021-10-25 00:00:00,16788.0,16930.0,16731.0,16888.0,97221
2021-10-26 00:00:00,16975.0,17073.0,16948.0,17048.0,92092
2021-10-27 00:00:00,16944.0,17088.0,16928.0,17071.0,85950
2021-10-28 00:00:00,17013.0,17103.0,16984.0,17038.0,85288
2021-10-29 00:00:00,17061.0,17074.0,16858.0,16945.0,111444
2021-11-01 00:00:00,17040.0,17130.0,17028.0,17079.0,79806
2021-11-02 00:00:00,17167.0,17255.0,17004.0,17047.0,109134
2021-11-03 00:00:00,17081.0,17127.0,17040.0,17092.0,72076
2021-11-04 00:00:00,17269.0,17280.0,17050.0,17075.0,90112
2021-11-05 00:00:00,17150.0,17279.0,17106.0,17267.0,90064
2021-11-08 00:00:00,17256.0,17425.0,17251.0,17424.0,77522
2021-11-09 00:00:00,17499.0,17593.0,17480.0,17555.0,80924
2021-11-10 00:00:00,17550.0,17581.0,17496.0,17555.0,75931
2021-11-11 00:00:00,17430.0,17537.0,17395.0,17470.0,84466
2021-11-12 00:00:00,17570.0,17638.0,17491.0,17547.0,91259
2021-11-15 00:00:00,17615.0,17707.0,17603.0,17664.0,102421
2021-11-16 00:00:00,17662.0,17717.0,17653.0,17701.0,78291
2021-11-17 00:00:00,17711.0,17761.0,17678.0,17722.0,52589
2021-11-18 00:00:00,17769.0,17868.0,17763.0,17860.0,87837
2021-11-19 00:00:00,17919.0,17949.0,17813.0,17851.0,82761
2021-11-22 00:00:00,17790.0,17876.0,17787.0,17836.0,58435
2021-11-23 00:00:00,17765.0,17768.0,17638.0,17659.0,102784
2021-11-24 00:00:00,17604.0,17698.0,17593.0,17679.0,76818
2021-11-25 00:00:00,17688.0,17715.0,17600.0,17676.0,66753
2021-11-26 00:00:00,17530.0,17572.0,17307.0,17342.0,129988
2021-11-29 00:00:00,17243.0,17416.0,17184.0,17308.0,120115
2021-11-30 00:00:00,17428.0,17537.0,17312.0,17327.0,111906
2021-12-01 00:00:00,17350.0,17617.0,17333.0,17586.0,103548
2021-12-02 00:00:00,17570.0,17709.0,17509.0,17705.0,108997
2021-12-03 00:00:00,17696.0,17745.0,17621.0,17706.0,79145
2021-12-06 00:00:00,17619.0,17736.0,17527.0,17693.0,91121
2021-12-07 00:00:00,17677.0,17799.0,17586.0,17795.0,94771
2021-12-08 00:00:00,17945.0,17988.0,17840.0,17851.0,94293
2021-12-09 00:00:00,17886.0,17946.0,17812.0,17911.0,79412
2021-12-10 00:00:00,17808.0,17874.0,17765.0,17818.0,73341
2021-12-13 00:00:00,17912.0,17944.0,17743.0,17752.0,102639
2021-12-14 00:00:00,17683.0,17711.0,17565.0,17605.0,109694
2021-12-15 00:00:00,17588.0,17666.0,17536.0,17630.0,53677
2021-12-16 00:00:00,17765.0,17809.0,17671.0,17804.0,84101
2021-12-17 00:00:00,17716.0,17798.0,17703.0,17786.0,78566
2021-12-20 00:00:00,17720.0,17748.0,17564.0,17580.0,103831
2021-12-21 00:00:00,17660.0,17829.0,17624.0,17796.0,87917
2021-12-22 00:00:00,17847.0,17852.0,17783.0,17833.0,54102
2021-12-23 00:00:00,17935.0,17983.0,17903.0,17954.0,66061
2021-12-24 00:00:00,18014.0,18035.0,17946.0,17958.0,50035
2021-12-27 00:00:00,17982.0,18099.0,17967.0,18068.0,58096
2021-12-28 00:00:00,18115.0,18209.0,18105.0,18207.0,60973
2021-12-29 00:00:00,18195.0,18289.0,18188.0,18276.0,57011
2021-12-30 00:00:00,18242.0,18265.0,18177.0,18212.0,56933
2022-01-03 00:00:00,18288.0,18389.0,18203.0,18273.0,96972
2022-01-04 00:00:00,18361.0,18522.0,18359.0,18516.0,90796
2022-01-05 00:00:00,18480.0,18546.0,18438.0,18480.0,82044
2022-01-06 00:00:00,18345.0,18419.0,18238.0,18335.0,119801
2022-01-07 00:00:00,18459.0,18478.0,18115.0,18143.0,137788
2022-01-10 00:00:00,18075.0,18264.0,18022.0,18258.0,96625
2022-01-11 00:00:00,18200.0,18295.0,18102.0,18280.0,119585
2022-01-12 00:00:00,18403.0,18411.0,18271.0,18375.0,90837
2022-01-13 00:00:00,18433.0,18485.0,18364.0,18425.0,95326
2022-01-14 00:00:00,18549.0,18560.0,18220.0,18357.0,158202
2022-01-17 00:00:00,18417.0,18537.0,18387.0,18509.0,117616
2022-01-18 00:00:00,18531.0,18583.0,18347.0,18349.0,129157
2022-01-19 00:00:00,18261.0,18345.0,18210.0,18218.0,72718
2022-01-20 00:00:00,18203.0,18270.0,18081.0,18226.0,119191
2022-01-21 00:00:00,18026.0,18050.0,17836.0,17895.0,157754
2022-01-24 00:00:00,17736.0,17973.0,17703.0,17957.0,133779
2022-01-25 00:00:00,17790.0,17799.0,17578.0,17678.0,158896
2022-01-26 00:00:00,17683.0,17757.0,17607.0,17625.0,96254
2022-02-07 00:00:00,17797.0,17900.0,17693.0,17899.0,113464
2022-02-08 00:00:00,17960.0,18047.0,17922.0,17942.0,89700
2022-02-09 00:00:00,18068.0,18169.0,18050.0,18167.0,72278
2022-02-10 00:00:00,18230.0,18340.0,18133.0,18337.0,95136
2022-02-11 00:00:00,18202.0,18290.0,18182.0,18275.0,87617
2022-02-14 00:00:00,18099.0,18132.0,17934.0,17977.0,137955
2022-02-15 00:00:00,17922.0,18093.0,17883.0,17953.0,114065
2022-02-16 00:00:00,18184.0,18248.0,18140.0,18207.0,63453
2022-02-17 00:00:00,18269.0,18330.0,18168.0,18243.0,110179
2022-02-18 00:00:00,18065.0,18254.0,18039.0,18226.0,96351
2022-02-21 00:00:00,18001.0,18242.0,17970.0,18210.0,95874
2022-02-22 00:00:00,17990.0,18068.0,17773.0,17878.0,144406
2022-03-25 00:00:00,17720.0,17726.0,17591.0,17621.0,83085
2022-03-28 00:00:00,17512.0,17521.0,17304.0,17438.0,117571
2022-03-29 00:00:00,17560.0,17577.0,17484.0,17545.0,76398
2022-03-30 00:00:00,17671.0,17755.0,17658.0,17741.0,89839
2022-03-31 00:00:00,17747.0,17774.0,17623.0,17639.0,78029
2022-04-01 00:00:00,17466.0,17567.0,17414.0,17554.0,82047
2022-04-06 00:00:00,17439.0,17508.0,17327.0,17506.0,86927
2022-04-07 00:00:00,17333.0,17387.0,17123.0,17143.0,114893
2022-04-08 00:00:00,17200.0,17318.0,17169.0,17316.0,84229
2022-04-11 00:00:00,17222.0,17298.0,16976.0,17039.0,128637
2022-04-12 00:00:00,16960.0,17068.0,16906.0,16999.0,107948
2022-04-13 00:00:00,17080.0,17321.0,17071.0,17316.0,107841
2022-04-14 00:00:00,17349.0,17352.0,17251.0,17298.0,73517
2022-04-15 00:00:00,17102.0,17117.0,16960.0,16983.0,97455
2022-04-18 00:00:00,16908.0,16995.0,16813.0,16881.0,122230
2022-04-19 00:00:00,17065.0,17122.0,16988.0,17000.0,106177
2022-04-20 00:00:00,17071.0,17135.0,16992.0,17125.0,57157
2022-04-21 00:00:00,17180.0,17222.0,17090.0,17126.0,86180
2022-04-22 00:00:00,16862.0,16999.0,16823.0,16992.0,96385
2022-04-25 00:00:00,16686.0,16734.0,16508.0,16572.0,123324
2022-04-26 00:00:00,16648.0,16663.0,16533.0,16586.0,82214
2022-04-27 00:00:00,16221.0,16344.0,16160.0,16285.0,141144
2022-04-28 00:00:00,16317.0,16416.0,16220.0,16387.0,103728
2022-04-29 00:00:00,16555.0,16635.0,16495.0,16583.0,103887
2022-05-03 00:00:00,16487.0,16570.0,16434.0,16470.0,90193
2022-05-04 00:00:00,16505.0,16589.0,16489.0,16519.0,69459
2022-05-05 00:00:00,16753.0,16776.0,16645.0,16684.0,78883
2022-05-06 00:00:00,16310.0,16380.0,16266.0,16355.0,96310
2022-05-09 00:00:00,16156.0,16194.0,16015.0,16027.0,99474
2022-05-10 00:00:00,15809.0,16045.0,15730.0,16039.0,127562
2022-05-11 00:00:00,15989.0,16058.0,15907.0,16010.0,88276
2022-05-12 00:00:00,15801.0,15890.0,15608.0,15632.0,118642
2022-05-13 00:00:00,15777.0,15854.0,15743.0,15851.0,96199
2022-05-16 00:00:00,15996.0,16044.0,15847.0,15921.0,120555
2022-05-17 00:00:00,15978.0,16096.0,15963.0,16075.0,95655
2022-05-18 00:00:00,16180.0,16318.0,16159.0,16302.0,54930
2022-05-19 00:00:00,15871.0,15965.0,15820.0,15911.0,109266
2022-05-20 00:00:00,16069.0,16145.0,16013.0,16135.0,85765
2022-05-23 00:00:00,16220.0,16263.0,16076.0,16147.0,99214
2022-05-24 00:00:00,16131.0,16156.0,15914.0,15926.0,98160
2022-05-25 00:00:00,15996.0,16146.0,15968.0,16060.0,98499
2022-05-26 00:00:00,16153.0,16184.0,15928.0,15950.0,99211
2022-05-27 00:00:00,16110.0,16245.0,16100.0,16230.0,83346
2022-05-30 00:00:00,16400.0,16584.0,16391.0,16560.0,81262
2022-05-31 00:00:00,16492.0,16716.0,16460.0,16682.0,108041
2022-06-01 00:00:00,16647.0,16755.0,16592.0,16610.0,95150
2022-06-02 00:00:00,16536.0,16585.0,16471.0,16532.0,80160
2022-06-06 00:00:00,16590.0,16648.0,16463.0,16600.0,98914
2022-06-07 00:00:00,16520.0,16531.0,16406.0,16462.0,101451
2022-06-08 00:00:00,16560.0,16693.0,16555.0,16644.0,80944
2022-06-09 00:00:00,16573.0,16606.0,16524.0,16582.0,67567
2022-06-10 00:00:00,16380.0,16486.0,16350.0,16471.0,85493
2022-06-13 00:00:00,16115.0,16120.0,15993.0,16053.0,129042
2022-06-14 00:00:00,15950.0,16068.0,15841.0,16055.0,125318
2022-06-15 00:00:00,16052.0,16096.0,15989.0,16062.0,62610
2022-06-16 00:00:00,15751.0,15805.0,15382.0,15410.0,127119
2022-06-17 00:00:00,15196.0,15300.0,15137.0,15200.0,124040
2022-06-20 00:00:00,15182.0,15231.0,14966.0,15038.0,129690
2022-06-21 00:00:00,15164.0,15362.0,15115.0,15334.0,115396
2022-06-22 00:00:00,15316.0,15319.0,14984.0,15012.0,128332
2022-06-23 00:00:00,15059.0,15145.0,14804.0,14938.0,164479
2022-06-24 00:00:00,15006.0,15142.0,14959.0,15058.0,119812
2022-06-27 00:00:00,15205.0,15400.0,15201.0,15277.0,98695
2022-06-28 00:00:00,15299.0,15304.0,15096.0,15192.0,96034
2022-06-29 00:00:00,15020.0,15114.0,14980.0,15019.0,100640
2022-06-30 00:00:00,14931.0,14945.0,14610.0,14622.0,131995
2022-07-01 00:00:00,14656.0,14702.0,14128.0,14175.0,183609
2022-07-04 00:00:00,14236.0,14312.0,14025.0,14152.0,143173
2022-07-05 00:00:00,14350.0,14430.0,13975.0,14231.0,175274
2022-07-06 00:00:00,14213.0,14239.0,13858.0,13871.0,150712
2022-07-07 00:00:00,14068.0,14295.0,13832.0,14176.0,158050
2022-07-08 00:00:00,14390.0,14485.0,14264.0,14329.0,139319
2022-07-11 00:00:00,14467.0,14496.0,14229.0,14276.0,120320
2022-07-12 00:00:00,14157.0,14181.0,13850.0,13914.0,127127
2022-07-13 00:00:00,14240.0,14356.0,14203.0,14277.0,112460
2022-07-14 00:00:00,14237.0,14437.0,14122.0,14389.0,128248
2022-07-15 00:00:00,14422.0,14542.0,14333.0,14475.0,118876
2022-07-18 00:00:00,14577.0,14666.0,14535.0,14650.0,122938
2022-07-19 00:00:00,14562.0,14697.0,14533.0,14678.0,92176
2022-07-20 00:00:00,14845.0,14907.0,14696.0,14712.0,63694
2022-07-21 00:00:00,14600.0,14771.0,14573.0,14748.0,90902
2022-07-22 00:00:00,14796.0,14848.0,14725.0,14751.0,93026
2022-07-25 00:00:00,14750.0,14845.0,14688.0,14794.0,82637
2022-07-26 00:00:00,14755.0,14788.0,14650.0,14705.0,92221
2022-07-27 00:00:00,14670.0,14800.0,14615.0,14794.0,104597
2022-07-28 00:00:00,14922.0,14949.0,14786.0,14831.0,94963
2022-07-29 00:00:00,14936.0,14990.0,14870.0,14938.0,94106
2022-08-01 00:00:00,14921.0,14940.0,14804.0,14870.0,89819
2022-08-02 00:00:00,14767.0,14778.0,14589.0,14643.0,108928
2022-08-03 00:00:00,14627.0,14727.0,14594.0,14669.0,97984
2022-08-04 00:00:00,14686.0,14722.0,14461.0,14658.0,139696
2022-08-05 00:00:00,14780.0,15020.0,14777.0,15009.0,95193
2022-08-08 00:00:00,14937.0,14987.0,14888.0,14961.0,74401
2022-08-09 00:00:00,14894.0,15065.0,14853.0,15016.0,89703
2022-08-10 00:00:00,14874.0,14945.0,14832.0,14876.0,77738
2022-08-11 00:00:00,15115.0,15191.0,15093.0,15183.0,79733
2022-08-12 00:00:00,15229.0,15309.0,15200.0,15272.0,66960
2022-08-15 00:00:00,15369.0,15432.0,15310.0,15387.0,89978
2022-08-16 00:00:00,15390.0,15450.0,15385.0,15422.0,73097
2022-08-17 00:00:00,15404.0,15461.0,15396.0,15452.0,48353
2022-08-18 00:00:00,15250.0,15325.0,15224.0,15315.0,69333
2022-08-19 00:00:00,15308.0,15406.0,15275.0,15353.0,72613
2022-08-22 00:00:00,15171.0,15250.0,15156.0,15175.0,63929
2022-08-23 00:00:00,15059.0,15109.0,15022.0,15028.0,68886
2022-08-24 00:00:00,15080.0,15120.0,14987.0,15035.0,70377
2022-08-25 00:00:00,15130.0,15225.0,15116.0,15172.0,81719
2022-08-26 00:00:00,15271.0,15318.0,15228.0,15241.0,62646
2022-08-29 00:00:00,14832.0,14898.0,14762.0,14818.0,103087
2022-08-30 00:00:00,14850.0,14994.0,14837.0,14948.0,86047
2022-08-31 00:00:00,14849.0,15099.0,14826.0,15039.0,108620
2022-09-01 00:00:00,14841.0,14842.0,14675.0,14736.0,118005
2022-09-02 00:00:00,14776.0,14782.0,14584.0,14597.0,92325
2022-09-05 00:00:00,14590.0,14719.0,14561.0,14611.0,92682
2022-09-06 00:00:00,14720.0,14770.0,14555.0,14634.0,93184
2022-09-07 00:00:00,14445.0,14455.0,14331.0,14359.0,99373
2022-09-08 00:00:00,14459.0,14552.0,14389.0,14548.0,88563
2022-09-12 00:00:00,14775.0,14824.0,14731.0,14794.0,73967
2022-09-13 00:00:00,14884.0,14928.0,14827.0,14875.0,64810
2022-09-14 00:00:00,14458.0,14641.0,14443.0,14577.0,88778
2022-09-15 00:00:00,14578.0,14715.0,14562.0,14642.0,77473
2022-09-16 00:00:00,14500.0,14527.0,14465.0,14483.0,75293
2022-09-19 00:00:00,14550.0,14579.0,14406.0,14420.0,96859
2022-09-20 00:00:00,14548.0,14569.0,14464.0,14561.0,83214
2022-09-21 00:00:00,14476.0,14520.0,14392.0,14402.0,47622
2022-09-22 00:00:00,14225.0,14250.0,14088.0,14242.0,104178
2022-09-23 00:00:00,14212.0,14229.0,14056.0,14119.0,87010
2022-09-26 00:00:00,13916.0,13953.0,13740.0,13758.0,114988
2022-09-27 00:00:00,13843.0,13861.0,13735.0,13818.0,94792
2022-09-28 00:00:00,13796.0,13849.0,13486.0,13515.0,144383
2022-09-29 00:00:00,13658.0,13672.0,13471.0,13524.0,115038
2022-09-30 00:00:00,13356.0,13458.0,13298.0,13395.0,120030
2022-10-03 00:00:00,13248.0,13444.0,13215.0,13304.0,110724
2022-10-04 00:00:00,13530.0,13615.0,13489.0,13597.0,91521
2022-10-05 00:00:00,13740.0,13884.0,13721.0,13820.0,116457
2022-10-06 00:00:00,13932.0,13957.0,13814.0,13869.0,89623
2022-10-07 00:00:00,13781.0,13818.0,13683.0,13689.0,81120
2022-10-11 00:00:00,13251.0,13297.0,13081.0,13091.0,132727
2022-10-12 00:00:00,13049.0,13140.0,12975.0,13076.0,111132
2022-10-13 00:00:00,13032.0,13085.0,12805.0,12869.0,125033
2022-10-14 00:00:00,13150.0,13249.0,13074.0,13166.0,101646
2022-10-17 00:00:00,12964.0,13009.0,12821.0,12981.0,138854
2022-10-18 00:00:00,13158.0,13182.0,12992.0,13103.0,125759
2022-10-19 00:00:00,13125.0,13168.0,12967.0,12998.0,69733
2022-10-20 00:00:00,12815.0,12916.0,12662.0,12900.0,137538
2022-10-21 00:00:00,12922.0,12948.0,12794.0,12805.0,107939
2022-10-24 00:00:00,13100.0,13126.0,12864.0,12882.0,120336
2022-10-25 00:00:00,12895.0,12946.0,12652.0,12682.0,146455
2022-10-26 00:00:00,12722.0,12833.0,12664.0,12739.0,108896
2022-10-27 00:00:00,12883.0,12984.0,12878.0,12956.0,97666
2022-10-28 00:00:00,12855.0,12915.0,12745.0,12764.0,97431
2022-10-31 00:00:00,12880.0,12997.0,12836.0,12943.0,88369
2022-11-01 00:00:00,12960.0,13095.0,12934.0,13031.0,91434
2022-11-02 00:00:00,13033.0,13103.0,13015.0,13083.0,66189
2022-11-03 00:00:00,12883.0,12983.0,12854.0,12958.0,74133
2022-11-04 00:00:00,12880.0,13039.0,12850.0,13030.0,82593
2022-11-07 00:00:00,13156.0,13265.0,13096.0,13224.0,95613
2022-11-08 00:00:00,13312.0,13390.0,13298.0,13334.0,74647
2022-11-09 00:00:00,13467.0,13613.0,13438.0,13595.0,87870
2022-11-10 00:00:00,13543.0,13565.0,13461.0,13477.0,71235
2022-11-11 00:00:00,13965.0,14062.0,13896.0,14058.0,115281
2022-11-14 00:00:00,14159.0,14195.0,14080.0,14127.0,114862
2022-11-15 00:00:00,14237.0,14575.0,14212.0,14530.0,140937
2022-11-16 00:00:00,14620.0,14652.0,14451.0,14499.0,75223
2022-11-17 00:00:00,14471.0,14545.0,14357.0,14513.0,88530
2022-11-18 00:00:00,14551.0,14681.0,14437.0,14460.0,114375
2022-11-21 00:00:00,14492.0,14517.0,14411.0,14428.0,80224
2022-11-22 00:00:00,14457.0,14529.0,14364.0,14505.0,88314
2022-11-23 00:00:00,14615.0,14642.0,14543.0,14600.0,76990
2022-11-24 00:00:00,14690.0,14789.0,14656.0,14775.0,77474
2022-11-25 00:00:00,14769.0,14798.0,14703.0,14703.0,68961
2022-11-28 00:00:00,14550.0,14588.0,14433.0,14475.0,106570
2022-11-29 00:00:00,14470.0,14678.0,14431.0,14658.0,92020
2022-11-30 00:00:00,14640.0,14838.0,14619.0,14800.0,101856
2022-12-01 00:00:00,15030.0,15119.0,14927.0,14977.0,109793
2022-12-02 00:00:00,14860.0,14959.0,14842.0,14886.0,70239
2022-12-05 00:00:00,14898.0,15046.0,14880.0,14935.0,79795
2022-12-06 00:00:00,14874.0,14894.0,14672.0,14675.0,92759
2022-12-07 00:00:00,14603.0,14780.0,14594.0,14623.0,106919
2022-12-08 00:00:00,14567.0,14570.0,14413.0,14496.0,99806
2022-12-09 00:00:00,14636.0,14722.0,14572.0,14707.0,88022
2022-12-12 00:00:00,14649.0,14650.0,14485.0,14581.0,87221
2022-12-13 00:00:00,14660.0,14687.0,14496.0,14519.0,86066
2022-12-14 00:00:00,14609.0,14732.0,14576.0,14710.0,88287
2022-12-15 00:00:00,14658.0,14750.0,14607.0,14708.0,88235
2022-12-16 00:00:00,14440.0,14550.0,14411.0,14461.0,104255
2022-12-19 00:00:00,14405.0,14485.0,14362.0,14404.0,98774
2022-12-20 00:00:00,14366.0,14442.0,14121.0,14154.0,131280
2022-12-21 00:00:00,14210.0,14278.0,14175.0,14219.0,48935
2022-12-22 00:00:00,14311.0,14396.0,14285.0,14377.0,71964
2022-12-23 00:00:00,14168.0,14237.0,14125.0,14190.0,72919
2022-12-26 00:00:00,14196.0,14254.0,14192.0,14245.0,35315
2022-12-27 00:00:00,14295.0,14392.0,14278.0,14303.0,65334
2022-12-28 00:00:00,14190.0,14195.0,14070.0,14110.0,84583
2022-12-29 00:00:00,13960.0,14072.0,13938.0,14032.0,78436
2022-12-30 00:00:00,14193.0,14213.0,14127.0,14134.0,61365
2023-01-03 00:00:00,14050.0,14247.0,13952.0,14230.0,114614
2023-01-04 00:00:00,14205.0,14271.0,14181.0,14208.0,69531
2023-01-05 00:00:00,14324.0,14375.0,14239.0,14289.0,77650
2023-01-06 00:00:00,14278.0,14403.0,14275.0,14364.0,78727
2023-01-09 00:00:00,14618.0,14770.0,14582.0,14769.0,80242
2023-01-10 00:00:00,14745.0,14829.0,14735.0,14808.0,69053
2023-01-11 00:00:00,14855.0,14884.0,14746.0,14792.0,62375
2023-01-12 00:00:00,14825.0,14840.0,14709.0,14768.0,68357
2023-01-13 00:00:00,15000.0,15016.0,14822.0,14833.0,83193
2023-01-16 00:00:00,14935.0,15004.0,14916.0,14936.0,84845
2023-01-17 00:00:00,14923.0,14969.0,14906.0,14925.0,68548
2023-01-30 00:00:00,15558.0,15559.0,15364.0,15451.0,45946
2023-01-31 00:00:00,15449.0,15456.0,15265.0,15268.0,72954
2023-02-01 00:00:00,15350.0,15402.0,15297.0,15383.0,61365
2023-02-02 00:00:00,15549.0,15600.0,15468.0,15580.0,75910
2023-02-03 00:00:00,15581.0,15629.0,15488.0,15579.0,71763
2023-02-06 00:00:00,15504.0,15505.0,15391.0,15405.0,75333
2023-02-07 00:00:00,15383.0,15447.0,15366.0,15396.0,65134
2023-02-08 00:00:00,15475.0,15624.0,15474.0,15604.0,72141
2023-02-09 00:00:00,15549.0,15608.0,15530.0,15601.0,56658
2023-02-10 00:00:00,15596.0,15598.0,15520.0,15575.0,87442
2023-02-13 00:00:00,15510.0,15547.0,15431.0,15533.0,100940
2023-02-14 00:00:00,15633.0,15682.0,15588.0,15661.0,76846
2023-02-15 00:00:00,15502.0,15550.0,15382.0,15398.0,60917
2023-02-16 00:00:00,15458.0,15599.0,15451.0,15546.0,81731
2023-02-17 00:00:00,15428.0,15475.0,15384.0,15433.0,71212
2023-03-20 00:00:00,15454.0,15477.0,15352.0,15373.0,79652
2023-03-21 00:00:00,15464.0,15517.0,15425.0,15455.0,73240
2023-03-22 00:00:00,15589.0,15725.0,15568.0,15712.0,79375
2023-03-23 00:00:00,15695.0,15866.0,15683.0,15837.0,87831
2023-03-24 00:00:00,15878.0,15923.0,15806.0,15912.0,72534
2023-03-27 00:00:00,15855.0,15893.0,15793.0,15831.0,72250
2023-03-28 00:00:00,15814.0,15829.0,15655.0,15690.0,84158
2023-03-29 00:00:00,15730.0,15787.0,15653.0,15740.0,77212
2023-03-30 00:00:00,15822.0,15862.0,15761.0,15821.0,78724
2023-03-31 00:00:00,15879.0,15965.0,15860.0,15864.0,82044
2023-04-06 00:00:00,15780.0,15793.0,15701.0,15760.0,71495
2023-04-07 00:00:00,15850.0,15870.0,15796.0,15818.0,52583
2023-04-10 00:00:00,15839.0,15927.0,15828.0,15849.0,61327
2023-04-11 00:00:00,15834.0,15963.0,15825.0,15921.0,81532
2023-04-12 00:00:00,15957.0,15960.0,15866.0,15926.0,57123
2023-04-13 00:00:00,15865.0,15903.0,15808.0,15816.0,79548
2023-04-14 00:00:00,15882.0,15995.0,15855.0,15947.0,88415
2023-04-17 00:00:00,15920.0,15974.0,15877.0,15970.0,84803
2023-04-18 00:00:00,15931.0,15963.0,15862.0,15890.0,90958
2023-04-19 00:00:00,15893.0,15923.0,15750.0,15775.0,53512
2023-04-20 00:00:00,15730.0,15798.0,15682.0,15731.0,95145
2023-04-21 00:00:00,15757.0,15778.0,15602.0,15615.0,101724
2023-04-24 00:00:00,15545.0,15655.0,15542.0,15623.0,74865
2023-04-25 00:00:00,15641.0,15662.0,15369.0,15388.0,117880
2023-04-26 00:00:00,15390.0,15409.0,15312.0,15375.0,96433
2023-04-27 00:00:00,15342.0,15461.0,15305.0,15427.0,85853
2023-04-28 00:00:00,15515.0,15596.0,15498.0,15573.0,84556
2023-05-02 00:00:00,15628.0,15672.0,15551.0,15636.0,78993
2023-05-03 00:00:00,15559.0,15595.0,15523.0,15552.0,67779
2023-05-04 00:00:00,15496.0,15619.0,15490.0,15609.0,70601
2023-05-05 00:00:00,15598.0,15696.0,15576.0,15643.0,79097
2023-05-08 00:00:00,15758.0,15776.0,15704.0,15723.0,67383
2023-05-09 00:00:00,15706.0,15744.0,15652.0,15739.0,73221
2023-05-10 00:00:00,15692.0,15702.0,15581.0,15609.0,79948
2023-05-11 00:00:00,15660.0,15683.0,15517.0,15518.0,92649
2023-05-12 00:00:00,15450.0,15559.0,15420.0,15508.0,89636
2023-05-15 00:00:00,15439.0,15522.0,15425.0,15510.0,98204
2023-05-16 00:00:00,15604.0,15723.0,15593.0,15690.0,86477
2023-05-17 00:00:00,15720.0,15973.0,15713.0,15954.0,67413
2023-05-18 00:00:00,16026.0,16085.0,15960.0,16070.0,86157
2023-05-19 00:00:00,16153.0,16161.0,16068.0,16129.0,72580
2023-05-22 00:00:00,16133.0,16158.0,16091.0,16116.0,57628
2023-05-23 00:00:00,16149.0,16195.0,16072.0,16133.0,82150
2023-05-24 00:00:00,16055.0,16091.0,16005.0,16072.0,76889
2023-05-25 00:00:00,16132.0,16232.0,16125.0,16207.0,98367
2023-05-26 00:00:00,16362.0,16456.0,16346.0,16435.0,89892
2023-05-29 00:00:00,16607.0,16633.0,16543.0,16570.0,73815
2023-05-30 00:00:00,16550.0,16607.0,16515.0,16576.0,66386
2023-05-31 00:00:00,16576.0,16598.0,16455.0,16489.0,97967
2023-06-01 00:00:00,16440.0,16518.0,16422.0,16470.0,70078
2023-06-02 00:00:00,16577.0,16738.0,16566.0,16710.0,81950
2023-06-05 00:00:00,16750.0,16764.0,16657.0,16681.0,67739
2023-06-06 00:00:00,16687.0,16784.0,16680.0,16747.0,76480
2023-06-07 00:00:00,16785.0,16906.0,16766.0,16889.0,75944
2023-06-08 00:00:00,16852.0,16867.0,16667.0,16719.0,86320
2023-06-09 00:00:00,16802.0,16888.0,16785.0,16888.0,68556
2023-06-12 00:00:00,16954.0,16984.0,16907.0,16942.0,62748
2023-06-13 00:00:00,17088.0,17274.0,17081.0,17220.0,89364
2023-06-14 00:00:00,17199.0,17230.0,17133.0,17203.0,70092
2023-06-15 00:00:00,17250.0,17348.0,17230.0,17337.0,73605
2023-06-16 00:00:00,17292.0,17322.0,17215.0,17268.0,89295
2023-06-19 00:00:00,17194.0,17286.0,17160.0,17255.0,89130
2023-06-20 00:00:00,17210.0,17238.0,17106.0,17189.0,99173
2023-06-21 00:00:00,17157.0,17244.0,17140.0,17229.0,45409
2023-06-26 00:00:00,16851.0,16915.0,16822.0,16880.0,72170
2023-06-27 00:00:00,16805.0,16855.0,16705.0,16743.0,94078
2023-06-28 00:00:00,16795.0,16810.0,16712.0,16776.0,75639
2023-06-29 00:00:00,16851.0,16965.0,16733.0,16756.0,111710
2023-06-30 00:00:00,16718.0,16826.0,16671.0,16788.0,76943
2023-07-03 00:00:00,16901.0,17038.0,16897.0,17035.0,75504
2023-07-04 00:00:00,17025.0,17116.0,16983.0,17106.0,67409
2023-07-05 00:00:00,17086.0,17098.0,16975.0,17005.0,72937
2023-07-06 00:00:00,16869.0,16898.0,16673.0,16686.0,108783
2023-07-07 00:00:00,16566.0,16708.0,16536.0,16623.0,96841
2023-07-10 00:00:00,16675.0,16737.0,16545.0,16550.0,99315
2023-07-11 00:00:00,16750.0,16877.0,16737.0,16870.0,83593
2023-07-12 00:00:00,16880.0,16929.0,16824.0,16925.0,78402
2023-07-13 00:00:00,17137.0,17255.0,17056.0,17084.0,107250
2023-07-14 00:00:00,17219.0,17305.0,17143.0,17292.0,88668
2023-07-17 00:00:00,17234.0,17345.0,17229.0,17291.0,94891
2023-07-18 00:00:00,17338.0,17386.0,17152.0,17225.0,119145
2023-07-19 00:00:00,17287.0,17325.0,17092.0,17102.0,67858
2023-07-20 00:00:00,17020.0,17150.0,17018.0,17126.0,88053
2023-07-21 00:00:00,16860.0,16984.0,16816.0,16944.0,99103
2023-07-24 00:00:00,16947.0,17024.0,16866.0,16981.0,94583
2023-07-25 00:00:00,17091.0,17225.0,17054.0,17180.0,92668
2023-07-26 00:00:00,17206.0,17208.0,17078.0,17102.0,92561
2023-07-27 00:00:00,17183.0,17263.0,17168.0,17221.0,91001
2023-07-28 00:00:00,17155.0,17299.0,17135.0,17262.0,105980
2023-07-31 00:00:00,17400.0,17425.0,17058.0,17100.0,130814
2023-08-01 00:00:00,17160.0,17218.0,17090.0,17182.0,92003
2023-08-02 00:00:00,17093.0,17162.0,16806.0,16814.0,136576
2023-08-04 00:00:00,16720.0,16863.0,16715.0,16824.0,96586
2023-08-07 00:00:00,16859.0,17027.0,16836.0,17002.0,93476
2023-08-08 00:00:00,17020.0,17026.0,16757.0,16853.0,114678
2023-08-09 00:00:00,16815.0,16935.0,16780.0,16852.0,99083
2023-08-10 00:00:00,16788.0,16797.0,16584.0,16660.0,115276
2023-08-11 00:00:00,16711.0,16754.0,16574.0,16625.0,96858
2023-08-14 00:00:00,16567.0,16570.0,16306.0,16378.0,142754
2023-08-15 00:00:00,16471.0,16540.0,16422.0,16422.0,89792
2023-08-16 00:00:00,16300.0,16413.0,16290.0,16364.0,58199
2023-08-17 00:00:00,16261.0,16493.0,16205.0,16454.0,124759
2023-08-18 00:00:00,16422.0,16541.0,16320.0,16352.0,118197
2023-08-21 00:00:00,16424.0,16474.0,16325.0,16351.0,91744
2023-08-22 00:00:00,16495.0,16507.0,16380.0,16401.0,86244
2023-08-23 00:00:00,16419.0,16561.0,16405.0,16559.0,97878
2023-08-24 00:00:00,16788.0,16798.0,16670.0,16759.0,108492
2023-08-25 00:00:00,16549.0,16586.0,16415.0,16421.0,99877
2023-08-28 00:00:00,16468.0,16548.0,16461.0,16490.0,83055
2023-08-29 00:00:00,16578.0,16632.0,16453.0,16624.0,84833
2023-08-30 00:00:00,16738.0,16778.0,16695.0,16724.0,69975
2023-08-31 00:00:00,16730.0,16731.0,16602.0,16628.0,89842
2023-09-01 00:00:00,16608.0,16727.0,16600.0,16651.0,78439
2023-09-04 00:00:00,16646.0,16782.0,16607.0,16782.0,84928
2023-09-05 00:00:00,16736.0,16765.0,16707.0,16754.0,57012
2023-09-06 00:00:00,16758.0,16801.0,16702.0,16711.0,70796
2023-09-07 00:00:00,16604.0,16660.0,16560.0,16564.0,78366
2023-09-08 00:00:00,16490.0,16579.0,16467.0,16563.0,74559
2023-09-11 00:00:00,16560.0,16577.0,16366.0,16427.0,104377
2023-09-12 00:00:00,16459.0,16591.0,16413.0,16573.0,94566
2023-09-13 00:00:00,16570.0,16645.0,16523.0,16577.0,79200
2023-09-14 00:00:00,16676.0,16842.0,16675.0,16838.0,83243
2023-09-15 00:00:00,16848.0,16918.0,16808.0,16906.0,76226
2023-09-18 00:00:00,16757.0,16796.0,16700.0,16709.0,99184
2023-09-19 00:00:00,16700.0,16741.0,16603.0,16609.0,87209
2023-09-20 00:00:00,16611.0,16648.0,16531.0,16537.0,47771
2023-09-21 00:00:00,16479.0,16483.0,16280.0,16309.0,104132
2023-09-22 00:00:00,16200.0,16355.0,16188.0,16345.0,77457
2023-09-25 00:00:00,16352.0,16491.0,16340.0,16464.0,69416
2023-09-26 00:00:00,16400.0,16408.0,16273.0,16308.0,88022
2023-09-27 00:00:00,16246.0,16334.0,16230.0,16311.0,76137
2023-09-28 00:00:00,16342.0,16435.0,16295.0,16368.0,90613
2023-10-02 00:00:00,16531.0,16610.0,16504.0,16557.0,76695
2023-10-03 00:00:00,16497.0,16553.0,16408.0,16412.0,84437
2023-10-04 00:00:00,16285.0,16286.0,16164.0,16245.0,105815
2023-10-05 00:00:00,16300.0,16486.0,16288.0,16456.0,88286
2023-10-06 00:00:00,16476.0,16552.0,16473.0,16531.0,67779
2023-10-11 00:00:00,16829.0,16829.0,16662.0,16717.0,83064
2023-10-12 00:00:00,16768.0,16857.0,16725.0,16848.0,76196
2023-10-13 00:00:00,16750.0,16807.0,16730.0,16770.0,67885
2023-10-16 00:00:00,16661.0,16683.0,16603.0,16648.0,101143
2023-10-17 00:00:00,16764.0,16782.0,16634.0,16650.0,82744
2023-10-18 00:00:00,16616.0,16633.0,16411.0,16426.0,62045
2023-10-19 00:00:00,16365.0,16487.0,16357.0,16458.0,83646
2023-10-20 00:00:00,16440.0,16465.0,16255.0,16413.0,115247
2023-10-23 00:00:00,16350.0,16366.0,16250.0,16254.0,79206
2023-10-24 00:00:00,16274.0,16343.0,16148.0,16335.0,117248
2023-10-25 00:00:00,16370.0,16480.0,16350.0,16358.0,85062
2023-10-26 00:00:00,16144.0,16176.0,16039.0,16069.0,110234
2023-10-27 00:00:00,16137.0,16217.0,16120.0,16151.0,84813
2023-10-30 00:00:00,16118.0,16238.0,16111.0,16157.0,88685
2023-10-31 00:00:00,16180.0,16197.0,15973.0,15994.0,109000
2023-11-01 00:00:00,16099.0,16120.0,15978.0,16048.0,86885
2023-11-02 00:00:00,16256.0,16399.0,16250.0,16390.0,80878
2023-11-03 00:00:00,16488.0,16537.0,16441.0,16512.0,73936
2023-11-06 00:00:00,16680.0,16750.0,16626.0,16670.0,83172
2023-11-07 00:00:00,16632.0,16712.0,16613.0,16709.0,65290
2023-11-08 00:00:00,16725.0,16797.0,16687.0,16749.0,76332
2023-11-09 00:00:00,16711.0,16788.0,16692.0,16763.0,69823
2023-11-10 00:00:00,16664.0,16738.0,16627.0,16736.0,83384
2023-11-13 00:00:00,16969.0,16985.0,16836.0,16876.0,100083
2023-11-14 00:00:00,16956.0,16976.0,16912.0,16949.0,73343
2023-11-15 00:00:00,17170.0,17192.0,17055.0,17123.0,52992
2023-11-16 00:00:00,17196.0,17218.0,17109.0,17186.0,72693
2023-11-17 00:00:00,17152.0,17252.0,17151.0,17222.0,72936
2023-11-20 00:00:00,17227.0,17288.0,17154.0,17200.0,72251
2023-11-21 00:00:00,17281.0,17425.0,17280.0,17415.0,70242
2023-11-22 00:00:00,17298.0,17334.0,17256.0,17284.0,65563
2023-11-23 00:00:00,17275.0,17323.0,17214.0,17307.0,73777
2023-11-24 00:00:00,17330.0,17350.0,17265.0,17293.0,51647
2023-11-27 00:00:00,17257.0,17361.0,17145.0,17173.0,90354
2023-11-28 00:00:00,17215.0,17402.0,17195.0,17364.0,87471
2023-11-29 00:00:00,17339.0,17450.0,17314.0,17334.0,79086
2023-11-30 00:00:00,17400.0,17416.0,17291.0,17393.0,82954
2023-12-01 00:00:00,17333.0,17434.0,17254.0,17421.0,79764
2023-12-04 00:00:00,17465.0,17491.0,17376.0,17419.0,69262
2023-12-05 00:00:00,17285.0,17330.0,17231.0,17309.0,76784
2023-12-06 00:00:00,17367.0,17453.0,17346.0,17381.0,79377
2023-12-07 00:00:00,17321.0,17371.0,17261.0,17270.0,77297
2023-12-08 00:00:00,17409.0,17470.0,17363.0,17377.0,88169
2023-12-11 00:00:00,17436.0,17457.0,17350.0,17418.0,65150
2023-12-12 00:00:00,17518.0,17545.0,17427.0,17464.0,67207
2023-12-13 00:00:00,17491.0,17519.0,17426.0,17453.0,65147
2023-12-14 00:00:00,17608.0,17691.0,17595.0,17666.0,96741
2023-12-15 00:00:00,17771.0,17775.0,17672.0,17674.0,80686
2023-12-18 00:00:00,17672.0,17673.0,17583.0,17655.0,93527
2023-12-19 00:00:00,17596.0,17621.0,17505.0,17574.0,88844
2023-12-20 00:00:00,17605.0,17655.0,17596.0,17636.0,41677
2023-12-21 00:00:00,17442.0,17544.0,17414.0,17529.0,72886
2023-12-22 00:00:00,17563.0,17597.0,17542.0,17558.0,52791
2023-12-25 00:00:00,17644.0,17666.0,17607.0,17622.0,36922
2023-12-26 00:00:00,17651.0,17740.0,17634.0,17735.0,52770
2023-12-27 00:00:00,17755.0,17874.0,17737.0,17857.0,64820
2023-12-28 00:00:00,17850.0,17887.0,17821.0,17865.0,56537
2023-12-29 00:00:00,17853.0,17900.0,17828.0,17868.0,56505
2024-01-02 00:00:00,17838.0,17920.0,17751.0,17798.0,82827
2024-01-03 00:00:00,17658.0,17667.0,17507.0,17546.0,97851
2024-01-04 00:00:00,17525.0,17583.0,17525.0,17546.0,57402
2024-01-05 00:00:00,17577.0,17626.0,17491.0,17519.0,77062
2024-01-08 00:00:00,17572.0,17706.0,17568.0,17595.0,86585
2024-01-09 00:00:00,17770.0,17782.0,17526.0,17545.0,96286
2024-01-10 00:00:00,17509.0,17521.0,17439.0,17458.0,70327
2024-01-11 00:00:00,17490.0,17606.0,17481.0,17575.0,86899
2024-01-12 00:00:00,17466.0,17570.0,17447.0,17489.0,83946
2024-01-15 00:00:00,17580.0,17655.0,17527.0,17559.0,137809
2024-01-16 00:00:00,17480.0,17499.0,17321.0,17333.0,123488
2024-01-17 00:00:00,17313.0,17344.0,17159.0,17167.0,63464
2024-01-18 00:00:00,17240.0,17326.0,17215.0,17280.0,90702
2024-01-19 00:00:00,17541.0,17684.0,17504.0,17678.0,111839
2024-01-22 00:00:00,17816.0,17843.0,17747.0,17817.0,83035
2024-01-23 00:00:00,17799.0,17877.0,17790.0,17870.0,77256
2024-01-24 00:00:00,17903.0,17941.0,17876.0,17903.0,65654
2024-01-25 00:00:00,18016.0,18030.0,17935.0,17995.0,74949
2024-01-26 00:00:00,17951.0,18023.0,17936.0,17999.0,65973
2024-01-29 00:00:00,18011.0,18135.0,17970.0,18125.0,73311
2024-01-30 00:00:00,18129.0,18139.0,18064.0,18081.0,63313
2024-01-31 00:00:00,17990.0,18003.0,17904.0,17920.0,78949
2024-02-01 00:00:00,17956.0,17994.0,17882.0,17986.0,82846
2024-02-02 00:00:00,18100.0,18105.0,18023.0,18084.0,64193
2024-02-05 00:00:00,18008.0,18102.0,17958.0,18086.0,72290
2024-02-15 00:00:00,18590.0,18696.0,18531.0,18667.0,112201
2024-02-16 00:00:00,18683.0,18726.0,18633.0,18634.0,65410
2024-02-19 00:00:00,18680.0,18692.0,18619.0,18671.0,80197
2024-02-20 00:00:00,18634.0,18754.0,18596.0,18753.0,86334
2024-02-21 00:00:00,18738.0,18750.0,18659.0,18670.0,41207
2024-02-22 00:00:00,18887.0,18890.0,18751.0,18889.0,84610
2024-02-23 00:00:00,18990.0,19000.0,18898.0,18913.0,80858
2024-02-26 00:00:00,18907.0,18996.0,18853.0,18963.0,68087
2024-02-27 00:00:00,18950.0,19020.0,18750.0,18867.0,120451
2024-02-29 00:00:00,18808.0,18997.0,18805.0,18966.0,84818
2024-03-01 00:00:00,18968.0,19017.0,18924.0,18961.0,75198
2024-03-04 00:00:00,19144.0,19340.0,19137.0,19314.0,97821
2024-03-05 00:00:00,19362.0,19436.0,19305.0,19389.0,83640
2024-03-06 00:00:00,19282.0,19523.0,19271.0,19509.0,96101
2024-03-07 00:00:00,19688.0,19770.0,19584.0,19709.0,122063
2024-03-08 00:00:00,19930.0,20009.0,19638.0,19791.0,172140
2024-03-11 00:00:00,19691.0,19825.0,19679.0,19715.0,97483
2024-03-12 00:00:00,19714.0,19956.0,19698.0,19955.0,91498
2024-03-13 00:00:00,19994.0,20064.0,19886.0,19927.0,111450
2024-03-14 00:00:00,19897.0,19978.0,19799.0,19939.0,108905
2024-03-15 00:00:00,19828.0,19873.0,19723.0,19730.0,109827
2024-03-18 00:00:00,19778.0,19920.0,19747.0,19919.0,100312
2024-03-19 00:00:00,19816.0,19911.0,19739.0,19867.0,106964
2024-03-20 00:00:00,19860.0,19956.0,19731.0,19747.0,70463
2024-03-21 00:00:00,20048.0,20264.0,20029.0,20264.0,110169
2024-03-22 00:00:00,20226.0,20285.0,20122.0,20242.0,94477
2024-03-25 00:00:00,20256.0,20307.0,20188.0,20231.0,72613
2024-03-26 00:00:00,20280.0,20459.0,20038.0,20187.0,173550
2024-03-27 00:00:00,20185.0,20288.0,20148.0,20261.0,86234
2024-03-28 00:00:00,20238.0,20250.0,20081.0,20203.0,103798
2024-03-29 00:00:00,20226.0,20299.0,20192.0,20280.0,84010
2024-04-01 00:00:00,20393.0,20400.0,20259.0,20288.0,83567
2024-04-02 00:00:00,20350.0,20524.0,20350.0,20523.0,96508
2024-04-03 00:00:00,20370.0,20419.0,20275.0,20349.0,111570
2024-04-08 00:00:00,20404.0,20520.0,20375.0,20450.0,85815
2024-04-09 00:00:00,20538.0,20877.0,20518.0,20874.0,117238
2024-04-10 00:00:00,20822.0,20892.0,20804.0,20851.0,75731
2024-04-11 00:00:00,20706.0,20764.0,20651.0,20753.0,88537
2024-04-12 00:00:00,20745.0,20809.0,20682.0,20755.0,91615
2024-04-15 00:00:00,20544.0,20605.0,20460.0,20508.0,114946
2024-04-16 00:00:00,20278.0,20286.0,19798.0,19953.0,175352
2024-04-17 00:00:00,19942.0,20289.0,19927.0,20238.0,73085
2024-04-18 00:00:00,20070.0,20359.0,20025.0,20358.0,120221
2024-04-19 00:00:00,19840.0,19924.0,19265.0,19546.0,237961
2024-04-22 00:00:00,19620.0,19715.0,19445.0,19524.0,135191
2024-04-23 00:00:00,19651.0,19745.0,19554.0,19677.0,100612
2024-04-24 00:00:00,19930.0,20202.0,19916.0,20170.0,101458
2024-04-25 00:00:00,19940.0,19979.0,19834.0,19885.0,96972
2024-04-26 00:00:00,20126.0,20271.0,20070.0,20178.0,113798
2024-04-29 00:00:00,20350.0,20560.0,20310.0,20552.0,97993
2024-04-30 00:00:00,20518.0,20576.0,20404.0,20413.0,77061
2024-05-02 00:00:00,20250.0,20380.0,20215.0,20291.0,90193
2024-05-03 00:00:00,20548.0,20597.0,20306.0,20382.0,100974
2024-05-06 00:00:00,20685.0,20714.0,20562.0,20602.0,83722
2024-05-07 00:00:00,20733.0,20756.0,20536.0,20650.0,85595
2024-05-08 00:00:00,20618.0,20738.0,20574.0,20725.0,73449
2024-05-09 00:00:00,20707.0,20763.0,20605.0,20612.0,79443
2024-05-10 00:00:00,20738.0,20828.0,20616.0,20809.0,97925
2024-05-13 00:00:00,20942.0,20965.0,20833.0,20883.0,98279
2024-05-14 00:00:00,20892.0,21015.0,20868.0,21013.0,83853
2024-05-15 00:00:00,21184.0,21361.0,21116.0,21143.0,63511
2024-05-16 00:00:00,21465.0,21556.0,21326.0,21370.0,104856
2024-05-17 00:00:00,21303.0,21407.0,21288.0,21336.0,71837
2024-05-20 00:00:00,21435.0,21485.0,21153.0,21302.0,109398
2024-05-21 00:00:00,21324.0,21350.0,21165.0,21277.0,74973
2024-05-22 00:00:00,21293.0,21613.0,21283.0,21583.0,95352
2024-05-23 00:00:00,21630.0,21661.0,21492.0,21604.0,85458
2024-05-24 00:00:00,21448.0,21617.0,21414.0,21565.0,74314
2024-05-27 00:00:00,21670.0,21917.0,21655.0,21875.0,88063
2024-05-28 00:00:00,21892.0,21994.0,21845.0,21954.0,71888
2024-05-29 00:00:00,21865.0,21907.0,21720.0,21722.0,85938
2024-05-30 00:00:00,21512.0,21553.0,21368.0,21391.0,100242
2024-05-31 00:00:00,21505.0,21583.0,21253.0,21285.0,130856
2024-06-03 00:00:00,21469.0,21698.0,21424.0,21654.0,116258
2024-06-04 00:00:00,21560.0,21574.0,21284.0,21320.0,111097
2024-06-05 00:00:00,21350.0,21493.0,21226.0,21463.0,108838
2024-06-06 00:00:00,21825.0,21962.0,21791.0,21875.0,109836
2024-06-07 00:00:00,21839.0,21908.0,21781.0,21897.0,69801
2024-06-11 00:00:00,21920.0,21970.0,21783.0,21798.0,94289
2024-06-12 00:00:00,21829.0,22063.0,21790.0,22046.0,95615
2024-06-13 00:00:00,22308.0,22473.0,22207.0,22323.0,114828
2024-06-14 00:00:00,22274.0,22514.0,22270.0,22511.0,86467
2024-06-17 00:00:00,22430.0,22554.0,22420.0,22477.0,91913
2024-06-18 00:00:00,22726.0,22812.0,22666.0,22786.0,98310
2024-06-19 00:00:00,22956.0,23291.0,22940.0,23225.0,79725
2024-06-20 00:00:00,23153.0,23380.0,23106.0,23378.0,90192
2024-06-21 00:00:00,23034.0,23291.0,23025.0,23210.0,98199
2024-06-24 00:00:00,23050.0,23073.0,22708.0,22746.0,125022
2024-06-25 00:00:00,22608.0,22776.0,22410.0,22743.0,126047
2024-06-26 00:00:00,22806.0,23005.0,22744.0,22872.0,113347
2024-06-27 00:00:00,22614.0,22822.0,22555.0,22793.0,83796
2024-06-28 00:00:00,22908.0,23117.0,22793.0,22983.0,103428
2024-07-01 00:00:00,22960.0,23166.0,22938.0,22991.0,83651
2024-07-02 00:00:00,22838.0,22993.0,22717.0,22831.0,104985
2024-07-03 00:00:00,23073.0,23188.0,22981.0,23185.0,83985
2024-07-04 00:00:00,23487.0,23626.0,23461.0,23624.0,88198
2024-07-05 00:00:00,23659.0,23677.0,23526.0,23570.0,60596
2024-07-08 00:00:00,23545.0,23994.0,23512.0,23913.0,107009
2024-07-09 00:00:00,23945.0,24092.0,23624.0,23878.0,130797
2024-07-10 00:00:00,23759.0,24014.0,23702.0,24000.0,106474
2024-07-11 00:00:00,24251.0,24405.0,24160.0,24367.0,93552
2024-07-12 00:00:00,24038.0,24070.0,23784.0,23808.0,115064
2024-07-15 00:00:00,24091.0,24112.0,23756.0,23853.0,128376
2024-07-16 00:00:00,23830.0,24182.0,23824.0,24002.0,129269
2024-07-17 00:00:00,23980.0,24000.0,23647.0,23679.0,82666
2024-07-18 00:00:00,23294.0,23444.0,23154.0,23383.0,126201
2024-07-19 00:00:00,23148.0,23185.0,22853.0,22909.0,126482
2024-07-22 00:00:00,22859.0,22906.0,22184.0,22379.0,177941
2024-07-23 00:00:00,22600.0,22871.0,22571.0,22830.0,95310
2024-07-26 00:00:00,22028.0,22156.0,21918.0,22095.0,121567
2024-07-29 00:00:00,22430.0,22519.0,22146.0,22261.0,99245
2024-07-30 00:00:00,21933.0,22299.0,21809.0,22246.0,126029
2024-07-31 00:00:00,22050.0,22348.0,22013.0,22290.0,109982
2024-08-01 00:00:00,22721.0,22728.0,22460.0,22653.0,102459
2024-08-02 00:00:00,22000.0,22099.0,21508.0,21533.0,139674
2024-08-05 00:00:00,20712.0,20742.0,19374.0,19374.0,211207
2024-08-06 00:00:00,20395.0,20790.0,19589.0,20420.0,190100
2024-08-07 00:00:00,20500.0,21335.0,20494.0,21131.0,155051
2024-08-08 00:00:00,20680.0,21082.0,20545.0,20696.0,121331
2024-08-09 00:00:00,21305.0,21593.0,21032.0,21481.0,136829
2024-08-12 00:00:00,21650.0,21895.0,21600.0,21677.0,89347
2024-08-13 00:00:00,21848.0,21898.0,21662.0,21769.0,68585
2024-08-14 00:00:00,22104.0,22158.0,21908.0,21978.0,85768
2024-08-15 00:00:00,21993.0,22114.0,21836.0,21840.0,71553
2024-08-16 00:00:00,22324.0,22447.0,22277.0,22367.0,83257
2024-08-19 00:00:00,22400.0,22521.0,22320.0,22361.0,103565
2024-08-20 00:00:00,22555.0,22574.0,22389.0,22436.0,84420
2024-08-21 00:00:00,22311.0,22344.0,22151.0,22200.0,47368
2024-08-22 00:00:00,22229.0,22277.0,22026.0,22100.0,72407
2024-08-23 00:00:00,21942.0,22170.0,21865.0,22129.0,67429
2024-08-26 00:00:00,22230.0,22450.0,22131.0,22206.0,82518
2024-08-27 00:00:00,22112.0,22210.0,21998.0,22146.0,64037
2024-08-28 00:00:00,22181.0,22414.0,22048.0,22401.0,77112
2024-08-29 00:00:00,21938.0,22245.0,21900.0,22176.0,80378
2024-08-30 00:00:00,22320.0,22366.0,22213.0,22323.0,62747
2024-09-02 00:00:00,22318.0,22448.0,22172.0,22227.0,72350
2024-09-03 00:00:00,22205.0,22314.0,22000.0,22070.0,72699
2024-09-04 00:00:00,21246.0,21347.0,20828.0,20947.0,139676
2024-09-05 00:00:00,21310.0,21454.0,21056.0,21183.0,85120
2024-09-06 00:00:00,21211.0,21435.0,21013.0,21319.0,92055
2024-09-09 00:00:00,20734.0,21125.0,20616.0,21073.0,95274
2024-09-10 00:00:00,21233.0,21281.0,20905.0,21000.0,96570
2024-09-11 00:00:00,21100.0,21130.0,20950.0,21005.0,74321
2024-09-12 00:00:00,21597.0,21780.0,21461.0,21711.0,91690
2024-09-13 00:00:00,21800.0,21833.0,21657.0,21820.0,74408
2024-09-16 00:00:00,21807.0,21871.0,21735.0,21813.0,72650
2024-09-18 00:00:00,21730.0,21872.0,21560.0,21619.0,46802
2024-09-19 00:00:00,21763.0,22082.0,21661.0,22074.0,82818
2024-09-20 00:00:00,22345.0,22425.0,22186.0,22220.0,69559
2024-09-23 00:00:00,22291.0,22392.0,22258.0,22338.0,52925
2024-09-24 00:00:00,22298.0,22508.0,22152.0,22491.0,77440
2024-09-25 00:00:00,22835.0,22860.0,22739.0,22792.0,63897
2024-09-26 00:00:00,23034.0,23078.0,22892.0,22957.0,65948
2024-09-27 00:00:00,23190.0,23195.0,22878.0,22884.0,75657
2024-09-30 00:00:00,22699.0,22755.0,22316.0,22326.0,87164
2024-10-01 00:00:00,22246.0,22463.0,22228.0,22391.0,57504
2024-10-04 00:00:00,22331.0,22507.0,22250.0,22284.0,83107
2024-10-07 00:00:00,22570.0,22808.0,22539.0,22779.0,76667
2024-10-08 00:00:00,22606.0,22634.0,22392.0,22575.0,73369
2024-10-09 00:00:00,22770.0,22888.0,22666.0,22702.0,66303
2024-10-11 00:00:00,22829.0,23047.0,22794.0,22912.0,69251
2024-10-14 00:00:00,22987.0,23049.0,22818.0,23008.0,85874
2024-10-15 00:00:00,23168.0,23386.0,23101.0,23225.0,79192
2024-10-16 00:00:00,22897.0,23203.0,22855.0,22986.0,47339
2024-10-17 00:00:00,23142.0,23277.0,23005.0,23256.0,75826
2024-10-18 00:00:00,23820.0,23840.0,23527.0,23657.0,90326
2024-10-21 00:00:00,23810.0,23836.0,23566.0,23567.0,53481
2024-10-22 00:00:00,23560.0,23637.0,23332.0,23633.0,70377
2024-10-23 00:00:00,23498.0,23511.0,23336.0,23406.0,65409
2024-10-24 00:00:00,23383.0,23449.0,23203.0,23304.0,73038
2024-10-25 00:00:00,23270.0,23487.0,23252.0,23481.0,57307
2024-10-28 00:00:00,23650.0,23657.0,23216.0,23326.0,84796
2024-10-29 00:00:00,23137.0,23148.0,22693.0,22976.0,107580
2024-10-30 00:00:00,23072.0,23145.0,22845.0,22904.0,63255
2024-11-01 00:00:00,22397.0,22822.0,22232.0,22753.0,87411
2024-11-04 00:00:00,22767.0,23046.0,22700.0,23041.0,65879
2024-11-05 00:00:00,22808.0,23239.0,22782.0,23135.0,73010
2024-11-06 00:00:00,23250.0,23448.0,23051.0,23324.0,102643
2024-11-07 00:00:00,23183.0,23576.0,23085.0,23532.0,78519
2024-11-08 00:00:00,23772.0,23794.0,23528.0,23781.0,71139
2024-11-11 00:00:00,23555.0,23632.0,23309.0,23573.0,71558
2024-11-12 00:00:00,23013.0,23242.0,22863.0,22869.0,84421
2024-11-13 00:00:00,22755.0,23015.0,22730.0,22783.0,73177
2024-11-14 00:00:00,22786.0,22880.0,22576.0,22684.0,86815
2024-11-15 00:00:00,22710.0,22930.0,22684.0,22759.0,71504
2024-11-18 00:00:00,22654.0,22789.0,22544.0,22574.0,93348
2024-11-19 00:00:00,22641.0,22995.0,22592.0,22850.0,90975
2024-11-20 00:00:00,22906.0,22956.0,22668.0,22686.0,40197
2024-11-21 00:00:00,22647.0,22733.0,22514.0,22573.0,74026
2024-11-22 00:00:00,22811.0,23066.0,22780.0,23038.0,71376
2024-11-25 00:00:00,23254.0,23287.0,23014.0,23066.0,61805
2024-11-26 00:00:00,22710.0,22845.0,22615.0,22636.0,68259
2024-11-27 00:00:00,22600.0,22690.0,22341.0,22347.0,67320
2024-11-28 00:00:00,22302.0,22385.0,22117.0,22337.0,75167
2024-11-29 00:00:00,22210.0,22438.0,22004.0,22313.0,84632
2024-12-02 00:00:00,22530.0,22828.0,22498.0,22827.0,61921
2024-12-03 00:00:00,23152.0,23191.0,22999.0,23112.0,64384
2024-12-04 00:00:00,23200.0,23296.0,23071.0,23294.0,52064
2024-12-05 00:00:00,23260.0,23328.0,23211.0,23251.0,45283
2024-12-06 00:00:00,23321.0,23360.0,23134.0,23179.0,60688
2024-12-09 00:00:00,23193.0,23287.0,23170.0,23249.0,47014
2024-12-10 00:00:00,23228.0,23337.0,23026.0,23090.0,70540
2024-12-11 00:00:00,22887.0,23055.0,22824.0,22848.0,60252
2024-12-12 00:00:00,23004.0,23211.0,23003.0,23107.0,59344
2024-12-13 00:00:00,22996.0,23092.0,22888.0,22986.0,64309
2024-12-16 00:00:00,23220.0,23270.0,22946.0,22961.0,95042
2024-12-17 00:00:00,23105.0,23215.0,23024.0,23031.0,77090
2024-12-18 00:00:00,22937.0,23200.0,22902.0,23105.0,44222
2024-12-19 00:00:00,22747.0,22906.0,22718.0,22849.0,72523
2024-12-20 00:00:00,22767.0,22793.0,22590.0,22635.0,75535
2024-12-23 00:00:00,22904.0,23245.0,22899.0,23242.0,67589
2024-12-24 00:00:00,23430.0,23459.0,23187.0,23216.0,47581
2024-12-25 00:00:00,23340.0,23349.0,23240.0,23329.0,32836
2024-12-26 00:00:00,23358.0,23380.0,23285.0,23326.0,27231
2024-12-27 00:00:00,23194.0,23378.0,23148.0,23372.0,43009
2024-12-30 00:00:00,23202.0,23324.0,23154.0,23177.0,37022
2024-12-31 00:00:00,22998.0,23110.0,22955.0,23041.0,48455
2025-01-02 00:00:00,22935.0,22995.0,22689.0,22842.0,78968
2025-01-03 00:00:00,22935.0,23108.0,22905.0,22977.0,62488
2025-01-06 00:00:00,23222.0,23620.0,23218.0,23609.0,71554
2025-01-07 00:00:00,23965.0,23990.0,23723.0,23752.0,60282
2025-01-08 00:00:00,23549.0,23649.0,23439.0,23450.0,57685
2025-01-09 00:00:00,23258.0,23410.0,23083.0,23105.0,61445
2025-01-10 00:00:00,23083.0,23141.0,22955.0,23049.0,66921
2025-01-13 00:00:00,22960.0,23008.0,22431.0,22535.0,125404
2025-01-14 00:00:00,22594.0,22767.0,22530.0,22750.0,76895
2025-01-15 00:00:00,22728.0,22749.0,22493.0,22519.0,34849
2025-01-16 00:00:00,23080.0,23217.0,22990.0,23031.0,72531
2025-01-17 00:00:00,23277.0,23318.0,22956.0,23190.0,65291
2025-01-20 00:00:00,23249.0,23417.0,23222.0,23346.0,44940
2025-01-21 00:00:00,23426.0,23432.0,23203.0,23365.0,54466
2025-01-22 00:00:00,23600.0,23719.0,23573.0,23698.0,53241
2025-02-03 00:00:00,22680.0,22817.0,22539.0,22598.0,84296
2025-02-04 00:00:00,22919.0,22945.0,22708.0,22822.0,58313
2025-02-05 00:00:00,23077.0,23284.0,23063.0,23133.0,58490
2025-02-06 00:00:00,23355.0,23379.0,23234.0,23290.0,39302
2025-03-10 00:00:00,22456.0,22547.0,22315.0,22446.0,65258
2025-03-11 00:00:00,21868.0,22085.0,21661.0,22031.0,87716
2025-03-12 00:00:00,22101.0,22345.0,22044.0,22232.0,67700
2025-03-13 00:00:00,22445.0,22475.0,21917.0,21920.0,76396
2025-03-14 00:00:00,22120.0,22131.0,21874.0,21961.0,73591
2025-03-17 00:00:00,22161.0,22312.0,22111.0,22158.0,91180
2025-03-18 00:00:00,22373.0,22385.0,22191.0,22230.0,73960
2025-03-19 00:00:00,22238.0,22247.0,21935.0,21964.0,35128
2025-03-20 00:00:00,22236.0,22417.0,22202.0,22365.0,62082
2025-03-21 00:00:00,22323.0,22377.0,22173.0,22177.0,59593
2025-03-24 00:00:00,22302.0,22399.0,22124.0,22160.0,53681
2025-03-25 00:00:00,22330.0,22443.0,22202.0,22298.0,64095
2025-03-26 00:00:00,22409.0,22429.0,22250.0,22305.0,53992
2025-03-27 00:00:00,22031.0,22052.0,21891.0,21968.0,60620
2025-03-28 00:00:00,21750.0,21795.0,21485.0,21603.0,79673
2025-03-31 00:00:00,20856.0,21065.0,20724.0,20769.0,103146
2025-04-01 00:00:00,21000.0,21271.0,20888.0,21181.0,81447
2025-04-02 00:00:00,21273.0,21360.0,21188.0,21304.0,66423
2025-04-07 00:00:00,19167.0,19167.0,19167.0,19167.0,2736
2025-04-08 00:00:00,18596.0,18754.0,18004.0,18190.0,152423
2025-04-09 00:00:00,17846.0,18286.0,17139.0,17204.0,176779
2025-04-10 00:00:00,18902.0,18902.0,18902.0,18902.0,2382
2025-04-11 00:00:00,18560.0,19566.0,18441.0,19524.0,132834
2025-04-14 00:00:00,19800.0,19982.0,19450.0,19491.0,129898
2025-04-15 00:00:00,19585.0,19833.0,19517.0,19798.0,83145
2025-04-16 00:00:00,19601.0,19672.0,19426.0,19548.0,40993
2025-04-17 00:00:00,19243.0,19406.0,19112.0,19369.0,79033
2025-04-18 00:00:00,19380.0,19432.0,19288.0,19330.0,43062
2025-04-21 00:00:00,19347.0,19368.0,19027.0,19099.0,60135
2025-04-22 00:00:00,18945.0,19035.0,18773.0,18797.0,69898
2025-04-23 00:00:00,19250.0,19596.0,19171.0,19554.0,76954
2025-04-24 00:00:00,19636.0,19682.0,19413.0,19466.0,58194
2025-04-25 00:00:00,19980.0,20008.0,19848.0,19873.0,66662
2025-04-28 00:00:00,19965.0,20053.0,19933.0,19965.0,44357
2025-04-29 00:00:00,19980.0,20207.0,19963.0,20154.0,57788
2025-04-30 00:00:00,20091.0,20268.0,20065.0,20149.0,58130
2025-05-02 00:00:00,20488.0,20710.0,20469.0,20677.0,61777
2025-05-05 00:00:00,20757.0,20796.0,20206.0,20404.0,97067
2025-05-06 00:00:00,20150.0,20483.0,20150.0,20337.0,69754
2025-05-07 00:00:00,20440.0,20560.0,20265.0,20381.0,73631
2025-05-08 00:00:00,20475.0,20695.0,20452.0,20575.0,63264
2025-05-09 00:00:00,20649.0,20872.0,20596.0,20848.0,67856
2025-05-12 00:00:00,21015.0,21134.0,20978.0,21066.0,58691
2025-05-13 00:00:00,21421.0,21520.0,21288.0,21360.0,61021
2025-05-14 00:00:00,21677.0,21787.0,21579.0,21768.0,59116
2025-05-15 00:00:00,21776.0,21810.0,21676.0,21694.0,45704
2025-05-16 00:00:00,21775.0,21878.0,21679.0,21821.0,55404
2025-05-19 00:00:00,21682.0,21748.0,21499.0,21538.0,98203
2025-05-20 00:00:00,21753.0,21772.0,21505.0,21539.0,81214
2025-05-21 00:00:00,21564.0,21852.0,21549.0,21849.0,36813
2025-05-22 00:00:00,21465.0,21550.0,21396.0,21503.0,48283
2025-05-23 00:00:00,21558.0,21640.0,21372.0,21470.0,51667
2025-05-26 00:00:00,21450.0,21569.0,21357.0,21385.0,56961
2025-05-27 00:00:00,21403.0,21438.0,21133.0,21233.0,61109
2025-05-28 00:00:00,21420.0,21512.0,21150.0,21252.0,69146
2025-05-29 00:00:00,21513.0,21616.0,21275.0,21320.0,76415
2025-06-02 00:00:00,20976.0,21049.0,20790.0,20866.0,66441
2025-06-03 00:00:00,21034.0,21221.0,20955.0,20971.0,64909
2025-06-04 00:00:00,21280.0,21533.0,21261.0,21482.0,61616
2025-06-05 00:00:00,21589.0,21677.0,21512.0,21553.0,46482
2025-06-06 00:00:00,21599.0,21630.0,21513.0,21578.0,37655
2025-06-09 00:00:00,21663.0,21788.0,21626.0,21727.0,43471
2025-06-10 00:00:00,21879.0,22236.0,21850.0,22113.0,70320
2025-06-11 00:00:00,22296.0,22355.0,22190.0,22351.0,53385
2025-06-12 00:00:00,22315.0,22329.0,22214.0,22252.0,43973
2025-06-13 00:00:00,21954.0,22139.0,21893.0,21940.0,87803
2025-06-16 00:00:00,22030.0,22061.0,21868.0,22032.0,95307
2025-06-17 00:00:00,22150.0,22260.0,22061.0,22159.0,88076
2025-06-18 00:00:00,22109.0,22384.0,22080.0,22308.0,40498
2025-06-19 00:00:00,21820.0,21857.0,21675.0,21704.0,52900
2025-06-20 00:00:00,21635.0,21743.0,21470.0,21653.0,67982
2025-06-23 00:00:00,21350.0,21484.0,21205.0,21473.0,72002
2025-06-24 00:00:00,21770.0,21966.0,21764.0,21959.0,69758
2025-06-25 00:00:00,22138.0,22168.0,22017.0,22159.0,49936
2025-06-26 00:00:00,22161.0,22263.0,22078.0,22117.0,59606
2025-06-27 00:00:00,22197.0,22221.0,21989.0,22121.0,60785
2025-06-30 00:00:00,22239.0,22254.0,22083.0,22145.0,50980
2025-07-01 00:00:00,22197.0,22593.0,22191.0,22353.0,86050
2025-07-02 00:00:00,22298.0,22401.0,22208.0,22396.0,47593
2025-07-03 00:00:00,22568.0,22716.0,22547.0,22675.0,53951
2025-07-04 00:00:00,22739.0,22762.0,22431.0,22435.0,56506
2025-07-07 00:00:00,22349.0,22506.0,22244.0,22336.0,61023
2025-07-08 00:00:00,22353.0,22397.0,22141.0,22251.0,63578
2025-07-09 00:00:00,22250.0,22473.0,22146.0,22434.0,57715
2025-07-10 00:00:00,22470.0,22647.0,22410.0,22611.0,58504
2025-07-11 00:00:00,22519.0,22774.0,22488.0,22764.0,62637
2025-07-14 00:00:00,22670.0,22695.0,22520.0,22551.0,90014
2025-07-15 00:00:00,22529.0,22882.0,22512.0,22810.0,102751
2025-07-16 00:00:00,22849.0,23116.0,22845.0,23047.0,39445
2025-07-17 00:00:00,22958.0,23150.0,22866.0,23148.0,60136
2025-07-18 00:00:00,23350.0,23399.0,23230.0,23262.0,51164
2025-07-21 00:00:00,23234.0,23301.0,23172.0,23228.0,40802
2025-07-22 00:00:00,23241.0,23406.0,22977.0,22990.0,77037
2025-07-23 00:00:00,23006.0,23258.0,23000.0,23186.0,63250
2025-07-24 00:00:00,23400.0,23408.0,23229.0,23310.0,46341
2025-07-25 00:00:00,23264.0,23328.0,23207.0,23238.0,43044
2025-07-28 00:00:00,23368.0,23483.0,23265.0,23392.0,55104
2025-07-29 00:00:00,23326.0,23359.0,23027.0,23163.0,73363
2025-07-30 00:00:00,23213.0,23421.0,23198.0,23361.0,72116
2025-07-31 00:00:00,23497.0,23621.0,23355.0,23589.0,66444
2025-08-01 00:00:00,23064.0,23442.0,23048.0,23344.0,69641
2025-08-04 00:00:00,23108.0,23300.0,23032.0,23260.0,55560
2025-08-05 00:00:00,23446.0,23584.0,23421.0,23575.0,52372
2025-08-06 00:00:00,23423.0,23483.0,23381.0,23425.0,45239
2025-08-07 00:00:00,23660.0,24054.0,23653.0,23997.0,71465
2025-08-08 00:00:00,24091.0,24095.0,23947.0,23949.0,42140
2025-08-11 00:00:00,23973.0,24223.0,23833.0,24162.0,62090
2025-08-12 00:00:00,24155.0,24241.0,24088.0,24135.0,53748
2025-08-13 00:00:00,24298.0,24412.0,24154.0,24347.0,71303
2025-08-14 00:00:00,24337.0,24362.0,24207.0,24250.0,46241
2025-08-15 00:00:00,24282.0,24385.0,24188.0,24312.0,64076
2025-08-18 00:00:00,24199.0,24462.0,24176.0,24426.0,86686
2025-08-19 00:00:00,24380.0,24447.0,24313.0,24342.0,70121
2025-08-20 00:00:00,24156.0,24201.0,23631.0,23637.0,51192
2025-08-21 00:00:00,23729.0,23943.0,23691.0,23852.0,63709
2025-08-22 00:00:00,23877.0,23982.0,23732.0,23750.0,56030
2025-08-25 00:00:00,24120.0,24314.0,24070.0,24251.0,63108
2025-08-26 00:00:00,24143.0,24281.0,24090.0,24253.0,53798
2025-08-27 00:00:00,24350.0,24496.0,24331.0,24463.0,51154
2025-08-28 00:00:00,24358.0,24420.0,24203.0,24228.0,62184
2025-08-29 00:00:00,24401.0,24453.0,24246.0,24267.0,56576
2025-09-01 00:00:00,24120.0,24245.0,23847.0,24008.0,82254
2025-09-02 00:00:00,24083.0,24249.0,23879.0,23965.0,78953
2025-09-03 00:00:00,23966.0,24083.0,23888.0,23997.0,57816
2025-09-04 00:00:00,24195.0,24365.0,24113.0,24132.0,78433
2025-09-05 00:00:00,24363.0,24429.0,24286.0,24419.0,55821
2025-09-08 00:00:00,24588.0,24674.0,24518.0,24551.0,58765
2025-09-09 00:00:00,24725.0,24838.0,24660.0,24802.0,56977
2025-09-10 00:00:00,24970.0,25244.0,24961.0,25178.0,70661
2025-09-11 00:00:00,25386.0,25464.0,25176.0,25240.0,73339
2025-09-12 00:00:00,25418.0,25466.0,25350.0,25459.0,55444
2025-09-15 00:00:00,25404.0,25450.0,25269.0,25353.0,89375
2025-09-16 00:00:00,25420.0,25663.0,25410.0,25629.0,76338
2025-09-17 00:00:00,25556.0,25583.0,25402.0,25433.0,33006
2025-09-18 00:00:00,25623.0,25747.0,25490.0,25709.0,60615
2025-09-19 00:00:00,25850.0,25853.0,25636.0,25671.0,59278
2025-09-22 00:00:00,25756.0,25941.0,25689.0,25891.0,57516
2025-09-23 00:00:00,26058.0,26328.0,26023.0,26273.0,77069
2025-09-24 00:00:00,26376.0,26393.0,26072.0,26237.0,71446
2025-09-25 00:00:00,26191.0,26283.0,26087.0,26097.0,55994
2025-09-26 00:00:00,25944.0,25991.0,25500.0,25669.0,95718
2025-09-30 00:00:00,25800.0,26046.0,25797.0,25954.0,58862
2025-10-01 00:00:00,26094.0,26375.0,26000.0,26045.0,77280
2025-10-02 00:00:00,26459.0,26527.0,26381.0,26431.0,57057
2025-10-03 00:00:00,26480.0,26764.0,26388.0,26745.0,68029
2025-10-07 00:00:00,27202.0,27356.0,26995.0,27322.0,70532
2025-10-08 00:00:00,27061.0,27127.0,26912.0,27093.0,58514
2025-10-09 00:00:00,27440.0,27455.0,27273.0,27335.0,71155
2025-10-13 00:00:00,26450.0,26945.0,26390.0,26904.0,112620
2025-10-14 00:00:00,27269.0,27450.0,26716.0,26718.0,122162
2025-10-15 00:00:00,26850.0,27191.0,26775.0,27156.0,45269
2025-10-16 00:00:00,27545.0,27877.0,27450.0,27822.0,93889
2025-10-17 00:00:00,27251.0,27545.0,27244.0,27328.0,70093
2025-10-20 00:00:00,27444.0,27824.0,27432.0,27783.0,75805
2025-10-21 00:00:00,27900.0,28036.0,27798.0,27833.0,73065
2025-10-22 00:00:00,27690.0,27797.0,27526.0,27704.0,77497
2025-10-23 00:00:00,27385.0,27629.0,27313.0,27556.0,58000
2025-10-27 00:00:00,28284.0,28291.0,28079.0,28225.0,60960
2025-10-28 00:00:00,28233.0,28250.0,27984.0,28002.0,58805
2025-10-29 00:00:00,28225.0,28446.0,28203.0,28412.0,59854
2025-10-30 00:00:00,28430.0,28552.0,28181.0,28398.0,79008
2025-10-31 00:00:00,28478.0,28588.0,28378.0,28431.0,66689
2025-11-03 00:00:00,28380.0,28583.0,28229.0,28340.0,71870
2025-11-04 00:00:00,28410.0,28594.0,28113.0,28117.0,87286
2025-11-05 00:00:00,27710.0,27850.0,27415.0,27805.0,112619
2025-11-06 00:00:00,28010.0,28141.0,27903.0,28034.0,69013
2025-11-07 00:00:00,27777.0,27838.0,27596.0,27730.0,78246
2025-11-10 00:00:00,27777.0,28039.0,27718.0,28016.0,70027
2025-11-11 00:00:00,28149.0,28180.0,27762.0,27780.0,68312
2025-11-12 00:00:00,27889.0,28078.0,27858.0,28054.0,59591
2025-11-13 00:00:00,28038.0,28044.0,27802.0,27980.0,69907
2025-11-14 00:00:00,27510.0,27596.0,27366.0,27401.0,75965
2025-11-17 00:00:00,27570.0,27690.0,27465.0,27479.0,105151
2025-11-18 00:00:00,27142.0,27298.0,26772.0,26805.0,105050
2025-11-19 00:00:00,26807.0,26915.0,26537.0,26615.0,41184
2025-11-20 00:00:00,27308.0,27492.0,27201.0,27482.0,86253
2025-11-21 00:00:00,26750.0,26770.0,26397.0,26486.0,94807
2025-11-24 00:00:00,26705.0,26730.0,26536.0,26615.0,64017
2025-11-25 00:00:00,27055.0,27105.0,26773.0,26933.0,65279
2025-11-26 00:00:00,27188.0,27384.0,27133.0,27329.0,65611
2025-11-27 00:00:00,27518.0,27649.0,27461.0,27583.0,61470
2025-11-28 00:00:00,27590.0,27854.0,27558.0,27744.0,59543
2025-12-01 00:00:00,27650.0,27674.0,27401.0,27404.0,64629
2025-12-02 00:00:00,27674.0,27789.0,27528.0,27561.0,56480
2025-12-03 00:00:00,27808.0,27888.0,27690.0,27758.0,54873
2025-12-04 00:00:00,27841.0,27880.0,27670.0,27799.0,49647
2025-12-05 00:00:00,27792.0,28019.0,27763.0,28016.0,57889
2025-12-08 00:00:00,28054.0,28298.0,28019.0,28286.0,46283
2025-12-09 00:00:00,28350.0,28360.0,28204.0,28220.0,41059
2025-12-10 00:00:00,28279.0,28434.0,28252.0,28398.0,52229
2025-12-11 00:00:00,28600.0,28602.0,28059.0,28110.0,76960
2025-12-12 00:00:00,28266.0,28342.0,28157.0,28292.0,55172
2025-12-15 00:00:00,27834.0,27984.0,27755.0,27907.0,78935
2025-12-16 00:00:00,27630.0,27689.0,27411.0,27624.0,92661
2025-12-17 00:00:00,27625.0,27773.0,27474.0,27483.0,32073
2025-12-18 00:00:00,27500.0,27679.0,27457.0,27591.0,66879
2025-12-19 00:00:00,27800.0,27983.0,27795.0,27894.0,64331
2025-12-22 00:00:00,28256.0,28368.0,28170.0,28341.0,52684
2025-12-23 00:00:00,28392.0,28455.0,28359.0,28413.0,38940
2025-12-24 00:00:00,28565.0,28577.0,28400.0,28472.0,37086
2025-12-26 00:00:00,28595.0,28714.0,28536.0,28673.0,44249
2025-12-29 00:00:00,28749.0,28998.0,28713.0,28950.0,49289
2025-12-30 00:00:00,28777.0,28942.0,28705.0,28881.0,45027
2025-12-31 00:00:00,28842.0,29053.0,28782.0,29016.0,53098
2026-01-02 00:00:00,29047.0,29500.0,29026.0,29473.0,64172
2026-01-05 00:00:00,29888.0,30487.0,29850.0,30313.0,95320
2026-01-06 00:00:00,30271.0,30672.0,30183.0,30617.0,59699
2026-01-07 00:00:00,30609.0,30676.0,30448.0,30516.0,57861
2026-01-08 00:00:00,30362.0,30663.0,30353.0,30458.0,63571
2026-01-09 00:00:00,30450.0,30578.0,30005.0,30456.0,83205
2026-01-12 00:00:00,30717.0,30763.0,30555.0,30701.0,57701
2026-01-13 00:00:00,31067.0,31252.0,30626.0,30874.0,76999
2026-01-14 00:00:00,31000.0,31162.0,30937.0,30982.0,54974
2026-01-15 00:00:00,30831.0,31057.0,30744.0,31050.0,58154
2026-01-16 00:00:00,31382.0,31536.0,31157.0,31474.0,72871
2026-01-19 00:00:00,31272.0,31774.0,31208.0,31669.0,89177
2026-01-20 00:00:00,31481.0,31742.0,31328.0,31672.0,81251
2026-01-21 00:00:00,31296.0,31650.0,31200.0,31245.0,48845
2026-01-22 00:00:00,31876.0,32057.0,31783.0,31857.0,72142
2026-01-23 00:00:00,31995.0,32166.0,31873.0,32153.0,68404
2026-01-26 00:00:00,32128.0,32231.0,32086.0,32144.0,57175
2026-01-27 00:00:00,32313.0,32532.0,32206.0,32509.0,62851
2026-01-28 00:00:00,32758.0,32938.0,32668.0,32927.0,60131
2026-01-29 00:00:00,33014.0,33014.0,32587.0,32777.0,78180
2026-01-30 00:00:00,32456.0,32526.0,32092.0,32247.0,84129
2026-03-04 00:00:00,33461.0,33666.0,32679.0,32834.0,153854
2026-03-05 00:00:00,33911.0,34294.0,33392.0,33639.0,117939
2026-03-06 00:00:00,33360.0,33888.0,33296.0,33704.0,78813
2026-03-09 00:00:00,31730.0,32111.0,31124.0,31786.0,117924
2026-03-10 00:00:00,33242.0,33329.0,32374.0,32696.0,106333
2026-03-11 00:00:00,33341.0,34185.0,33277.0,33985.0,79384
2026-03-12 00:00:00,33678.0,33939.0,33326.0,33530.0,78520
2026-03-13 00:00:00,32664.0,33518.0,32663.0,33315.0,84529
2026-03-16 00:00:00,33460.0,33723.0,33077.0,33250.0,107940
2026-03-17 00:00:00,33616.0,34017.0,33593.0,33795.0,77658
2026-03-18 00:00:00,34266.0,34440.0,34100.0,34263.0,36612
2026-03-19 00:00:00,33898.0,34083.0,33537.0,33553.0,70707
2026-03-20 00:00:00,33809.0,33888.0,33371.0,33559.0,78064
2026-03-23 00:00:00,32501.0,32890.0,32213.0,32532.0,85507
2026-03-24 00:00:00,33280.0,33393.0,32342.0,32771.0,92474
2026-03-25 00:00:00,33786.0,33880.0,33444.0,33638.0,65796
2026-03-26 00:00:00,33855.0,34024.0,33347.0,33440.0,68947
2026-03-27 00:00:00,32793.0,33243.0,32652.0,33120.0,64049
2026-03-30 00:00:00,32048.0,32712.0,32027.0,32468.0,70743
2026-03-31 00:00:00,32000.0,32451.0,31806.0,31979.0,93371
2026-04-01 00:00:00,33049.0,33411.0,32906.0,33402.0,65125
2026-04-02 00:00:00,33676.0,33687.0,32486.0,32487.0,85468
2026-04-07 00:00:00,33192.0,33377.0,32955.0,33159.0,51955
2026-04-08 00:00:00,34651.0,35060.0,34473.0,34996.0,74154
2026-04-09 00:00:00,35032.0,35100.0,34745.0,34932.0,53298
2026-04-10 00:00:00,35249.0,35580.0,35215.0,35567.0,55415
2026-04-13 00:00:00,35280.0,35652.0,35225.0,35457.0,83511
2026-04-14 00:00:00,36060.0,36430.0,35990.0,36381.0,71746
2026-04-15 00:00:00,36725.0,37073.0,36618.0,36643.0,30496
2026-04-16 00:00:00,37321.0,37666.0,37086.0,37645.0,56683
2026-04-17 00:00:00,37145.0,37388.0,37033.0,37083.0,51355
2026-04-20 00:00:00,37324.0,37704.0,37209.0,37254.0,52704
2026-04-21 00:00:00,37707.0,38159.0,37647.0,38048.0,63284
2026-04-22 00:00:00,38150.0,38369.0,37925.0,38206.0,54740
2026-04-23 00:00:00,38686.0,39087.0,37408.0,37875.0,111647
2026-04-24 00:00:00,38299.0,39244.0,38268.0,39224.0,87114
2026-04-27 00:00:00,39999.0,40458.0,39837.0,39888.0,80194
2026-04-28 00:00:00,39820.0,40347.0,39661.0,39749.0,63337
2026-04-29 00:00:00,39698.0,39790.0,39123.0,39490.0,59705
2026-04-30 00:00:00,39698.0,39937.0,39265.0,39360.0,70719
2026-05-04 00:00:00,40440.0,41074.0,40167.0,41031.0,63214
2026-05-05 00:00:00,40936.0,41097.0,40798.0,41035.0,41739
