datetime,open,high,low,close,volume
2024-01-02 08:45:00,17000,17004,16996,17000,1616
2024-01-02 08:50:00,17004,17005,16998,17000,559
2024-01-02 08:55:00,16997,17008,16995,17006,978
2024-01-02 09:00:00,17006,17009,17002,17005,2262
2024-01-02 09:05:00,17005,17020,16994,17009,371
2024-01-02 09:10:00,17010,17011,17010,17011,220
2024-01-02 09:15:00,17009,17022,16996,17009,919
2024-01-02 09:20:00,17005,17009,16997,17001,244
2024-01-02 09:25:00,17001,17011,16988,16998,1667
2024-01-02 09:30:00,16998,17007,16990,16999,269
2024-01-02 09:35:00,17002,17008,16986,16992,1659
2024-01-02 09:40:00,16990,17001,16981,16992,545
2024-01-02 09:45:00,16994,17002,16978,16986,521
2024-01-02 09:50:00,16991,16992,16985,16986,341
2024-01-02 09:55:00,16986,16996,16977,16987,2089
2024-01-02 10:00:00,16985,16989,16981,16986,282
2024-01-02 10:05:00,16985,17006,16973,16994,969
2024-01-02 10:10:00,16994,16995,16987,16989,318
2024-01-02 10:15:00,16990,16992,16982,16984,606
2024-01-02 10:20:00,16983,16989,16970,16976,244
2024-01-02 10:25:00,16979,16988,16967,16976,512
2024-01-02 10:30:00,16974,16984,16967,16977,324
2024-01-02 10:35:00,16974,16982,16967,16976,1670
2024-01-02 10:40:00,16978,16983,16967,16972,319
2024-01-02 10:45:00,16967,16981,16963,16976,407
2024-01-02 10:50:00,16976,16978,16967,16969,978
2024-01-02 10:55:00,16975,16976,16966,16967,843
2024-01-02 11:00:00,16967,16973,16964,16970,1224
2024-01-02 11:05:00,16967,16978,16964,16974,358
2024-01-02 11:10:00,16974,16976,16971,16973,730
2024-01-02 11:15:00,16973,16983,16967,16977,249
2024-01-02 11:20:00,16978,16988,16966,16976,319
2024-01-02 11:25:00,16978,16986,16962,16970,241
2024-01-02 11:30:00,16968,16985,16960,16977,333
2024-01-02 11:35:00,16980,16989,16973,16982,307
2024-01-02 11:40:00,16982,16998,16962,16979,1058
2024-01-02 11:45:00,16980,16993,16973,16986,301
2024-01-02 11:50:00,16985,16996,16982,16993,528
2024-01-02 11:55:00,16996,16996,16996,16996,228
2024-01-02 12:00:00,16995,17003,16987,16995,648
2024-01-02 12:05:00,16995,16995,16985,16985,910
2024-01-02 12:10:00,16983,16990,16981,16987,1041
2024-01-02 12:15:00,16985,16997,16973,16985,931
2024-01-02 12:20:00,16987,16989,16980,16982,1587
2024-01-02 12:25:00,16981,16986,16980,16984,460
2024-01-02 12:30:00,16983,16999,16970,16987,797
2024-01-02 12:35:00,16985,16994,16982,16991,2904
2024-01-02 12:40:00,16993,17002,16981,16989,325
2024-01-02 12:45:00,16988,16996,16974,16982,817
2024-01-02 12:50:00,16982,16985,16980,16984,791
2024-01-02 12:55:00,16984,16987,16979,16982,344
2024-01-02 13:00:00,16979,16986,16972,16980,918
2024-01-02 13:05:00,16977,16989,16963,16976,1245
2024-01-02 13:10:00,16976,16985,16969,16978,1026
2024-01-02 13:15:00,16976,16981,16975,16979,1325
2024-01-02 13:20:00,16982,16994,16966,16979,268
2024-01-02 13:25:00,16981,16982,16977,16978,452
2024-01-02 13:30:00,16980,16999,16971,16990,265
2024-01-02 13:35:00,16994,17003,16983,16992,1019
2024-01-02 13:40:00,16992,16995,16983,16986,346
2024-01-03 08:45:00,16987,17001,16976,16990,349
2024-01-03 08:50:00,16989,17009,16967,16986,264
2024-01-03 08:55:00,16991,16993,16978,16980,296
2024-01-03 09:00:00,16984,17005,16970,16991,338
2024-01-03 09:05:00,16991,17006,16973,16988,537
2024-01-03 09:10:00,16989,17010,16964,16985,273
2024-01-03 09:15:00,16988,16995,16978,16985,781
2024-01-03 09:20:00,16985,16990,16981,16987,1090
2024-01-03 09:25:00,16985,16995,16985,16994,511
2024-01-03 09:30:00,16996,17001,16987,16992,558
2024-01-03 09:35:00,16992,16996,16983,16986,363
2024-01-03 09:40:00,16987,16995,16984,16993,270
2024-01-03 09:45:00,16991,17004,16981,16993,800
2024-01-03 09:50:00,16990,17013,16974,16997,279
2024-01-03 09:55:00,16998,17020,16968,16990,275
2024-01-03 10:00:00,16992,16994,16990,16992,250
2024-01-03 10:05:00,16991,16994,16991,16994,368
2024-01-03 10:10:00,16997,16997,16994,16994,462
2024-01-03 10:15:00,16993,17003,16981,16991,385
2024-01-03 10:20:00,16989,17004,16979,16994,1280
2024-01-03 10:25:00,16994,17007,16984,16997,843
2024-01-03 10:30:00,16997,17010,16987,17001,348
2024-01-03 10:35:00,17002,17008,16992,16997,681
2024-01-03 10:40:00,16995,17013,16982,17000,384
2024-01-03 10:45:00,17002,17011,17000,17009,715
2024-01-03 10:50:00,17013,17016,17003,17006,234
2024-01-03 10:55:00,17005,17014,16993,17001,562
2024-01-03 11:00:00,17004,17015,16991,17003,1708
2024-01-03 11:05:00,17001,17018,16990,17007,532
2024-01-03 11:10:00,17009,17033,16990,17014,254
2024-01-03 11:15:00,17016,17032,17012,17028,346
2024-01-03 11:20:00,17029,17031,17021,17024,206
2024-01-03 11:25:00,17024,17031,17018,17025,314
2024-01-03 11:30:00,17020,17039,17010,17029,1115
2024-01-03 11:35:00,17028,17036,17021,17029,372
2024-01-03 11:40:00,17027,17028,17020,17021,796
2024-01-03 11:45:00,17019,17031,17012,17025,654
2024-01-03 11:50:00,17025,17028,17016,17019,1040
2024-01-03 11:55:00,17018,17026,17013,17021,681
2024-01-03 12:00:00,17019,17021,17019,17021,436
2024-01-03 12:05:00,17019,17030,17004,17015,1474
2024-01-03 12:10:00,17014,17023,17009,17018,274
2024-01-03 12:15:00,17021,17028,17017,17024,634
2024-01-03 12:20:00,17023,17023,17018,17019,886
2024-01-03 12:25:00,17018,17030,17009,17021,1016
2024-01-03 12:30:00,17020,17043,17018,17040,496
2024-01-03 12:35:00,17041,17047,17039,17046,295
2024-01-03 12:40:00,17047,17051,17045,17049,302
2024-01-03 12:45:00,17043,17063,17033,17053,219
2024-01-03 12:50:00,17055,17071,17036,17051,1323
2024-01-03 12:55:00,17054,17064,17041,17051,236
2024-01-03 13:00:00,17049,17050,17043,17044,301
2024-01-03 13:05:00,17042,17044,17034,17036,768
2024-01-03 13:10:00,17035,17045,17032,17041,1188
2024-01-03 13:15:00,17040,17053,17023,17036,281
2024-01-03 13:20:00,17037,17043,17032,17039,318
2024-01-03 13:25:00,17035,17042,17033,17040,336
2024-01-03 13:30:00,17037,17047,17027,17037,1344
2024-01-03 13:35:00,17040,17063,17017,17040,3236
2024-01-03 13:40:00,17039,17044,17034,17040,457
2024-01-04 08:45:00,17043,17046,17041,17044,720
2024-01-04 08:50:00,17044,17056,17031,17043,630
2024-01-04 08:55:00,17039,17055,17031,17047,1555
2024-01-04 09:00:00,17048,17061,17032,17045,593
2024-01-04 09:05:00,17045,17045,17041,17042,924
2024-01-04 09:10:00,17041,17046,17039,17044,308
2024-01-04 09:15:00,17045,17050,17043,17048,657
2024-01-04 09:20:00,17049,17055,17046,17053,1124
2024-01-04 09:25:00,17055,17056,17049,17050,349
2024-01-04 09:30:00,17053,17058,17042,17048,254
2024-01-04 09:35:00,17049,17055,17045,17051,240
2024-01-04 09:40:00,17049,17062,17037,17050,424
2024-01-04 09:45:00,17050,17053,17041,17044,1190
2024-01-04 09:50:00,17050,17058,17032,17039,544
2024-01-04 09:55:00,17040,17042,17032,17034,454
2024-01-04 10:00:00,17038,17040,17032,17034,246
2024-01-04 10:05:00,17037,17038,17028,17029,727
2024-01-04 10:10:00,17029,17042,17016,17029,1440
2024-01-04 10:15:00,17030,17031,17029,17031,445
2024-01-04 10:20:00,17030,17031,17028,17028,2197
2024-01-04 10:25:00,17025,17050,17002,17027,1089
2024-01-04 10:30:00,17027,17031,17025,17029,940
2024-01-04 10:35:00,17032,17035,17022,17025,354
2024-01-04 10:40:00,17024,17027,17015,17018,361
2024-01-04 10:45:00,17019,17023,17016,17020,415
2024-01-04 10:50:00,17022,17026,17014,17018,413
2024-01-04 10:55:00,17016,17029,17004,17016,735
2024-01-04 11:00:00,17015,17021,17013,17019,1043
2024-01-04 11:05:00,17017,17025,17009,17016,1295
2024-01-04 11:10:00,17015,17022,17011,17018,931
2024-01-04 11:15:00,17016,17035,17002,17021,370
2024-01-04 11:20:00,17019,17025,17012,17018,272
2024-01-04 11:25:00,17021,17044,16999,17021,213
2024-01-04 11:30:00,17019,17025,17016,17021,238
2024-01-04 11:35:00,17022,17031,17011,17020,305
2024-01-04 11:40:00,17019,17025,17013,17019,306
2024-01-04 11:45:00,17022,17025,17020,17023,1411
2024-01-04 11:50:00,17026,17041,17012,17027,644
2024-01-04 11:55:00,17028,17038,17018,17027,326
2024-01-04 12:00:00,17028,17028,17026,17027,1064
2024-01-04 12:05:00,17026,17037,17015,17026,460
2024-01-04 12:10:00,17024,17029,17024,17028,520
2024-01-04 12:15:00,17032,17040,17028,17035,904
2024-01-04 12:20:00,17034,17043,17021,17031,318
2024-01-04 12:25:00,17032,17039,17026,17034,594
2024-01-04 12:30:00,17036,17041,17032,17036,1539
2024-01-04 12:35:00,17035,17045,17024,17033,278
2024-01-04 12:40:00,17035,17046,17020,17031,264
2024-01-04 12:45:00,17032,17048,17015,17031,397
2024-01-04 12:50:00,17034,17046,17018,17029,1006
2024-01-04 12:55:00,17028,17031,17025,17028,1990
2024-01-04 13:00:00,17025,17033,17020,17028,503
2024-01-04 13:05:00,17027,17032,17021,17026,888
2024-01-04 13:10:00,17027,17032,17022,17027,448
2024-01-04 13:15:00,17027,17027,17021,17021,472
2024-01-04 13:20:00,17021,17025,17016,17020,2036
2024-01-04 13:25:00,17017,17041,17001,17025,783
2024-01-04 13:30:00,17026,17029,17022,17025,864
2024-01-04 13:35:00,17029,17035,17016,17022,371
2024-01-04 13:40:00,17023,17032,17012,17021,375
2024-01-05 08:45:00,17022,17028,17012,17019,613
2024-01-05 08:50:00,17020,17030,17013,17024,258
2024-01-05 08:55:00,17024,17030,17019,17025,1084
2024-01-05 09:00:00,17027,17038,17013,17024,590
2024-01-05 09:05:00,17025,17028,17020,17024,365
2024-01-05 09:10:00,17023,17034,17011,17022,232
2024-01-05 09:15:00,17020,17035,17008,17023,2332
2024-01-05 09:20:00,17023,17027,17022,17027,431
2024-01-05 09:25:00,17027,17029,17024,17025,719
2024-01-05 09:30:00,17025,17039,17012,17026,853
2024-01-05 09:35:00,17027,17037,17015,17025,786
2024-01-05 09:40:00,17026,17029,17020,17023,364
2024-01-05 09:45:00,17025,17032,17013,17020,214
2024-01-05 09:50:00,17023,17036,17007,17020,514
2024-01-05 09:55:00,17020,17043,17003,17026,810
2024-01-05 10:00:00,17023,17035,17013,17025,231
2024-01-05 10:05:00,17024,17036,17014,17026,780
2024-01-05 10:10:00,17026,17048,17008,17030,810
2024-01-05 10:15:00,17027,17037,17019,17029,585
2024-01-05 10:20:00,17032,17043,17022,17032,705
2024-01-05 10:25:00,17033,17064,17005,17036,739
2024-01-05 10:30:00,17037,17043,17027,17033,285
2024-01-05 10:35:00,17036,17040,17030,17034,709
2024-01-05 10:40:00,17032,17037,17030,17035,292
2024-01-05 10:45:00,17036,17045,17025,17034,906
2024-01-05 10:50:00,17034,17045,17025,17036,207
2024-01-05 10:55:00,17035,17038,17030,17033,256
2024-01-05 11:00:00,17031,17038,17029,17035,236
2024-01-05 11:05:00,17039,17043,17029,17034,542
2024-01-05 11:10:00,17033,17052,17015,17035,1221
2024-01-05 11:15:00,17036,17038,17033,17035,293
2024-01-05 11:20:00,17032,17052,17021,17041,215
2024-01-05 11:25:00,17044,17050,17038,17044,758
2024-01-05 11:30:00,17046,17051,17042,17048,641
2024-01-05 11:35:00,17048,17056,17041,17049,240
2024-01-05 11:40:00,17049,17052,17041,17045,389
2024-01-05 11:45:00,17046,17048,17036,17039,1240
2024-01-05 11:50:00,17043,17050,17033,17040,484
2024-01-05 11:55:00,17037,17059,17019,17041,507
2024-01-05 12:00:00,17043,17053,17028,17038,231
2024-01-05 12:05:00,17036,17054,17020,17037,536
2024-01-05 12:10:00,17037,17044,17030,17037,616
2024-01-05 12:15:00,17037,17045,17028,17036,515
2024-01-05 12:20:00,17035,17040,17033,17037,1035
2024-01-05 12:25:00,17037,17041,17031,17035,1039
2024-01-05 12:30:00,17032,17038,17026,17032,1200
2024-01-05 12:35:00,17034,17053,17015,17034,1501
2024-01-05 12:40:00,17030,17037,17028,17035,263
2024-01-05 12:45:00,17036,17045,17024,17032,241
2024-01-05 12:50:00,17032,17036,17025,17030,535
2024-01-05 12:55:00,17027,17033,17020,17026,804
2024-01-05 13:00:00,17026,17027,17026,17027,565
2024-01-05 13:05:00,17024,17030,17021,17027,568
2024-01-05 13:10:00,17027,17039,17015,17027,204
2024-01-05 13:15:00,17024,17055,16998,17029,200
2024-01-05 13:20:00,17030,17038,17019,17027,1325
2024-01-05 13:25:00,17025,17031,17015,17021,1519
2024-01-05 13:30:00,17020,17024,17019,17024,296
2024-01-05 13:35:00,17024,17040,17008,17024,1020
2024-01-05 13:40:00,17022,17039,17008,17025,251
2024-01-08 08:45:00,17025,17033,17021,17029,220
2024-01-08 08:50:00,17026,17031,17022,17027,2907
2024-01-08 08:55:00,17028,17042,17013,17026,251
2024-01-08 09:00:00,17030,17030,17021,17022,1077
2024-01-08 09:05:00,17028,17038,17008,17019,1049
2024-01-08 09:10:00,17019,17024,17017,17022,1695
2024-01-08 09:15:00,17023,17031,17019,17026,282
2024-01-08 09:20:00,17022,17025,17021,17024,1081
2024-01-08 09:25:00,17027,17034,17019,17026,520
2024-01-08 09:30:00,17027,17032,17020,17025,317
2024-01-08 09:35:00,17024,17031,17013,17020,1686
2024-01-08 09:40:00,17023,17026,17023,17026,474
2024-01-08 09:45:00,17026,17045,17008,17027,294
2024-01-08 09:50:00,17026,17037,17015,17025,314
2024-01-08 09:55:00,17026,17031,17018,17023,303
2024-01-08 10:00:00,17020,17033,17007,17020,620
2024-01-08 10:05:00,17022,17023,17020,17020,1318
2024-01-08 10:10:00,17018,17031,17005,17017,750
2024-01-08 10:15:00,17015,17028,17006,17019,498
2024-01-08 10:20:00,17017,17022,17012,17017,1182
2024-01-08 10:25:00,17018,17021,17016,17019,952
2024-01-08 10:30:00,17018,17027,17010,17020,206
2024-01-08 10:35:00,17017,17028,17010,17021,322
2024-01-08 10:40:00,17020,17026,17009,17015,202
2024-01-08 10:45:00,17015,17020,17009,17014,547
2024-01-08 10:50:00,17012,17019,17004,17012,724
2024-01-08 10:55:00,17009,17014,17003,17007,243
2024-01-08 11:00:00,17011,17012,17002,17003,730
2024-01-08 11:05:00,17001,17015,16989,17003,278
2024-01-08 11:10:00,17002,17007,16996,17001,336
2024-01-08 11:15:00,17000,17006,16995,17000,328
2024-01-08 11:20:00,16999,17014,16982,16997,488
2024-01-08 11:25:00,16998,17012,16988,17002,947
2024-01-08 11:30:00,17003,17009,16992,16998,225
2024-01-08 11:35:00,16997,17001,16994,16997,1251
2024-01-08 11:40:00,16995,16996,16994,16996,636
2024-01-08 11:45:00,16998,17000,16993,16995,2367
2024-01-08 11:50:00,16995,16999,16993,16997,432
2024-01-08 11:55:00,17000,17008,16987,16995,376
2024-01-08 12:00:00,16991,17001,16984,16994,1829
2024-01-08 12:05:00,16994,17004,16983,16992,631
2024-01-08 12:10:00,16996,17017,16979,17000,300
2024-01-08 12:15:00,16999,17003,16995,16999,277
2024-01-08 12:20:00,16999,17010,16987,16998,426
2024-01-08 12:25:00,16999,17002,16991,16994,269
2024-01-08 12:30:00,16993,17008,16976,16991,416
2024-01-08 12:35:00,16991,17000,16988,16997,249
2024-01-08 12:40:00,16997,17000,16994,16997,399
2024-01-08 12:45:00,16996,16996,16989,16989,1245
2024-01-08 12:50:00,16992,16998,16986,16992,1171
2024-01-08 12:55:00,16993,17006,16983,16996,239
2024-01-08 13:00:00,16996,16999,16992,16994,933
2024-01-08 13:05:00,16996,17003,16996,17003,1836
2024-01-08 13:10:00,17002,17008,16999,17004,812
2024-01-08 13:15:00,17002,17005,16998,17001,914
2024-01-08 13:20:00,16999,17007,16991,16998,1071
2024-01-08 13:25:00,16998,16998,16996,16996,1128
2024-01-08 13:30:00,16994,17008,16983,16998,218
2024-01-08 13:35:00,16997,17006,16986,16996,1571
2024-01-08 13:40:00,16995,17010,16977,16992,280
2024-01-08 08:45:00,16996,17003,16987,16993,1084
2024-01-08 08:50:00,16988,16994,16984,16990,717
2024-01-08 08:55:00,16990,17000,16986,16996,427
2024-01-08 09:00:00,16999,17004,16999,17004,574
2024-01-08 09:05:00,17004,17025,16977,16998,1506
2024-01-08 09:10:00,17000,17010,16994,17003,978
2024-01-08 09:15:00,17004,17005,17002,17003,577
2024-01-08 09:20:00,17002,17013,16988,16999,487
2024-01-08 09:25:00,16995,17005,16991,17001,604
2024-01-08 09:30:00,17001,17008,16997,17004,327
2024-01-08 09:35:00,17002,17016,16991,17005,674
2024-01-08 09:40:00,17003,17019,16991,17007,684
2024-01-08 09:45:00,17006,17020,16999,17013,1940
2024-01-08 09:50:00,17017,17035,16994,17012,252
2024-01-08 09:55:00,17017,17021,17007,17011,439
2024-01-08 10:00:00,17011,17022,17004,17015,220
2024-01-08 10:05:00,17014,17030,17006,17021,595
2024-01-08 10:10:00,17019,17031,17007,17019,491
2024-01-08 10:15:00,17020,17028,17003,17011,732
2024-01-08 10:20:00,17015,17026,17001,17012,476
2024-01-08 10:25:00,17012,17022,16995,17006,278
2024-01-08 10:30:00,17001,17017,16997,17013,455
2024-01-08 10:35:00,17014,17024,16997,17006,1322
2024-01-08 10:40:00,17008,17036,16977,17005,1767
2024-01-08 10:45:00,17002,17005,17000,17003,1288
2024-01-08 10:50:00,17004,17007,17003,17006,1975
2024-01-08 10:55:00,17007,17024,16996,17012,432
2024-01-08 11:00:00,17012,17023,16996,17007,260
2024-01-08 11:05:00,17006,17013,17001,17009,874
2024-01-08 11:10:00,17011,17017,17002,17009,220
2024-01-08 11:15:00,17008,17015,17001,17008,2314
2024-01-08 11:20:00,17005,17017,16993,17005,1381
2024-01-08 11:25:00,17001,17012,16991,17003,639
2024-01-08 11:30:00,17005,17008,17000,17003,2707
2024-01-08 11:35:00,17004,17012,17002,17010,245
2024-01-08 11:40:00,17010,17016,17007,17013,571
2024-01-08 11:45:00,17012,17022,16995,17004,1431
2024-01-08 11:50:00,17003,17006,17000,17002,465
2024-01-08 11:55:00,17000,17001,16998,16998,238
2024-01-08 12:00:00,16997,17010,16993,17006,1101
2024-01-08 12:05:00,17001,17013,17001,17012,317
2024-01-08 12:10:00,17011,17018,17000,17007,885
2024-01-08 12:15:00,17007,17013,17003,17009,323
2024-01-08 12:20:00,17010,17014,17009,17012,447
2024-01-08 12:25:00,17012,17015,17007,17010,926
2024-01-08 12:30:00,17012,17031,16994,17013,500
2024-01-08 12:35:00,17015,17024,17009,17018,890
2024-01-08 12:40:00,17020,17025,17015,17020,515
2024-01-08 12:45:00,17021,17022,17019,17019,1282
2024-01-08 12:50:00,17019,17025,17008,17013,697
2024-01-08 12:55:00,17011,17015,17010,17013,1560
2024-01-08 13:00:00,17014,17021,17011,17018,331
2024-01-08 13:05:00,17021,17023,17008,17010,450
2024-01-08 13:10:00,17011,17013,17011,17013,518
2024-01-08 13:15:00,17016,17032,17005,17021,1764
2024-01-08 13:20:00,17018,17041,17005,17028,1622
2024-01-08 13:25:00,17026,17030,17023,17027,1247
2024-01-08 13:30:00,17029,17029,17029,17029,413
2024-01-08 13:35:00,17030,17048,17016,17035,455
2024-01-08 13:40:00,17037,17047,17026,17035,500
2024-01-08 08:45:00,17035,17039,17031,17035,570
2024-01-08 08:50:00,17033,17047,17013,17026,281
2024-01-08 08:55:00,17026,17030,17025,17029,672
2024-01-08 09:00:00,17026,17033,17022,17029,398
2024-01-08 09:05:00,17026,17034,17023,17030,399
2024-01-08 09:10:00,17032,17043,17015,17026,367
2024-01-08 09:15:00,17028,17031,17018,17021,469
2024-01-08 09:20:00,17022,17025,17010,17013,657
2024-01-08 09:25:00,17009,17035,16990,17016,618
2024-01-08 09:30:00,17015,17033,17003,17021,267
2024-01-08 09:35:00,17018,17036,17009,17027,915
2024-01-08 09:40:00,17029,17033,17015,17019,461
2024-01-08 09:45:00,17018,17025,17012,17019,545
2024-01-08 09:50:00,17017,17036,16997,17016,221
2024-01-08 09:55:00,17016,17020,17008,17012,839
2024-01-08 10:00:00,17011,17011,17004,17005,1079
2024-01-08 10:05:00,17008,17014,16991,16997,500
2024-01-08 10:10:00,16996,17005,16994,17002,465
2024-01-08 10:15:00,16999,17018,16996,17015,301
2024-01-08 10:20:00,17011,17017,17010,17016,1156
2024-01-08 10:25:00,17016,17025,17010,17019,409
2024-01-08 10:30:00,17018,17030,17008,17019,324
2024-01-08 10:35:00,17017,17021,17016,17020,528
2024-01-08 10:40:00,17023,17023,17017,17017,471
2024-01-08 10:45:00,17019,17031,17013,17026,955
2024-01-08 10:50:00,17026,17038,17023,17035,246
2024-01-08 10:55:00,17038,17049,17021,17032,861
2024-01-08 11:00:00,17034,17045,17027,17038,1100
2024-01-08 11:05:00,17036,17061,17004,17030,1574
2024-01-08 11:10:00,17028,17032,17025,17028,358
2024-01-08 11:15:00,17030,17033,17028,17031,930
2024-01-08 11:20:00,17032,17036,17021,17025,698
2024-01-08 11:25:00,17025,17033,17021,17028,560
2024-01-08 11:30:00,17026,17041,17019,17034,1120
2024-01-08 11:35:00,17035,17050,17021,17036,765
2024-01-08 11:40:00,17035,17038,17025,17028,1282
2024-01-08 11:45:00,17028,17046,17011,17029,345
2024-01-08 11:50:00,17032,17044,17011,17023,539
2024-01-08 11:55:00,17022,17033,17017,17028,1300
2024-01-08 12:00:00,17024,17042,17013,17031,1297
2024-01-08 12:05:00,17029,17044,17016,17031,512
2024-01-08 12:10:00,17033,17052,17010,17029,361
2024-01-08 12:15:00,17029,17031,17025,17027,733
2024-01-08 12:20:00,17026,17032,17019,17025,792
2024-01-08 12:25:00,17024,17029,17018,17023,661
2024-01-08 12:30:00,17024,17029,17014,17019,462
2024-01-08 12:35:00,17017,17025,17009,17017,800
2024-01-08 12:40:00,17017,17023,17013,17018,931
2024-01-08 12:45:00,17017,17037,16992,17012,909
2024-01-08 12:50:00,17010,17028,16999,17016,403
2024-01-08 12:55:00,17015,17026,17010,17021,1265
2024-01-08 13:00:00,17021,17038,17010,17028,595
2024-01-08 13:05:00,17028,17031,17023,17027,323
2024-01-08 13:10:00,17028,17053,17008,17034,797
2024-01-08 13:15:00,17026,17038,17020,17032,522
2024-01-08 13:20:00,17030,17035,17026,17030,776
2024-01-08 13:25:00,17030,17038,17017,17025,322
2024-01-08 13:30:00,17028,17034,17016,17021,583
2024-01-08 13:35:00,17019,17032,17009,17022,273
2024-01-08 13:40:00,17023,17033,17008,17019,602
2024-01-09 08:45:00,17022,17023,17017,17018,723
2024-01-09 08:50:00,17015,17021,17015,17021,1242
2024-01-09 08:55:00,17022,17044,17000,17022,257
2024-01-09 09:00:00,17021,17029,17016,17025,218
2024-01-09 09:05:00,17024,17040,17019,17036,302
2024-01-09 09:10:00,17034,17039,17028,17033,1229
2024-01-09 09:15:00,17031,17044,17017,17030,571
2024-01-09 09:20:00,17036,17037,17033,17035,292
2024-01-09 09:25:00,17037,17039,17031,17033,411
2024-01-09 09:30:00,17035,17045,17025,17035,305
2024-01-09 09:35:00,17036,17041,17032,17037,1022
2024-01-09 09:40:00,17034,17044,17021,17031,380
2024-01-09 09:45:00,17032,17044,17027,17039,270
2024-01-09 09:50:00,17041,17053,17026,17037,716
2024-01-09 09:55:00,17036,17043,17031,17039,2801
2024-01-09 10:00:00,17041,17048,17040,17048,626
2024-01-09 10:05:00,17049,17052,17041,17044,1427
2024-01-09 10:10:00,17048,17076,17012,17040,519
2024-01-09 10:15:00,17039,17052,17036,17048,356
2024-01-09 10:20:00,17045,17049,17044,17048,227
2024-01-09 10:25:00,17048,17059,17042,17053,599
2024-01-09 10:30:00,17056,17059,17049,17052,272
2024-01-09 10:35:00,17049,17073,17031,17056,1548
2024-01-09 10:40:00,17052,17074,17042,17064,250
2024-01-09 10:45:00,17064,17078,17048,17063,418
2024-01-09 10:50:00,17062,17070,17059,17067,1156
2024-01-09 10:55:00,17067,17071,17066,17070,633
2024-01-09 11:00:00,17072,17082,17065,17075,1547
2024-01-09 11:05:00,17074,17078,17073,17078,1942
2024-01-09 11:10:00,17074,17082,17070,17078,209
2024-01-09 11:15:00,17082,17100,17058,17076,231
2024-01-09 11:20:00,17074,17082,17066,17074,650
2024-01-09 11:25:00,17072,17082,17070,17079,1019
2024-01-09 11:30:00,17081,17090,17071,17079,484
2024-01-09 11:35:00,17079,17083,17077,17081,505
2024-01-09 11:40:00,17081,17098,17073,17090,2578
2024-01-09 11:45:00,17091,17092,17089,17090,339
2024-01-09 11:50:00,17092,17097,17091,17096,585
2024-01-09 11:55:00,17095,17110,17083,17097,489
2024-01-09 12:00:00,17100,17101,17097,17098,670
2024-01-09 12:05:00,17094,17112,17080,17098,843
2024-01-09 12:10:00,17100,17100,17095,17095,1277
2024-01-09 12:15:00,17093,17097,17089,17093,208
2024-01-09 12:20:00,17095,17102,17081,17088,417
2024-01-09 12:25:00,17088,17090,17086,17089,506
2024-01-09 12:30:00,17087,17090,17086,17089,560
2024-01-09 12:35:00,17090,17105,17080,17095,1103
2024-01-09 12:40:00,17097,17105,17079,17087,208
2024-01-09 12:45:00,17088,17096,17077,17085,526
2024-01-09 12:50:00,17083,17100,17070,17087,945
2024-01-09 12:55:00,17086,17105,17066,17085,873
2024-01-09 13:00:00,17085,17095,17077,17087,1502
2024-01-09 13:05:00,17087,17088,17087,17087,504
2024-01-09 13:10:00,17089,17101,17072,17085,760
2024-01-09 13:15:00,17081,17094,17068,17081,318
2024-01-09 13:20:00,17082,17087,17077,17082,303
2024-01-09 13:25:00,17082,17090,17074,17083,460
2024-01-09 13:30:00,17081,17103,17066,17087,1080
2024-01-09 13:35:00,17086,17095,17081,17091,757
2024-01-09 13:40:00,17090,17095,17087,17092,336
2024-01-10 08:45:00,17085,17127,17051,17094,645
2024-01-10 08:50:00,17092,17115,17075,17098,425
2024-01-10 08:55:00,17096,17118,17078,17100,208
2024-01-10 09:00:00,17101,17123,17083,17105,200
2024-01-10 09:05:00,17103,17112,17101,17110,384
2024-01-10 09:10:00,17109,17116,17099,17105,270
2024-01-10 09:15:00,17108,17122,17090,17103,554
2024-01-10 09:20:00,17105,17114,17093,17102,1014
2024-01-10 09:25:00,17103,17116,17082,17095,500
2024-01-10 09:30:00,17094,17107,17075,17088,479
2024-01-10 09:35:00,17089,17090,17088,17089,804
2024-01-10 09:40:00,17089,17108,17071,17091,913
2024-01-10 09:45:00,17090,17104,17076,17090,296
2024-01-10 09:50:00,17091,17101,17076,17087,422
2024-01-10 09:55:00,17085,17096,17079,17090,330
2024-01-10 10:00:00,17093,17105,17078,17090,972
2024-01-10 10:05:00,17089,17093,17080,17084,426
2024-01-10 10:10:00,17085,17085,17081,17082,454
2024-01-10 10:15:00,17084,17086,17079,17080,1102
2024-01-10 10:20:00,17082,17091,17074,17083,309
2024-01-10 10:25:00,17080,17092,17072,17084,515
2024-01-10 10:30:00,17085,17087,17085,17087,775
2024-01-10 10:35:00,17089,17099,17075,17085,643
2024-01-10 10:40:00,17087,17092,17082,17087,628
2024-01-10 10:45:00,17085,17096,17078,17089,265
2024-01-10 10:50:00,17088,17098,17078,17088,221
2024-01-10 10:55:00,17090,17098,17081,17089,763
2024-01-10 11:00:00,17087,17097,17079,17088,472
2024-01-10 11:05:00,17087,17091,17085,17089,307
2024-01-10 11:10:00,17093,17109,17071,17088,870
2024-01-10 11:15:00,17088,17100,17076,17089,944
2024-01-10 11:20:00,17087,17090,17084,17087,1536
2024-01-10 11:25:00,17085,17093,17085,17093,779
2024-01-10 11:30:00,17094,17098,17090,17095,514
2024-01-10 11:35:00,17092,17107,17080,17095,472
2024-01-10 11:40:00,17095,17096,17091,17093,239
2024-01-10 11:45:00,17093,17102,17079,17088,1665
2024-01-10 11:50:00,17090,17092,17088,17090,515
2024-01-10 11:55:00,17091,17098,17086,17094,248
2024-01-10 12:00:00,17092,17093,17088,17089,287
2024-01-10 12:05:00,17091,17099,17084,17092,203
2024-01-10 12:10:00,17091,17101,17082,17091,287
2024-01-10 12:15:00,17089,17094,17087,17092,240
2024-01-10 12:20:00,17091,17100,17085,17094,1027
2024-01-10 12:25:00,17097,17105,17082,17090,501
2024-01-10 12:30:00,17090,17099,17085,17094,235
2024-01-10 12:35:00,17094,17095,17094,17095,348
2024-01-10 12:40:00,17098,17113,17081,17096,664
2024-01-10 12:45:00,17093,17096,17090,17094,448
2024-01-10 12:50:00,17091,17099,17088,17097,426
2024-01-10 12:55:00,17093,17099,17090,17096,866
2024-01-10 13:00:00,17097,17112,17073,17088,1389
2024-01-10 13:05:00,17089,17089,17083,17084,1469
2024-01-10 13:10:00,17087,17096,17072,17081,354
2024-01-10 13:15:00,17081,17111,17054,17083,1572
2024-01-10 13:20:00,17082,17093,17073,17084,483
2024-01-10 13:25:00,17084,17086,17083,17085,267
2024-01-10 13:30:00,17085,17111,17055,17081,406
2024-01-10 13:35:00,17078,17082,17077,17081,237
2024-01-10 13:40:00,17086,17090,17075,17078,915
2024-01-11 08:45:00,17080,17091,17070,17081,532
2024-01-11 08:50:00,17082,17085,17077,17080,411
2024-01-11 08:55:00,17081,17088,17079,17086,273
2024-01-11 09:00:00,17087,17103,17072,17087,378
2024-01-11 09:05:00,17087,17107,17068,17088,623
2024-01-11 09:10:00,17087,17091,17083,17087,402
2024-01-11 09:15:00,17089,17093,17083,17087,647
2024-01-11 09:20:00,17088,17093,17082,17088,1103
2024-01-11 09:25:00,17086,17091,17083,17088,668
2024-01-11 09:30:00,17091,17091,17081,17082,932
2024-01-11 09:35:00,17083,17105,17060,17083,1250
2024-01-11 09:40:00,17085,17087,17073,17075,948
2024-01-11 09:45:00,17078,17086,17068,17076,482
2024-01-11 09:50:00,17076,17084,17065,17073,661
2024-01-11 09:55:00,17074,17090,17055,17071,4471
2024-01-11 10:00:00,17072,17089,17059,17076,288
2024-01-11 10:05:00,17074,17077,17074,17076,221
2024-01-11 10:10:00,17076,17093,17061,17078,314
2024-01-11 10:15:00,17078,17099,17058,17079,794
2024-01-11 10:20:00,17077,17088,17069,17080,410
2024-01-11 10:25:00,17085,17093,17075,17083,2526
2024-01-11 10:30:00,17080,17099,17068,17087,501
2024-01-11 10:35:00,17085,17091,17078,17084,988
2024-01-11 10:40:00,17087,17093,17075,17081,1164
2024-01-11 10:45:00,17083,17093,17069,17079,1600
2024-01-11 10:50:00,17077,17093,17064,17080,454
2024-01-11 10:55:00,17081,17085,17077,17081,910
2024-01-11 11:00:00,17084,17094,17074,17084,226
2024-01-11 11:05:00,17083,17091,17079,17086,774
2024-01-11 11:10:00,17092,17092,17083,17083,886
2024-01-11 11:15:00,17080,17100,17065,17085,613
2024-01-11 11:20:00,17087,17096,17080,17090,616
2024-01-11 11:25:00,17092,17099,17082,17090,550
2024-01-11 11:30:00,17092,17102,17080,17090,1144
2024-01-11 11:35:00,17089,17090,17084,17084,558
2024-01-11 11:40:00,17084,17092,17074,17082,783
2024-01-11 11:45:00,17083,17089,17069,17075,358
2024-01-11 11:50:00,17076,17079,17067,17070,1265
2024-01-11 11:55:00,17071,17076,17069,17074,381
2024-01-11 12:00:00,17076,17083,17074,17081,428
2024-01-11 12:05:00,17079,17100,17060,17080,718
2024-01-11 12:10:00,17080,17089,17078,17087,1023
2024-01-11 12:15:00,17085,17092,17074,17080,442
2024-01-11 12:20:00,17080,17099,17070,17089,467
2024-01-11 12:25:00,17091,17093,17091,17092,582
2024-01-11 12:30:00,17092,17107,17080,17095,636
2024-01-11 12:35:00,17100,17108,17088,17096,277
2024-01-11 12:40:00,17097,17115,17078,17096,542
2024-01-11 12:45:00,17096,17103,17088,17095,1221
2024-01-11 12:50:00,17095,17096,17093,17093,1305
2024-01-11 12:55:00,17092,17093,17088,17089,519
2024-01-11 13:00:00,17089,17099,17083,17094,755
2024-01-11 13:05:00,17096,17100,17085,17088,334
2024-01-11 13:10:00,17089,17094,17086,17091,282
2024-01-11 13:15:00,17090,17090,17089,17090,248
2024-01-11 13:20:00,17088,17091,17083,17087,788
2024-01-11 13:25:00,17086,17088,17079,17081,214
2024-01-11 13:30:00,17082,17091,17073,17082,1651
2024-01-11 13:35:00,17085,17088,17080,17083,1552
2024-01-11 13:40:00,17080,17090,17075,17085,214
2024-01-12 08:45:00,17084,17102,17072,17090,1542
2024-01-12 08:50:00,17091,17096,17083,17089,409
2024-01-12 08:55:00,17085,17091,17085,17091,239
2024-01-12 09:00:00,17089,17105,17075,17091,517
2024-01-12 09:05:00,17090,17099,17079,17088,442
2024-01-12 09:10:00,17086,17097,17083,17094,252
2024-01-12 09:15:00,17094,17099,17086,17091,1023
2024-01-12 09:20:00,17090,17096,17088,17094,409
2024-01-12 09:25:00,17093,17108,17083,17099,328
2024-01-12 09:30:00,17099,17105,17093,17099,455
2024-01-12 09:35:00,17103,17127,17084,17108,649
2024-01-12 09:40:00,17111,17128,17091,17108,609
2024-01-12 09:45:00,17104,17111,17104,17110,753
2024-01-12 09:50:00,17111,17112,17109,17109,229
2024-01-12 09:55:00,17109,17113,17105,17109,303
2024-01-12 10:00:00,17109,17128,17099,17118,1271
2024-01-12 10:05:00,17118,17119,17111,17112,236
2024-01-12 10:10:00,17112,17139,17097,17123,279
2024-01-12 10:15:00,17123,17145,17108,17130,925
2024-01-12 10:20:00,17128,17132,17124,17128,204
2024-01-12 10:25:00,17126,17137,17124,17135,322
2024-01-12 10:30:00,17134,17139,17129,17134,1324
2024-01-12 10:35:00,17134,17143,17120,17129,229
2024-01-12 10:40:00,17130,17143,17111,17123,218
2024-01-12 10:45:00,17125,17142,17102,17120,560
2024-01-12 10:50:00,17119,17130,17102,17113,359
2024-01-12 10:55:00,17113,17120,17109,17116,711
2024-01-12 11:00:00,17118,17129,17107,17117,409
2024-01-12 11:05:00,17119,17120,17111,17112,355
2024-01-12 11:10:00,17112,17123,17103,17115,1055
2024-01-12 11:15:00,17114,17123,17106,17114,820
2024-01-12 11:20:00,17114,17130,17099,17114,3961
2024-01-12 11:25:00,17112,17118,17104,17110,819
2024-01-12 11:30:00,17110,17113,17101,17104,1151
2024-01-12 11:35:00,17105,17111,17094,17100,1743
2024-01-12 11:40:00,17101,17105,17101,17105,770
2024-01-12 11:45:00,17104,17121,17091,17108,342
2024-01-12 11:50:00,17109,17122,17093,17106,402
2024-01-12 11:55:00,17104,17113,17099,17107,491
2024-01-12 12:00:00,17109,17133,17086,17110,539
2024-01-12 12:05:00,17110,17123,17095,17109,377
2024-01-12 12:10:00,17108,17111,17105,17108,971
2024-01-12 12:15:00,17107,17124,17095,17113,292
2024-01-12 12:20:00,17112,17115,17103,17106,382
2024-01-12 12:25:00,17105,17111,17101,17107,1713
2024-01-12 12:30:00,17108,17117,17087,17096,370
2024-01-12 12:35:00,17095,17119,17084,17108,570
2024-01-12 12:40:00,17111,17117,17107,17112,560
2024-01-12 12:45:00,17115,17121,17106,17112,205
2024-01-12 12:50:00,17110,17118,17103,17111,557
2024-01-12 12:55:00,17111,17128,17094,17112,320
2024-01-12 13:00:00,17111,17120,17107,17117,238
2024-01-12 13:05:00,17116,17116,17112,17113,366
2024-01-12 13:10:00,17117,17124,17101,17108,437
2024-01-12 13:15:00,17108,17116,17100,17108,1052
2024-01-12 13:20:00,17109,17130,17090,17111,568
2024-01-12 13:25:00,17112,17121,17106,17115,484
2024-01-12 13:30:00,17113,17119,17112,17118,456
2024-01-12 13:35:00,17117,17129,17099,17112,993
2024-01-12 13:40:00,17109,17114,17105,17110,246
2024-01-15 08:45:00,17108,17112,17104,17108,1393
2024-01-15 08:50:00,17102,17121,17092,17111,229
2024-01-15 08:55:00,17112,17114,17111,17113,573
2024-01-15 09:00:00,17117,17127,17093,17103,251
2024-01-15 09:05:00,17103,17104,17101,17102,337
2024-01-15 09:10:00,17099,17113,17090,17104,1597
2024-01-15 09:15:00,17103,17113,17100,17111,2661
2024-01-15 09:20:00,17110,17127,17101,17118,1315
2024-01-15 09:25:00,17116,17121,17112,17116,303
2024-01-15 09:30:00,17118,17125,17108,17114,511
2024-01-15 09:35:00,17116,17118,17113,17115,254
2024-01-15 09:40:00,17113,17135,17093,17115,630
2024-01-15 09:45:00,17116,17128,17110,17121,488
2024-01-15 09:50:00,17124,17138,17100,17114,1746
2024-01-15 09:55:00,17118,17141,17094,17117,284
2024-01-15 10:00:00,17123,17128,17111,17115,351
2024-01-15 10:05:00,17113,17118,17101,17106,1002
2024-01-15 10:10:00,17111,17124,17097,17110,909
2024-01-15 10:15:00,17109,17110,17095,17096,712
2024-01-15 10:20:00,17095,17102,17090,17098,713
2024-01-15 10:25:00,17098,17103,17093,17098,752
2024-01-15 10:30:00,17097,17103,17094,17101,513
2024-01-15 10:35:00,17101,17112,17085,17096,706
2024-01-15 10:40:00,17093,17103,17085,17095,679
2024-01-15 10:45:00,17095,17100,17085,17091,333
2024-01-15 10:50:00,17093,17108,17071,17086,897
2024-01-15 10:55:00,17086,17106,17074,17094,435
2024-01-15 11:00:00,17094,17117,17062,17085,725
2024-01-15 11:05:00,17086,17090,17081,17085,420
2024-01-15 11:10:00,17087,17105,17072,17090,877
2024-01-15 11:15:00,17086,17120,17065,17098,795
2024-01-15 11:20:00,17100,17103,17093,17096,3279
2024-01-15 11:25:00,17096,17101,17089,17094,414
2024-01-15 11:30:00,17095,17101,17090,17096,787
2024-01-15 11:35:00,17098,17112,17090,17104,397
2024-01-15 11:40:00,17102,17104,17099,17100,323
2024-01-15 11:45:00,17098,17100,17096,17097,691
2024-01-15 11:50:00,17093,17113,17079,17099,440
2024-01-15 11:55:00,17098,17101,17097,17099,730
2024-01-15 12:00:00,17102,17104,17092,17094,1538
2024-01-15 12:05:00,17094,17100,17085,17091,1149
2024-01-15 12:10:00,17089,17101,17081,17093,206
2024-01-15 12:15:00,17092,17102,17088,17097,293
2024-01-15 12:20:00,17094,17101,17087,17094,641
2024-01-15 12:25:00,17092,17107,17085,17100,963
2024-01-15 12:30:00,17101,17103,17097,17099,603
2024-01-15 12:35:00,17097,17105,17093,17102,716
2024-01-15 12:40:00,17104,17119,17098,17113,1584
2024-01-15 12:45:00,17112,17117,17112,17117,641
2024-01-15 12:50:00,17117,17120,17115,17118,1100
2024-01-15 12:55:00,17117,17138,17100,17121,216
2024-01-15 13:00:00,17122,17128,17120,17126,239
2024-01-15 13:05:00,17128,17143,17106,17122,811
2024-01-15 13:10:00,17122,17136,17098,17112,201
2024-01-15 13:15:00,17113,17119,17101,17108,836
2024-01-15 13:20:00,17107,17111,17103,17106,615
2024-01-15 13:25:00,17107,17120,17097,17110,329
2024-01-15 13:30:00,17109,17129,17088,17108,1451
2024-01-15 13:35:00,17108,17110,17106,17109,440
2024-01-15 13:40:00,17108,17121,17104,17116,1508
2024-01-15 08:45:00,17115,17132,17102,17119,454
2024-01-15 08:50:00,17118,17131,17112,17125,225
2024-01-15 08:55:00,17126,17129,17116,17119,273
2024-01-15 09:00:00,17122,17123,17115,17116,456
2024-01-15 09:05:00,17119,17119,17118,17118,303
2024-01-15 09:10:00,17116,17132,17102,17119,534
2024-01-15 09:15:00,17122,17136,17112,17127,220
2024-01-15 09:20:00,17126,17147,17117,17138,837
2024-01-15 09:25:00,17139,17143,17126,17130,1085
2024-01-15 09:30:00,17129,17134,17127,17132,394
2024-01-15 09:35:00,17133,17137,17131,17136,206
2024-01-15 09:40:00,17136,17147,17120,17130,345
2024-01-15 09:45:00,17127,17134,17120,17126,514
2024-01-15 09:50:00,17128,17133,17123,17129,1026
2024-01-15 09:55:00,17131,17139,17123,17131,1464
2024-01-15 10:00:00,17131,17149,17113,17132,1010
2024-01-15 10:05:00,17135,17144,17121,17130,576
2024-01-15 10:10:00,17130,17139,17121,17130,282
2024-01-15 10:15:00,17132,17146,17118,17132,1131
2024-01-15 10:20:00,17128,17141,17120,17134,367
2024-01-15 10:25:00,17138,17146,17123,17131,391
2024-01-15 10:30:00,17134,17144,17120,17130,606
2024-01-15 10:35:00,17129,17137,17121,17129,1272
2024-01-15 10:40:00,17125,17143,17115,17133,899
2024-01-15 10:45:00,17133,17143,17115,17125,282
2024-01-15 10:50:00,17122,17133,17118,17129,419
2024-01-15 10:55:00,17130,17161,17107,17139,394
2024-01-15 11:00:00,17140,17149,17130,17139,817
2024-01-15 11:05:00,17137,17154,17131,17148,1567
2024-01-15 11:10:00,17150,17171,17132,17153,235
2024-01-15 11:15:00,17155,17166,17144,17156,1199
2024-01-15 11:20:00,17158,17165,17147,17154,2134
2024-01-15 11:25:00,17154,17167,17140,17153,652
2024-01-15 11:30:00,17151,17155,17147,17151,231
2024-01-15 11:35:00,17153,17171,17138,17155,998
2024-01-15 11:40:00,17155,17161,17154,17161,654
2024-01-15 11:45:00,17158,17170,17147,17159,505
2024-01-15 11:50:00,17162,17166,17148,17152,386
2024-01-15 11:55:00,17156,17175,17132,17151,488
2024-01-15 12:00:00,17151,17162,17143,17154,335
2024-01-15 12:05:00,17158,17178,17141,17160,2439
2024-01-15 12:10:00,17160,17175,17148,17163,524
2024-01-15 12:15:00,17162,17162,17159,17159,1206
2024-01-15 12:20:00,17158,17174,17146,17162,1050
2024-01-15 12:25:00,17166,17170,17164,17169,430
2024-01-15 12:30:00,17167,17175,17157,17164,708
2024-01-15 12:35:00,17166,17171,17153,17158,1342
2024-01-15 12:40:00,17157,17170,17145,17158,1105
2024-01-15 12:45:00,17157,17163,17145,17152,228
2024-01-15 12:50:00,17154,17159,17145,17150,236
2024-01-15 12:55:00,17149,17161,17127,17139,555
2024-01-15 13:00:00,17139,17147,17137,17145,595
2024-01-15 13:05:00,17148,17151,17141,17144,1734
2024-01-15 13:10:00,17148,17151,17142,17146,318
2024-01-15 13:15:00,17147,17158,17135,17146,676
2024-01-15 13:20:00,17145,17159,17136,17150,1043
2024-01-15 13:25:00,17149,17158,17140,17149,1160
2024-01-15 13:30:00,17149,17151,17144,17146,780
2024-01-15 13:35:00,17147,17152,17141,17147,545
2024-01-15 13:40:00,17145,17147,17143,17145,461
2024-01-15 08:45:00,17146,17158,17132,17144,447
2024-01-15 08:50:00,17145,17148,17139,17142,213
2024-01-15 08:55:00,17138,17155,17127,17143,229
2024-01-15 09:00:00,17141,17152,17132,17143,1595
2024-01-15 09:05:00,17142,17157,17129,17144,743
2024-01-15 09:10:00,17144,17148,17138,17142,438
2024-01-15 09:15:00,17145,17151,17133,17138,525
2024-01-15 09:20:00,17138,17144,17129,17134,952
2024-01-15 09:25:00,17132,17142,17124,17134,1322
2024-01-15 09:30:00,17134,17139,17132,17136,245
2024-01-15 09:35:00,17136,17152,17118,17133,229
2024-01-15 09:40:00,17134,17143,17128,17137,669
2024-01-15 09:45:00,17138,17158,17116,17136,203
2024-01-15 09:50:00,17139,17140,17137,17139,269
2024-01-15 09:55:00,17139,17149,17127,17137,998
2024-01-15 10:00:00,17141,17143,17135,17137,561
2024-01-15 10:05:00,17139,17156,17111,17128,245
2024-01-15 10:10:00,17127,17137,17120,17131,248
2024-01-15 10:15:00,17135,17137,17124,17126,352
2024-01-15 10:20:00,17127,17135,17125,17133,730
2024-01-15 10:25:00,17131,17136,17126,17130,582
2024-01-15 10:30:00,17134,17148,17120,17134,378
2024-01-15 10:35:00,17138,17154,17115,17131,224
2024-01-15 10:40:00,17131,17139,17120,17128,755
2024-01-15 10:45:00,17127,17140,17120,17133,715
2024-01-15 10:50:00,17132,17133,17132,17132,383
2024-01-15 10:55:00,17133,17146,17115,17127,253
2024-01-15 11:00:00,17130,17132,17126,17128,1016
2024-01-15 11:05:00,17129,17141,17124,17136,1454
2024-01-15 11:10:00,17136,17137,17134,17134,323
2024-01-15 11:15:00,17137,17145,17129,17137,999
2024-01-15 11:20:00,17136,17143,17127,17133,332
2024-01-15 11:25:00,17135,17143,17124,17131,561
2024-01-15 11:30:00,17131,17143,17123,17135,501
2024-01-15 11:35:00,17136,17142,17132,17138,1235
2024-01-15 11:40:00,17138,17150,17129,17141,308
2024-01-15 11:45:00,17140,17142,17137,17138,291
2024-01-15 11:50:00,17138,17151,17127,17141,739
2024-01-15 11:55:00,17143,17165,17118,17139,991
2024-01-15 12:00:00,17138,17152,17126,17140,600
2024-01-15 12:05:00,17138,17142,17134,17138,258
2024-01-15 12:10:00,17142,17150,17133,17141,452
2024-01-15 12:15:00,17143,17149,17137,17143,258
2024-01-15 12:20:00,17138,17144,17137,17143,671
2024-01-15 12:25:00,17142,17147,17140,17145,816
2024-01-15 12:30:00,17142,17160,17135,17153,372
2024-01-15 12:35:00,17151,17157,17148,17154,269
2024-01-15 12:40:00,17148,17157,17143,17153,312
2024-01-15 12:45:00,17153,17159,17146,17152,408
2024-01-15 12:50:00,17150,17156,17149,17156,1007
2024-01-15 12:55:00,17156,17162,17152,17158,353
2024-01-15 13:00:00,17155,17164,17149,17158,778
2024-01-15 13:05:00,17158,17164,17150,17155,771
2024-01-15 13:10:00,17155,17174,17136,17156,865
2024-01-15 13:15:00,17159,17174,17138,17154,357
2024-01-15 13:20:00,17157,17165,17148,17156,384
2024-01-15 13:25:00,17157,17160,17151,17154,595
2024-01-15 13:30:00,17154,17171,17134,17151,1124
2024-01-15 13:35:00,17155,17171,17136,17151,1018
2024-01-15 13:40:00,17148,17158,17146,17156,395
2024-01-16 08:45:00,17153,17170,17138,17155,669
2024-01-16 08:50:00,17155,17156,17153,17155,512
2024-01-16 08:55:00,17159,17168,17147,17155,2099
2024-01-16 09:00:00,17155,17166,17147,17158,213
2024-01-16 09:05:00,17157,17173,17142,17158,616
2024-01-16 09:10:00,17155,17160,17153,17157,480
2024-01-16 09:15:00,17159,17174,17141,17156,1338
2024-01-16 09:20:00,17158,17167,17144,17153,1600
2024-01-16 09:25:00,17154,17165,17147,17158,1028
2024-01-16 09:30:00,17157,17161,17151,17155,277
2024-01-16 09:35:00,17154,17161,17149,17156,213
2024-01-16 09:40:00,17153,17164,17147,17157,337
2024-01-16 09:45:00,17158,17167,17151,17161,853
2024-01-16 09:50:00,17159,17166,17153,17160,2242
2024-01-16 09:55:00,17158,17179,17145,17166,340
2024-01-16 10:00:00,17165,17178,17149,17163,258
2024-01-16 10:05:00,17162,17171,17153,17163,536
2024-01-16 10:10:00,17162,17178,17148,17164,1050
2024-01-16 10:15:00,17165,17173,17155,17163,592
2024-01-16 10:20:00,17163,17165,17163,17164,228
2024-01-16 10:25:00,17163,17167,17160,17163,679
2024-01-16 10:30:00,17163,17172,17153,17162,1055
2024-01-16 10:35:00,17160,17170,17155,17164,1410
2024-01-16 10:40:00,17164,17172,17159,17167,641
2024-01-16 10:45:00,17167,17177,17159,17169,1431
2024-01-16 10:50:00,17166,17183,17157,17175,204
2024-01-16 10:55:00,17177,17182,17168,17173,201
2024-01-16 11:00:00,17171,17179,17164,17172,977
2024-01-16 11:05:00,17172,17179,17160,17167,1529
2024-01-16 11:10:00,17170,17172,17160,17163,1370
2024-01-16 11:15:00,17165,17173,17161,17169,297
2024-01-16 11:20:00,17169,17172,17165,17168,243
2024-01-16 11:25:00,17167,17190,17150,17172,367
2024-01-16 11:30:00,17174,17184,17161,17172,814
2024-01-16 11:35:00,17173,17174,17173,17174,686
2024-01-16 11:40:00,17173,17194,17155,17177,263
2024-01-16 11:45:00,17176,17178,17175,17178,463
2024-01-16 11:50:00,17174,17191,17154,17171,222
2024-01-16 11:55:00,17172,17190,17157,17176,644
2024-01-16 12:00:00,17176,17186,17169,17179,1633
2024-01-16 12:05:00,17181,17185,17180,17184,252
2024-01-16 12:10:00,17185,17193,17178,17187,870
2024-01-16 12:15:00,17190,17201,17170,17181,456
2024-01-16 12:20:00,17180,17180,17178,17178,841
2024-01-16 12:25:00,17181,17186,17173,17179,449
2024-01-16 12:30:00,17177,17187,17171,17180,966
2024-01-16 12:35:00,17182,17193,17175,17186,1479
2024-01-16 12:40:00,17183,17187,17182,17186,425
2024-01-16 12:45:00,17187,17208,17160,17181,348
2024-01-16 12:50:00,17177,17187,17170,17180,479
2024-01-16 12:55:00,17180,17191,17167,17178,458
2024-01-16 13:00:00,17178,17183,17172,17176,749
2024-01-16 13:05:00,17175,17180,17173,17178,518
2024-01-16 13:10:00,17176,17182,17167,17173,231
2024-01-16 13:15:00,17174,17185,17159,17170,250
2024-01-16 13:20:00,17169,17175,17169,17175,1073
2024-01-16 13:25:00,17174,17179,17169,17174,387
2024-01-16 13:30:00,17174,17183,17167,17176,1106
2024-01-16 13:35:00,17182,17183,17171,17173,746
2024-01-16 13:40:00,17176,17181,17165,17170,208
2024-01-17 08:45:00,17172,17175,17167,17170,256
2024-01-17 08:50:00,17171,17175,17167,17171,233
2024-01-17 08:55:00,17171,17187,17148,17164,273
2024-01-17 09:00:00,17160,17164,17153,17157,678
2024-01-17 09:05:00,17156,17169,17146,17159,600
2024-01-17 09:10:00,17158,17168,17152,17162,250
2024-01-17 09:15:00,17158,17174,17146,17162,328
2024-01-17 09:20:00,17160,17172,17154,17166,714
2024-01-17 09:25:00,17162,17164,17160,17162,216
2024-01-17 09:30:00,17162,17172,17148,17158,448
2024-01-17 09:35:00,17160,17167,17146,17154,719
2024-01-17 09:40:00,17156,17170,17140,17154,403
2024-01-17 09:45:00,17155,17158,17147,17151,408
2024-01-17 09:50:00,17149,17165,17136,17153,1033
2024-01-17 09:55:00,17149,17160,17147,17158,285
2024-01-17 10:00:00,17154,17163,17149,17158,1261
2024-01-17 10:05:00,17155,17170,17144,17159,270
2024-01-17 10:10:00,17157,17161,17157,17161,361
2024-01-17 10:15:00,17160,17171,17151,17162,620
2024-01-17 10:20:00,17160,17181,17140,17161,259
2024-01-17 10:25:00,17162,17177,17146,17160,276
2024-01-17 10:30:00,17160,17164,17148,17152,227
2024-01-17 10:35:00,17152,17154,17149,17152,668
2024-01-17 10:40:00,17154,17162,17140,17147,769
2024-01-17 10:45:00,17145,17158,17131,17144,824
2024-01-17 10:50:00,17145,17149,17142,17146,627
2024-01-17 10:55:00,17146,17157,17143,17154,243
2024-01-17 11:00:00,17153,17165,17144,17157,611
2024-01-17 11:05:00,17159,17168,17145,17154,349
2024-01-17 11:10:00,17156,17157,17152,17154,377
2024-01-17 11:15:00,17152,17158,17149,17155,501
2024-01-17 11:20:00,17154,17161,17152,17158,616
2024-01-17 11:25:00,17159,17162,17148,17151,1359
2024-01-17 11:30:00,17150,17156,17137,17143,1312
2024-01-17 11:35:00,17145,17149,17144,17149,629
2024-01-17 11:40:00,17150,17151,17145,17146,427
2024-01-17 11:45:00,17150,17154,17140,17145,223
2024-01-17 11:50:00,17142,17162,17127,17148,942
2024-01-17 11:55:00,17148,17161,17142,17155,281
2024-01-17 12:00:00,17153,17165,17142,17154,742
2024-01-17 12:05:00,17155,17157,17147,17149,285
2024-01-17 12:10:00,17146,17159,17144,17157,372
2024-01-17 12:15:00,17158,17160,17151,17153,1151
2024-01-17 12:20:00,17152,17158,17148,17154,541
2024-01-17 12:25:00,17153,17156,17153,17156,244
2024-01-17 12:30:00,17153,17156,17153,17155,348
2024-01-17 12:35:00,17155,17158,17152,17156,614
2024-01-17 12:40:00,17158,17169,17143,17155,217
2024-01-17 12:45:00,17155,17165,17142,17153,726
2024-01-17 12:50:00,17154,17181,17134,17160,1390
2024-01-17 12:55:00,17164,17181,17141,17159,291
2024-01-17 13:00:00,17159,17177,17140,17157,299
2024-01-17 13:05:00,17156,17160,17156,17160,893
2024-01-17 13:10:00,17161,17167,17155,17162,414
2024-01-17 13:15:00,17161,17170,17146,17155,558
2024-01-17 13:20:00,17154,17166,17144,17155,643
2024-01-17 13:25:00,17152,17167,17152,17167,362
2024-01-17 13:30:00,17169,17184,17154,17169,1307
2024-01-17 13:35:00,17169,17177,17157,17166,220
2024-01-17 13:40:00,17166,17168,17160,17162,332
2024-01-18 08:45:00,17160,17165,17155,17159,353
2024-01-18 08:50:00,17160,17168,17155,17162,269
2024-01-18 08:55:00,17161,17168,17155,17163,1558
2024-01-18 09:00:00,17162,17165,17156,17159,341
2024-01-18 09:05:00,17161,17164,17152,17156,1551
2024-01-18 09:10:00,17158,17173,17151,17166,255
2024-01-18 09:15:00,17166,17174,17160,17168,1104
2024-01-18 09:20:00,17164,17181,17151,17167,628
2024-01-18 09:25:00,17173,17178,17155,17161,1063
2024-01-18 09:30:00,17164,17167,17160,17163,1516
2024-01-18 09:35:00,17164,17166,17162,17164,335
2024-01-18 09:40:00,17162,17165,17159,17162,1257
2024-01-18 09:45:00,17162,17162,17160,17160,283
2024-01-18 09:50:00,17159,17163,17155,17158,429
2024-01-18 09:55:00,17161,17169,17150,17158,219
2024-01-18 10:00:00,17159,17165,17152,17158,212
2024-01-18 10:05:00,17157,17167,17154,17164,460
2024-01-18 10:10:00,17163,17164,17159,17160,294
2024-01-18 10:15:00,17162,17169,17159,17166,345
2024-01-18 10:20:00,17169,17182,17168,17181,359
2024-01-18 10:25:00,17184,17193,17173,17182,644
2024-01-18 10:30:00,17184,17188,17180,17183,595
2024-01-18 10:35:00,17183,17193,17177,17187,335
2024-01-18 10:40:00,17180,17188,17179,17187,939
2024-01-18 10:45:00,17188,17206,17168,17186,1680
2024-01-18 10:50:00,17186,17195,17183,17192,392
2024-01-18 10:55:00,17192,17199,17170,17177,281
2024-01-18 11:00:00,17177,17183,17172,17178,531
2024-01-18 11:05:00,17176,17182,17169,17176,585
2024-01-18 11:10:00,17177,17182,17176,17181,983
2024-01-18 11:15:00,17182,17189,17176,17183,626
2024-01-18 11:20:00,17184,17192,17167,17175,424
2024-01-18 11:25:00,17177,17190,17166,17179,593
2024-01-18 11:30:00,17180,17203,17159,17182,834
2024-01-18 11:35:00,17181,17187,17179,17184,1276
2024-01-18 11:40:00,17184,17203,17167,17186,1167
2024-01-18 11:45:00,17186,17191,17185,17190,514
2024-01-18 11:50:00,17190,17197,17187,17194,286
2024-01-18 11:55:00,17196,17203,17192,17199,735
2024-01-18 12:00:00,17200,17204,17191,17195,401
2024-01-18 12:05:00,17199,17218,17171,17191,2156
2024-01-18 12:10:00,17195,17205,17179,17189,579
2024-01-18 12:15:00,17190,17197,17180,17187,668
2024-01-18 12:20:00,17180,17191,17176,17187,623
2024-01-18 12:25:00,17190,17191,17182,17183,1588
2024-01-18 12:30:00,17182,17188,17182,17188,831
2024-01-18 12:35:00,17186,17187,17182,17183,883
2024-01-18 12:40:00,17182,17184,17177,17178,231
2024-01-18 12:45:00,17177,17191,17164,17177,569
2024-01-18 12:50:00,17179,17183,17163,17168,404
2024-01-18 12:55:00,17164,17166,17161,17162,448
2024-01-18 13:00:00,17160,17166,17157,17163,985
2024-01-18 13:05:00,17164,17164,17157,17157,2707
2024-01-18 13:10:00,17159,17159,17156,17157,795
2024-01-18 13:15:00,17158,17168,17153,17163,258
2024-01-18 13:20:00,17162,17174,17149,17161,551
2024-01-18 13:25:00,17159,17161,17154,17156,806
2024-01-18 13:30:00,17155,17167,17148,17159,1242
2024-01-18 13:35:00,17159,17180,17152,17172,507
2024-01-18 13:40:00,17175,17179,17166,17170,470
2024-01-19 08:45:00,17166,17169,17158,17161,893
2024-01-19 08:50:00,17161,17180,17140,17159,1030
2024-01-19 08:55:00,17156,17167,17148,17159,639
2024-01-19 09:00:00,17156,17172,17148,17164,1329
2024-01-19 09:05:00,17166,17168,17161,17164,218
2024-01-19 09:10:00,17165,17168,17161,17164,709
2024-01-19 09:15:00,17165,17173,17152,17160,1476
2024-01-19 09:20:00,17162,17164,17157,17159,922
2024-01-19 09:25:00,17158,17168,17144,17154,908
2024-01-19 09:30:00,17153,17178,17133,17158,908
2024-01-19 09:35:00,17162,17166,17154,17158,1119
2024-01-19 09:40:00,17158,17164,17152,17158,3060
2024-01-19 09:45:00,17159,17171,17146,17158,485
2024-01-19 09:50:00,17158,17158,17155,17155,268
2024-01-19 09:55:00,17151,17155,17150,17153,264
2024-01-19 10:00:00,17149,17159,17148,17158,783
2024-01-19 10:05:00,17156,17164,17156,17163,238
2024-01-19 10:10:00,17165,17166,17163,17164,624
2024-01-19 10:15:00,17165,17167,17160,17162,1871
2024-01-19 10:20:00,17164,17172,17159,17167,239
2024-01-19 10:25:00,17165,17172,17158,17165,953
2024-01-19 10:30:00,17168,17169,17166,17167,342
2024-01-19 10:35:00,17165,17172,17150,17157,339
2024-01-19 10:40:00,17158,17160,17149,17152,1224
2024-01-19 10:45:00,17152,17163,17140,17151,718
2024-01-19 10:50:00,17150,17157,17150,17156,652
2024-01-19 10:55:00,17159,17160,17156,17157,785
2024-01-19 11:00:00,17156,17164,17145,17153,2151
2024-01-19 11:05:00,17150,17156,17148,17153,540
2024-01-19 11:10:00,17153,17159,17144,17149,1157
2024-01-19 11:15:00,17148,17173,17127,17151,718
2024-01-19 11:20:00,17158,17159,17147,17148,208
2024-01-19 11:25:00,17149,17157,17144,17152,953
2024-01-19 11:30:00,17151,17160,17148,17157,1001
2024-01-19 11:35:00,17155,17177,17137,17159,223
2024-01-19 11:40:00,17155,17164,17152,17161,330
2024-01-19 11:45:00,17159,17170,17149,17160,406
2024-01-19 11:50:00,17160,17172,17144,17156,333
2024-01-19 11:55:00,17159,17168,17145,17154,1086
2024-01-19 12:00:00,17157,17167,17140,17150,436
2024-01-19 12:05:00,17151,17158,17142,17148,553
2024-01-19 12:10:00,17148,17161,17139,17152,439
2024-01-19 12:15:00,17153,17153,17150,17151,1395
2024-01-19 12:20:00,17150,17167,17136,17153,1531
2024-01-19 12:25:00,17156,17160,17153,17156,1390
2024-01-19 12:30:00,17156,17183,17132,17159,712
2024-01-19 12:35:00,17159,17167,17151,17159,1647
2024-01-19 12:40:00,17155,17162,17153,17161,306
2024-01-19 12:45:00,17161,17170,17150,17159,1322
2024-01-19 12:50:00,17161,17164,17160,17164,254
2024-01-19 12:55:00,17162,17167,17153,17158,969
2024-01-19 13:00:00,17157,17167,17148,17158,1291
2024-01-19 13:05:00,17160,17172,17147,17159,2061
2024-01-19 13:10:00,17156,17182,17138,17164,376
2024-01-19 13:15:00,17166,17182,17144,17160,639
2024-01-19 13:20:00,17159,17175,17138,17155,234
2024-01-19 13:25:00,17154,17165,17149,17160,345
2024-01-19 13:30:00,17157,17162,17156,17160,660
2024-01-19 13:35:00,17161,17174,17145,17158,668
2024-01-19 13:40:00,17162,17174,17144,17156,1098
2024-01-22 08:45:00,17158,17175,17141,17158,523
2024-01-22 08:50:00,17157,17159,17156,17158,724
2024-01-22 08:55:00,17161,17165,17158,17162,225
2024-01-22 09:00:00,17162,17170,17151,17160,1627
2024-01-22 09:05:00,17162,17166,17151,17155,3161
2024-01-22 09:10:00,17157,17162,17151,17156,499
2024-01-22 09:15:00,17150,17171,17135,17156,614
2024-01-22 09:20:00,17154,17158,17153,17157,1401
2024-01-22 09:25:00,17158,17164,17157,17162,498
2024-01-22 09:30:00,17163,17169,17156,17162,775
2024-01-22 09:35:00,17160,17167,17156,17163,387
2024-01-22 09:40:00,17162,17164,17159,17161,718
2024-01-22 09:45:00,17158,17171,17152,17165,609
2024-01-22 09:50:00,17165,17185,17149,17169,228
2024-01-22 09:55:00,17173,17176,17164,17167,699
2024-01-22 10:00:00,17169,17175,17162,17168,935
2024-01-22 10:05:00,17173,17179,17162,17169,328
2024-01-22 10:10:00,17170,17179,17156,17166,406
2024-01-22 10:15:00,17168,17178,17153,17164,1917
2024-01-22 10:20:00,17167,17168,17164,17164,479
2024-01-22 10:25:00,17164,17173,17156,17165,397
2024-01-22 10:30:00,17164,17173,17156,17165,830
2024-01-22 10:35:00,17167,17170,17158,17161,2171
2024-01-22 10:40:00,17164,17168,17159,17162,422
2024-01-22 10:45:00,17161,17166,17158,17164,396
2024-01-22 10:50:00,17162,17169,17157,17163,1653
2024-01-22 10:55:00,17164,17164,17163,17164,277
2024-01-22 11:00:00,17166,17169,17160,17163,219
2024-01-22 11:05:00,17165,17168,17161,17164,835
2024-01-22 11:10:00,17161,17172,17152,17163,604
2024-01-22 11:15:00,17167,17176,17154,17163,257
2024-01-22 11:20:00,17162,17163,17160,17161,862
2024-01-22 11:25:00,17160,17167,17154,17161,547
2024-01-22 11:30:00,17159,17178,17145,17164,311
2024-01-22 11:35:00,17169,17177,17155,17163,591
2024-01-22 11:40:00,17163,17183,17145,17164,758
2024-01-22 11:45:00,17163,17176,17153,17166,786
2024-01-22 11:50:00,17168,17169,17166,17167,465
2024-01-22 11:55:00,17169,17172,17165,17169,250
2024-01-22 12:00:00,17168,17172,17162,17166,972
2024-01-22 12:05:00,17168,17183,17152,17167,1485
2024-01-22 12:10:00,17166,17180,17155,17169,962
2024-01-22 12:15:00,17168,17171,17162,17165,1759
2024-01-22 12:20:00,17161,17182,17146,17166,405
2024-01-22 12:25:00,17164,17171,17155,17162,440
2024-01-22 12:30:00,17166,17168,17162,17164,695
2024-01-22 12:35:00,17168,17170,17166,17168,979
2024-01-22 12:40:00,17168,17173,17163,17167,579
2024-01-22 12:45:00,17171,17176,17162,17167,297
2024-01-22 12:50:00,17167,17180,17154,17167,983
2024-01-22 12:55:00,17166,17174,17157,17166,1025
2024-01-22 13:00:00,17166,17179,17154,17167,720
2024-01-22 13:05:00,17167,17168,17163,17164,2665
2024-01-22 13:10:00,17164,17171,17160,17168,208
2024-01-22 13:15:00,17170,17171,17167,17168,393
2024-01-22 13:20:00,17168,17173,17162,17167,1131
2024-01-22 13:25:00,17168,17173,17161,17166,349
2024-01-22 13:30:00,17168,17178,17155,17165,1395
2024-01-22 13:35:00,17166,17173,17155,17162,549
2024-01-22 13:40:00,17160,17168,17150,17159,698
2024-01-22 08:45:00,17156,17176,17140,17160,443
2024-01-22 08:50:00,17160,17171,17146,17157,647
2024-01-22 08:55:00,17157,17170,17142,17155,373
2024-01-22 09:00:00,17155,17159,17152,17156,468
2024-01-22 09:05:00,17156,17165,17146,17155,695
2024-01-22 09:10:00,17160,17167,17152,17159,548
2024-01-22 09:15:00,17156,17168,17151,17162,480
2024-01-22 09:20:00,17158,17168,17150,17160,651
2024-01-22 09:25:00,17160,17168,17153,17161,1276
2024-01-22 09:30:00,17160,17167,17158,17165,333
2024-01-22 09:35:00,17165,17167,17159,17161,310
2024-01-22 09:40:00,17162,17174,17146,17158,1512
2024-01-22 09:45:00,17161,17167,17152,17158,720
2024-01-22 09:50:00,17155,17169,17155,17168,415
2024-01-22 09:55:00,17167,17170,17166,17168,591
2024-01-22 10:00:00,17169,17179,17161,17171,887
2024-01-22 10:05:00,17172,17183,17165,17176,411
2024-01-22 10:10:00,17180,17200,17157,17177,208
2024-01-22 10:15:00,17179,17182,17175,17178,613
2024-01-22 10:20:00,17178,17179,17177,17177,2237
2024-01-22 10:25:00,17175,17180,17168,17173,229
2024-01-22 10:30:00,17172,17192,17156,17175,1127
2024-01-22 10:35:00,17174,17190,17165,17181,424
2024-01-22 10:40:00,17182,17188,17176,17182,434
2024-01-22 10:45:00,17183,17187,17177,17181,208
2024-01-22 10:50:00,17178,17198,17163,17183,346
2024-01-22 10:55:00,17183,17193,17172,17183,482
2024-01-22 11:00:00,17185,17186,17180,17181,905
2024-01-22 11:05:00,17181,17188,17176,17183,466
2024-01-22 11:10:00,17184,17191,17176,17183,312
2024-01-22 11:15:00,17184,17185,17179,17181,284
2024-01-22 11:20:00,17184,17209,17157,17182,1687
2024-01-22 11:25:00,17183,17198,17165,17181,238
2024-01-22 11:30:00,17180,17189,17174,17183,563
2024-01-22 11:35:00,17181,17203,17158,17180,1232
2024-01-22 11:40:00,17180,17191,17168,17179,208
2024-01-22 11:45:00,17174,17193,17162,17181,344
2024-01-22 11:50:00,17181,17189,17168,17177,294
2024-01-22 11:55:00,17176,17192,17162,17178,466
2024-01-22 12:00:00,17175,17204,17149,17178,2023
2024-01-22 12:05:00,17176,17189,17165,17178,223
2024-01-22 12:10:00,17180,17181,17172,17173,994
2024-01-22 12:15:00,17173,17181,17168,17176,481
2024-01-22 12:20:00,17176,17190,17167,17181,1331
2024-01-22 12:25:00,17181,17182,17173,17174,336
2024-01-22 12:30:00,17175,17178,17174,17178,1352
2024-01-22 12:35:00,17180,17193,17163,17176,394
2024-01-22 12:40:00,17176,17189,17164,17177,954
2024-01-22 12:45:00,17175,17192,17166,17183,614
2024-01-22 12:50:00,17186,17190,17174,17178,672
2024-01-22 12:55:00,17179,17179,17178,17178,852
2024-01-22 13:00:00,17177,17189,17163,17174,349
2024-01-22 13:05:00,17172,17185,17161,17174,340
2024-01-22 13:10:00,17175,17177,17169,17171,774
2024-01-22 13:15:00,17171,17187,17151,17167,356
2024-01-22 13:20:00,17171,17182,17160,17172,654
2024-01-22 13:25:00,17171,17190,17148,17167,371
2024-01-22 13:30:00,17165,17173,17156,17164,350
2024-01-22 13:35:00,17165,17171,17152,17158,378
2024-01-22 13:40:00,17160,17171,17142,17153,808
2024-01-22 08:45:00,17154,17163,17144,17154,773
2024-01-22 08:50:00,17155,17169,17140,17154,347
2024-01-22 08:55:00,17154,17168,17138,17152,285
2024-01-22 09:00:00,17153,17163,17147,17158,1588
2024-01-22 09:05:00,17161,17163,17158,17161,1076
2024-01-22 09:10:00,17162,17172,17146,17156,286
2024-01-22 09:15:00,17156,17165,17153,17163,210
2024-01-22 09:20:00,17166,17173,17151,17158,760
2024-01-22 09:25:00,17154,17167,17146,17160,222
2024-01-22 09:30:00,17164,17167,17158,17161,797
2024-01-22 09:35:00,17158,17161,17153,17156,327
2024-01-22 09:40:00,17155,17161,17154,17161,292
2024-01-22 09:45:00,17161,17168,17154,17161,853
2024-01-22 09:50:00,17160,17168,17154,17162,619
2024-01-22 09:55:00,17164,17175,17151,17162,367
2024-01-22 10:00:00,17160,17171,17149,17161,298
2024-01-22 10:05:00,17161,17165,17152,17157,242
2024-01-22 10:10:00,17155,17163,17148,17156,591
2024-01-22 10:15:00,17156,17172,17138,17154,432
2024-01-22 10:20:00,17154,17175,17136,17157,721
2024-01-22 10:25:00,17158,17168,17140,17150,1894
2024-01-22 10:30:00,17149,17160,17146,17157,379
2024-01-22 10:35:00,17156,17159,17156,17159,215
2024-01-22 10:40:00,17160,17163,17156,17160,390
2024-01-22 10:45:00,17162,17172,17148,17159,251
2024-01-22 10:50:00,17157,17174,17138,17155,265
2024-01-22 10:55:00,17153,17160,17144,17151,375
2024-01-22 11:00:00,17152,17155,17144,17147,825
2024-01-22 11:05:00,17147,17160,17141,17154,673
2024-01-22 11:10:00,17156,17169,17141,17155,430
2024-01-22 11:15:00,17153,17161,17149,17157,648
2024-01-22 11:20:00,17154,17171,17143,17160,261
2024-01-22 11:25:00,17159,17165,17149,17155,1259
2024-01-22 11:30:00,17153,17178,17135,17159,537
2024-01-22 11:35:00,17159,17168,17150,17159,1230
2024-01-22 11:40:00,17157,17168,17147,17158,1492
2024-01-22 11:45:00,17159,17195,17134,17169,835
2024-01-22 11:50:00,17169,17174,17158,17162,593
2024-01-22 11:55:00,17163,17170,17159,17166,604
2024-01-22 12:00:00,17166,17181,17158,17172,770
2024-01-22 12:05:00,17173,17193,17155,17175,257
2024-01-22 12:10:00,17175,17196,17162,17182,287
2024-01-22 12:15:00,17183,17193,17170,17180,463
2024-01-22 12:20:00,17178,17194,17167,17183,441
2024-01-22 12:25:00,17186,17199,17170,17183,675
2024-01-22 12:30:00,17182,17196,17159,17173,594
2024-01-22 12:35:00,17171,17173,17167,17170,727
2024-01-22 12:40:00,17170,17179,17168,17176,228
2024-01-22 12:45:00,17175,17180,17175,17179,537
2024-01-22 12:50:00,17181,17190,17168,17178,1857
2024-01-22 12:55:00,17182,17185,17176,17180,1666
2024-01-22 13:00:00,17178,17195,17167,17184,581
2024-01-22 13:05:00,17185,17198,17169,17181,1045
2024-01-22 13:10:00,17178,17185,17169,17176,556
2024-01-22 13:15:00,17177,17191,17170,17184,1366
2024-01-22 13:20:00,17182,17182,17176,17176,668
2024-01-22 13:25:00,17175,17187,17167,17179,3030
2024-01-22 13:30:00,17177,17187,17168,17178,300
2024-01-22 13:35:00,17179,17190,17169,17179,1331
2024-01-22 13:40:00,17181,17186,17164,17168,2202
2024-01-23 08:45:00,17168,17171,17161,17164,856
2024-01-23 08:50:00,17162,17196,17145,17179,591
2024-01-23 08:55:00,17182,17182,17177,17177,749
2024-01-23 09:00:00,17175,17184,17171,17180,1144
2024-01-23 09:05:00,17175,17193,17165,17183,288
2024-01-23 09:10:00,17184,17196,17166,17178,1018
2024-01-23 09:15:00,17176,17189,17160,17173,729
2024-01-23 09:20:00,17175,17193,17151,17169,227
2024-01-23 09:25:00,17168,17175,17160,17167,299
2024-01-23 09:30:00,17168,17185,17155,17172,943
2024-01-23 09:35:00,17175,17187,17160,17171,457
2024-01-23 09:40:00,17169,17177,17156,17165,1853
2024-01-23 09:45:00,17163,17174,17152,17163,321
2024-01-23 09:50:00,17163,17185,17143,17166,3503
2024-01-23 09:55:00,17169,17179,17152,17162,312
2024-01-23 10:00:00,17161,17192,17142,17173,573
2024-01-23 10:05:00,17172,17175,17160,17163,332
2024-01-23 10:10:00,17164,17166,17163,17165,404
2024-01-23 10:15:00,17164,17173,17159,17167,300
2024-01-23 10:20:00,17168,17171,17163,17166,1702
2024-01-23 10:25:00,17163,17172,17162,17171,635
2024-01-23 10:30:00,17175,17178,17168,17170,1368
2024-01-23 10:35:00,17168,17183,17156,17171,530
2024-01-23 10:40:00,17170,17173,17166,17168,860
2024-01-23 10:45:00,17168,17196,17144,17171,618
2024-01-23 10:50:00,17175,17181,17164,17170,665
2024-01-23 10:55:00,17167,17171,17159,17163,535
2024-01-23 11:00:00,17167,17169,17160,17162,561
2024-01-23 11:05:00,17164,17171,17150,17158,1076
2024-01-23 11:10:00,17159,17165,17157,17163,1064
2024-01-23 11:15:00,17161,17177,17156,17172,722
2024-01-23 11:20:00,17173,17181,17166,17174,539
2024-01-23 11:25:00,17172,17184,17168,17180,544
2024-01-23 11:30:00,17182,17191,17169,17177,397
2024-01-23 11:35:00,17175,17179,17172,17175,215
2024-01-23 11:40:00,17175,17176,17174,17174,1615
2024-01-23 11:45:00,17173,17176,17170,17173,1225
2024-01-23 11:50:00,17171,17198,17145,17173,202
2024-01-23 11:55:00,17174,17179,17157,17162,321
2024-01-23 12:00:00,17163,17174,17151,17162,285
2024-01-23 12:05:00,17165,17171,17155,17160,693
2024-01-23 12:10:00,17157,17165,17154,17162,414
2024-01-23 12:15:00,17165,17169,17151,17156,642
2024-01-23 12:20:00,17161,17167,17149,17155,475
2024-01-23 12:25:00,17154,17167,17131,17144,681
2024-01-23 12:30:00,17147,17151,17146,17150,451
2024-01-23 12:35:00,17150,17150,17144,17145,1533
2024-01-23 12:40:00,17142,17151,17136,17145,1281
2024-01-23 12:45:00,17144,17150,17142,17148,356
2024-01-23 12:50:00,17150,17157,17140,17148,630
2024-01-23 12:55:00,17146,17164,17137,17155,593
2024-01-23 13:00:00,17154,17175,17137,17159,390
2024-01-23 13:05:00,17160,17166,17159,17165,961
2024-01-23 13:10:00,17165,17170,17157,17161,745
2024-01-23 13:15:00,17162,17170,17157,17165,774
2024-01-23 13:20:00,17165,17184,17144,17162,241
2024-01-23 13:25:00,17163,17167,17161,17164,1153
2024-01-23 13:30:00,17164,17180,17149,17166,239
2024-01-23 13:35:00,17166,17176,17162,17171,1467
2024-01-23 13:40:00,17170,17176,17169,17176,528
2024-01-24 08:45:00,17178,17181,17174,17177,876
2024-01-24 08:50:00,17176,17177,17175,17177,1439
2024-01-24 08:55:00,17179,17197,17154,17173,1757
2024-01-24 09:00:00,17173,17174,17167,17169,332
2024-01-24 09:05:00,17169,17172,17160,17162,376
2024-01-24 09:10:00,17161,17183,17144,17166,434
2024-01-24 09:15:00,17164,17177,17159,17172,684
2024-01-24 09:20:00,17169,17184,17162,17177,1042
2024-01-24 09:25:00,17175,17188,17167,17180,216
2024-01-24 09:30:00,17179,17205,17157,17183,227
2024-01-24 09:35:00,17184,17195,17174,17185,347
2024-01-24 09:40:00,17187,17196,17172,17181,1444
2024-01-24 09:45:00,17180,17183,17174,17177,546
2024-01-24 09:50:00,17175,17186,17160,17171,585
2024-01-24 09:55:00,17168,17170,17165,17166,563
2024-01-24 10:00:00,17167,17169,17166,17169,1398
2024-01-24 10:05:00,17172,17172,17170,17171,323
2024-01-24 10:10:00,17173,17184,17157,17168,258
2024-01-24 10:15:00,17170,17171,17159,17160,991
2024-01-24 10:20:00,17161,17165,17149,17153,673
2024-01-24 10:25:00,17157,17161,17147,17152,307
2024-01-24 10:30:00,17153,17170,17133,17151,702
2024-01-24 10:35:00,17152,17156,17150,17154,478
2024-01-24 10:40:00,17153,17155,17153,17155,552
2024-01-24 10:45:00,17152,17161,17140,17149,232
2024-01-24 10:50:00,17147,17164,17135,17151,321
2024-01-24 10:55:00,17151,17153,17149,17150,574
2024-01-24 11:00:00,17150,17157,17142,17149,615
2024-01-24 11:05:00,17153,17162,17146,17155,1168
2024-01-24 11:10:00,17155,17158,17147,17150,846
2024-01-24 11:15:00,17152,17162,17145,17155,598
2024-01-24 11:20:00,17154,17174,17140,17160,1394
2024-01-24 11:25:00,17159,17175,17148,17164,469
2024-01-24 11:30:00,17162,17177,17153,17168,485
2024-01-24 11:35:00,17167,17182,17153,17168,238
2024-01-24 11:40:00,17169,17210,17133,17174,643
2024-01-24 11:45:00,17174,17189,17164,17179,425
2024-01-24 11:50:00,17181,17189,17165,17174,1755
2024-01-24 11:55:00,17174,17177,17164,17166,638
2024-01-24 12:00:00,17165,17178,17156,17169,279
2024-01-24 12:05:00,17174,17185,17158,17169,277
2024-01-24 12:10:00,17169,17170,17168,17168,801
2024-01-24 12:15:00,17171,17181,17162,17173,1080
2024-01-24 12:20:00,17172,17177,17169,17174,1909
2024-01-24 12:25:00,17175,17181,17173,17179,489
2024-01-24 12:30:00,17181,17183,17175,17177,780
2024-01-24 12:35:00,17177,17187,17173,17183,1381
2024-01-24 12:40:00,17178,17191,17167,17180,206
2024-01-24 12:45:00,17180,17196,17163,17179,401
2024-01-24 12:50:00,17181,17182,17180,17180,1050
2024-01-24 12:55:00,17181,17190,17174,17183,315
2024-01-24 13:00:00,17184,17198,17171,17185,264
2024-01-24 13:05:00,17182,17188,17180,17187,557
2024-01-24 13:10:00,17185,17187,17183,17184,215
2024-01-24 13:15:00,17185,17192,17173,17180,256
2024-01-24 13:20:00,17181,17201,17160,17180,214
2024-01-24 13:25:00,17182,17196,17171,17186,625
2024-01-24 13:30:00,17185,17190,17180,17185,270
2024-01-24 13:35:00,17185,17192,17176,17183,648
2024-01-24 13:40:00,17183,17185,17179,17180,1166
2024-01-25 08:45:00,17178,17182,17178,17182,1383
2024-01-25 08:50:00,17177,17182,17175,17179,883
2024-01-25 08:55:00,17180,17183,17175,17178,701
2024-01-25 09:00:00,17178,17189,17169,17180,743
2024-01-25 09:05:00,17179,17187,17173,17181,398
2024-01-25 09:10:00,17178,17188,17171,17180,208
2024-01-25 09:15:00,17181,17184,17175,17178,800
2024-01-25 09:20:00,17177,17177,17172,17173,2750
2024-01-25 09:25:00,17174,17174,17171,17171,781
2024-01-25 09:30:00,17175,17179,17166,17170,387
2024-01-25 09:35:00,17166,17187,17150,17172,356
2024-01-25 09:40:00,17170,17188,17152,17170,701
2024-01-25 09:45:00,17169,17179,17156,17166,1038
2024-01-25 09:50:00,17169,17178,17156,17165,749
2024-01-25 09:55:00,17161,17167,17154,17160,754
2024-01-25 10:00:00,17164,17165,17160,17160,685
2024-01-25 10:05:00,17161,17171,17148,17159,247
2024-01-25 10:10:00,17159,17172,17143,17156,346
2024-01-25 10:15:00,17155,17159,17150,17153,550
2024-01-25 10:20:00,17152,17158,17143,17148,647
2024-01-25 10:25:00,17150,17157,17142,17149,587
2024-01-25 10:30:00,17147,17160,17143,17156,610
2024-01-25 10:35:00,17157,17158,17153,17153,346
2024-01-25 10:40:00,17153,17158,17143,17148,569
2024-01-25 10:45:00,17147,17159,17133,17146,203
2024-01-25 10:50:00,17151,17156,17140,17144,742
2024-01-25 10:55:00,17145,17153,17135,17142,235
2024-01-25 11:00:00,17144,17149,17137,17142,1192
2024-01-25 11:05:00,17145,17147,17143,17145,368
2024-01-25 11:10:00,17143,17148,17141,17146,419
2024-01-25 11:15:00,17150,17161,17130,17141,773
2024-01-25 11:20:00,17136,17144,17135,17143,232
2024-01-25 11:25:00,17142,17145,17136,17139,1339
2024-01-25 11:30:00,17138,17148,17134,17144,311
2024-01-25 11:35:00,17145,17146,17143,17144,220
2024-01-25 11:40:00,17144,17171,17117,17143,401
2024-01-25 11:45:00,17143,17149,17134,17140,1780
2024-01-25 11:50:00,17140,17144,17135,17140,288
2024-01-25 11:55:00,17138,17148,17129,17139,862
2024-01-25 12:00:00,17136,17149,17131,17144,1493
2024-01-25 12:05:00,17145,17160,17130,17144,291
2024-01-25 12:10:00,17146,17147,17139,17140,993
2024-01-25 12:15:00,17143,17144,17137,17138,686
2024-01-25 12:20:00,17136,17144,17127,17135,220
2024-01-25 12:25:00,17136,17141,17128,17132,291
2024-01-25 12:30:00,17131,17146,17116,17130,349
2024-01-25 12:35:00,17133,17135,17129,17132,1242
2024-01-25 12:40:00,17134,17150,17116,17132,218
2024-01-25 12:45:00,17132,17133,17130,17131,427
2024-01-25 12:50:00,17130,17143,17118,17130,264
2024-01-25 12:55:00,17132,17133,17130,17131,1221
2024-01-25 13:00:00,17132,17135,17129,17132,243
2024-01-25 13:05:00,17130,17134,17129,17133,715
2024-01-25 13:10:00,17130,17143,17119,17132,312
2024-01-25 13:15:00,17132,17133,17128,17129,1301
2024-01-25 13:20:00,17132,17135,17130,17133,926
2024-01-25 13:25:00,17135,17142,17127,17134,873
2024-01-25 13:30:00,17131,17140,17122,17131,778
2024-01-25 13:35:00,17128,17133,17124,17128,581
2024-01-25 13:40:00,17131,17138,17119,17126,520
2024-01-26 08:45:00,17123,17133,17116,17125,374
2024-01-26 08:50:00,17126,17132,17112,17118,1585
2024-01-26 08:55:00,17117,17127,17108,17119,290
2024-01-26 09:00:00,17122,17133,17105,17116,1369
2024-01-26 09:05:00,17114,17126,17108,17119,252
2024-01-26 09:10:00,17122,17132,17110,17120,419
2024-01-26 09:15:00,17121,17126,17109,17114,1741
2024-01-26 09:20:00,17115,17119,17111,17115,203
2024-01-26 09:25:00,17111,17133,17104,17126,375
2024-01-26 09:30:00,17122,17135,17117,17130,1907
2024-01-26 09:35:00,17130,17134,17127,17131,236
2024-01-26 09:40:00,17131,17154,17106,17129,248
2024-01-26 09:45:00,17127,17143,17113,17130,437
2024-01-26 09:50:00,17128,17135,17124,17131,741
2024-01-26 09:55:00,17132,17150,17110,17127,807
2024-01-26 10:00:00,17129,17133,17126,17131,767
2024-01-26 10:05:00,17131,17134,17128,17131,1299
2024-01-26 10:10:00,17133,17142,17124,17133,1204
2024-01-26 10:15:00,17131,17140,17130,17139,488
2024-01-26 10:20:00,17138,17146,17133,17141,827
2024-01-26 10:25:00,17144,17146,17142,17145,1517
2024-01-26 10:30:00,17145,17150,17140,17146,261
2024-01-26 10:35:00,17147,17158,17134,17146,372
2024-01-26 10:40:00,17150,17153,17144,17147,862
2024-01-26 10:45:00,17144,17152,17139,17147,368
2024-01-26 10:50:00,17149,17153,17146,17151,211
2024-01-26 10:55:00,17154,17171,17133,17150,978
2024-01-26 11:00:00,17149,17160,17141,17152,1011
2024-01-26 11:05:00,17154,17161,17150,17157,741
2024-01-26 11:10:00,17155,17157,17153,17156,494
2024-01-26 11:15:00,17154,17173,17135,17153,406
2024-01-26 11:20:00,17154,17155,17152,17152,1094
2024-01-26 11:25:00,17154,17165,17141,17152,255
2024-01-26 11:30:00,17154,17157,17146,17148,570
2024-01-26 11:35:00,17151,17175,17115,17138,321
2024-01-26 11:40:00,17138,17142,17129,17133,625
2024-01-26 11:45:00,17135,17138,17133,17136,622
2024-01-26 11:50:00,17135,17141,17135,17141,273
2024-01-26 11:55:00,17143,17154,17135,17146,625
2024-01-26 12:00:00,17147,17147,17145,17146,244
2024-01-26 12:05:00,17147,17151,17138,17142,516
2024-01-26 12:10:00,17143,17145,17138,17140,240
2024-01-26 12:15:00,17136,17139,17133,17136,326
2024-01-26 12:20:00,17133,17142,17127,17135,216
2024-01-26 12:25:00,17135,17138,17130,17133,1036
2024-01-26 12:30:00,17130,17148,17115,17133,1782
2024-01-26 12:35:00,17135,17155,17112,17132,888
2024-01-26 12:40:00,17134,17142,17130,17138,604
2024-01-26 12:45:00,17139,17147,17130,17139,677
2024-01-26 12:50:00,17137,17143,17130,17136,335
2024-01-26 12:55:00,17139,17155,17121,17137,277
2024-01-26 13:00:00,17141,17154,17129,17142,1439
2024-01-26 13:05:00,17142,17150,17135,17143,505
2024-01-26 13:10:00,17144,17151,17131,17138,1374
2024-01-26 13:15:00,17139,17141,17136,17139,620
2024-01-26 13:20:00,17140,17153,17134,17147,348
2024-01-26 13:25:00,17147,17155,17141,17150,576
2024-01-26 13:30:00,17150,17151,17148,17149,378
2024-01-26 13:35:00,17151,17151,17148,17149,1188
2024-01-26 13:40:00,17153,17154,17143,17144,331
2024-01-29 08:45:00,17141,17144,17140,17143,403
2024-01-29 08:50:00,17143,17146,17135,17139,417
2024-01-29 08:55:00,17136,17155,17127,17146,239
2024-01-29 09:00:00,17149,17156,17133,17141,1418
2024-01-29 09:05:00,17140,17148,17126,17135,855
2024-01-29 09:10:00,17132,17138,17127,17133,698
2024-01-29 09:15:00,17134,17145,17128,17138,478
2024-01-29 09:20:00,17142,17144,17129,17132,454
2024-01-29 09:25:00,17133,17142,17127,17136,243
2024-01-29 09:30:00,17136,17139,17120,17123,361
2024-01-29 09:35:00,17124,17141,17108,17125,325
2024-01-29 09:40:00,17128,17139,17112,17124,1005
2024-01-29 09:45:00,17122,17129,17121,17128,531
2024-01-29 09:50:00,17128,17138,17115,17125,396
2024-01-29 09:55:00,17125,17129,17122,17127,463
2024-01-29 10:00:00,17125,17132,17120,17127,326
2024-01-29 10:05:00,17126,17132,17117,17123,678
2024-01-29 10:10:00,17125,17126,17118,17119,800
2024-01-29 10:15:00,17120,17126,17115,17121,1008
2024-01-29 10:20:00,17122,17131,17112,17121,1791
2024-01-29 10:25:00,17121,17131,17110,17120,653
2024-01-29 10:30:00,17121,17130,17111,17120,754
2024-01-29 10:35:00,17119,17125,17115,17121,860
2024-01-29 10:40:00,17120,17126,17107,17112,279
2024-01-29 10:45:00,17113,17124,17099,17111,552
2024-01-29 10:50:00,17112,17117,17111,17117,672
2024-01-29 10:55:00,17117,17117,17113,17113,971
2024-01-29 11:00:00,17112,17121,17100,17109,677
2024-01-29 11:05:00,17108,17113,17101,17106,796
2024-01-29 11:10:00,17112,17116,17102,17106,702
2024-01-29 11:15:00,17108,17124,17088,17104,644
2024-01-29 11:20:00,17105,17105,17102,17102,1986
2024-01-29 11:25:00,17102,17102,17099,17100,1093
2024-01-29 11:30:00,17099,17105,17094,17100,336
2024-01-29 11:35:00,17100,17116,17085,17101,202
2024-01-29 11:40:00,17102,17110,17097,17104,387
2024-01-29 11:45:00,17101,17127,17086,17112,917
2024-01-29 11:50:00,17109,17125,17103,17119,382
2024-01-29 11:55:00,17118,17147,17099,17127,325
2024-01-29 12:00:00,17128,17134,17124,17130,2600
2024-01-29 12:05:00,17130,17142,17117,17129,200
2024-01-29 12:10:00,17132,17137,17125,17130,831
2024-01-29 12:15:00,17127,17132,17119,17124,417
2024-01-29 12:20:00,17122,17136,17112,17125,459
2024-01-29 12:25:00,17128,17132,17127,17131,254
2024-01-29 12:30:00,17131,17139,17122,17130,981
2024-01-29 12:35:00,17132,17134,17131,17133,618
2024-01-29 12:40:00,17137,17142,17130,17135,440
2024-01-29 12:45:00,17133,17155,17119,17140,251
2024-01-29 12:50:00,17140,17160,17124,17144,515
2024-01-29 12:55:00,17143,17172,17117,17146,874
2024-01-29 13:00:00,17142,17155,17138,17150,277
2024-01-29 13:05:00,17149,17162,17143,17156,686
2024-01-29 13:10:00,17158,17160,17155,17157,440
2024-01-29 13:15:00,17158,17164,17154,17159,271
2024-01-29 13:20:00,17160,17163,17147,17150,419
2024-01-29 13:25:00,17149,17158,17139,17148,215
2024-01-29 13:30:00,17147,17154,17134,17142,653
2024-01-29 13:35:00,17144,17145,17142,17143,1981
2024-01-29 13:40:00,17142,17144,17137,17139,1000
2024-01-29 08:45:00,17139,17157,17130,17148,572
2024-01-29 08:50:00,17148,17149,17143,17144,673
2024-01-29 08:55:00,17147,17154,17135,17142,852
2024-01-29 09:00:00,17144,17153,17137,17146,744
2024-01-29 09:05:00,17143,17158,17137,17151,321
2024-01-29 09:10:00,17149,17162,17137,17149,1733
2024-01-29 09:15:00,17150,17155,17144,17149,241
2024-01-29 09:20:00,17149,17173,17131,17155,327
2024-01-29 09:25:00,17154,17161,17151,17157,552
2024-01-29 09:30:00,17159,17165,17147,17153,1883
2024-01-29 09:35:00,17153,17158,17147,17151,299
2024-01-29 09:40:00,17151,17165,17128,17141,403
2024-01-29 09:45:00,17142,17159,17121,17138,616
2024-01-29 09:50:00,17137,17147,17130,17140,446
2024-01-29 09:55:00,17143,17150,17129,17136,896
2024-01-29 10:00:00,17134,17142,17124,17131,297
2024-01-29 10:05:00,17133,17135,17128,17130,372
2024-01-29 10:10:00,17133,17150,17109,17126,476
2024-01-29 10:15:00,17124,17128,17113,17117,539
2024-01-29 10:20:00,17117,17118,17116,17117,425
2024-01-29 10:25:00,17120,17130,17109,17119,342
2024-01-29 10:30:00,17122,17126,17117,17121,885
2024-01-29 10:35:00,17121,17144,17094,17117,264
2024-01-29 10:40:00,17116,17121,17103,17108,423
2024-01-29 10:45:00,17110,17121,17097,17108,448
2024-01-29 10:50:00,17111,17116,17100,17106,548
2024-01-29 10:55:00,17104,17118,17094,17109,688
2024-01-29 11:00:00,17106,17119,17099,17112,596
2024-01-29 11:05:00,17112,17121,17099,17107,496
2024-01-29 11:10:00,17109,17114,17099,17104,1273
2024-01-29 11:15:00,17103,17113,17097,17107,611
2024-01-29 11:20:00,17108,17119,17100,17110,1050
2024-01-29 11:25:00,17109,17111,17105,17108,660
2024-01-29 11:30:00,17103,17117,17100,17114,596
2024-01-29 11:35:00,17113,17131,17099,17117,232
2024-01-29 11:40:00,17118,17132,17112,17127,652
2024-01-29 11:45:00,17126,17145,17112,17130,950
2024-01-29 11:50:00,17128,17158,17098,17128,846
2024-01-29 11:55:00,17124,17143,17099,17118,545
2024-01-29 12:00:00,17117,17124,17101,17109,456
2024-01-29 12:05:00,17111,17113,17109,17111,443
2024-01-29 12:10:00,17113,17113,17113,17113,1015
2024-01-29 12:15:00,17115,17123,17111,17119,599
2024-01-29 12:20:00,17117,17125,17107,17115,357
2024-01-29 12:25:00,17113,17125,17107,17119,860
2024-01-29 12:30:00,17120,17131,17109,17121,1377
2024-01-29 12:35:00,17122,17126,17112,17116,311
2024-01-29 12:40:00,17117,17131,17109,17124,207
2024-01-29 12:45:00,17120,17138,17114,17133,859
2024-01-29 12:50:00,17131,17140,17120,17129,348
2024-01-29 12:55:00,17129,17138,17123,17132,493
2024-01-29 13:00:00,17133,17142,17126,17135,797
2024-01-29 13:05:00,17137,17156,17119,17139,702
2024-01-29 13:10:00,17139,17141,17132,17134,837
2024-01-29 13:15:00,17135,17143,17132,17140,733
2024-01-29 13:20:00,17140,17144,17135,17140,449
2024-01-29 13:25:00,17141,17147,17123,17130,364
2024-01-29 13:30:00,17130,17144,17124,17138,708
2024-01-29 13:35:00,17138,17144,17133,17138,616
2024-01-29 13:40:00,17138,17138,17132,17133,306
2024-01-29 08:45:00,17133,17137,17133,17137,992
2024-01-29 08:50:00,17138,17156,17132,17150,396
2024-01-29 08:55:00,17150,17159,17145,17154,203
2024-01-29 09:00:00,17154,17167,17144,17157,1044
2024-01-29 09:05:00,17160,17168,17146,17154,422
2024-01-29 09:10:00,17154,17159,17141,17145,338
2024-01-29 09:15:00,17144,17147,17144,17147,838
2024-01-29 09:20:00,17149,17159,17142,17152,547
2024-01-29 09:25:00,17149,17159,17142,17152,415
2024-01-29 09:30:00,17150,17155,17143,17149,523
2024-01-29 09:35:00,17149,17167,17138,17155,955
2024-01-29 09:40:00,17156,17163,17148,17155,1202
2024-01-29 09:45:00,17153,17167,17146,17160,1254
2024-01-29 09:50:00,17159,17172,17155,17168,2203
2024-01-29 09:55:00,17167,17179,17154,17166,438
2024-01-29 10:00:00,17165,17178,17156,17169,2167
2024-01-29 10:05:00,17171,17174,17161,17165,808
2024-01-29 10:10:00,17166,17175,17159,17168,757
2024-01-29 10:15:00,17168,17179,17161,17173,372
2024-01-29 10:20:00,17172,17183,17163,17174,518
2024-01-29 10:25:00,17171,17176,17171,17176,339
2024-01-29 10:30:00,17179,17188,17167,17176,330
2024-01-29 10:35:00,17177,17182,17173,17178,239
2024-01-29 10:40:00,17177,17184,17176,17183,452
2024-01-29 10:45:00,17184,17192,17174,17182,582
2024-01-29 10:50:00,17182,17188,17174,17180,298
2024-01-29 10:55:00,17180,17181,17169,17171,375
2024-01-29 11:00:00,17172,17173,17171,17173,211
2024-01-29 11:05:00,17171,17173,17166,17168,279
2024-01-29 11:10:00,17167,17170,17161,17165,2946
2024-01-29 11:15:00,17165,17170,17163,17168,657
2024-01-29 11:20:00,17167,17190,17142,17165,665
2024-01-29 11:25:00,17166,17170,17156,17161,488
2024-01-29 11:30:00,17164,17166,17164,17165,791
2024-01-29 11:35:00,17164,17173,17157,17167,1334
2024-01-29 11:40:00,17163,17171,17160,17167,256
2024-01-29 11:45:00,17163,17173,17158,17168,275
2024-01-29 11:50:00,17168,17186,17147,17165,475
2024-01-29 11:55:00,17164,17168,17163,17167,2222
2024-01-29 12:00:00,17167,17168,17161,17163,252
2024-01-29 12:05:00,17163,17182,17152,17172,391
2024-01-29 12:10:00,17168,17174,17162,17168,448
2024-01-29 12:15:00,17165,17169,17164,17168,233
2024-01-29 12:20:00,17169,17180,17159,17170,330
2024-01-29 12:25:00,17171,17174,17165,17168,681
2024-01-29 12:30:00,17167,17171,17167,17170,670
2024-01-29 12:35:00,17167,17174,17158,17165,473
2024-01-29 12:40:00,17166,17179,17155,17168,397
2024-01-29 12:45:00,17170,17176,17158,17164,522
2024-01-29 12:50:00,17164,17179,17148,17162,211
2024-01-29 12:55:00,17161,17179,17150,17169,423
2024-01-29 13:00:00,17169,17172,17165,17168,278
2024-01-29 13:05:00,17165,17177,17159,17171,647
2024-01-29 13:10:00,17173,17179,17171,17176,280
2024-01-29 13:15:00,17176,17187,17171,17181,1211
2024-01-29 13:20:00,17178,17185,17174,17181,573
2024-01-29 13:25:00,17180,17197,17163,17179,1150
2024-01-29 13:30:00,17180,17205,17155,17180,664
2024-01-29 13:35:00,17179,17197,17160,17178,526
2024-01-29 13:40:00,17178,17181,17168,17172,239
2024-01-30 08:45:00,17169,17171,17167,17168,670
2024-01-30 08:50:00,17170,17170,17162,17162,792
2024-01-30 08:55:00,17161,17179,17139,17157,294
2024-01-30 09:00:00,17153,17169,17146,17163,593
2024-01-30 09:05:00,17162,17164,17160,17163,753
2024-01-30 09:10:00,17165,17171,17156,17163,525
2024-01-30 09:15:00,17162,17163,17159,17159,611
2024-01-30 09:20:00,17163,17180,17149,17165,1111
2024-01-30 09:25:00,17166,17181,17146,17161,302
2024-01-30 09:30:00,17162,17177,17143,17158,1371
2024-01-30 09:35:00,17158,17162,17152,17156,1276
2024-01-30 09:40:00,17156,17181,17136,17160,450
2024-01-30 09:45:00,17160,17165,17159,17163,515
2024-01-30 09:50:00,17163,17166,17159,17162,955
2024-01-30 09:55:00,17163,17183,17142,17162,612
2024-01-30 10:00:00,17160,17163,17160,17163,825
2024-01-30 10:05:00,17160,17162,17158,17159,986
2024-01-30 10:10:00,17157,17169,17147,17159,594
2024-01-30 10:15:00,17163,17163,17155,17156,465
2024-01-30 10:20:00,17157,17162,17155,17160,862
2024-01-30 10:25:00,17161,17169,17152,17160,1470
2024-01-30 10:30:00,17158,17168,17151,17162,283
2024-01-30 10:35:00,17163,17174,17150,17161,786
2024-01-30 10:40:00,17161,17162,17153,17154,679
2024-01-30 10:45:00,17155,17158,17151,17155,603
2024-01-30 10:50:00,17153,17162,17151,17160,660
2024-01-30 10:55:00,17160,17164,17155,17158,741
2024-01-30 11:00:00,17158,17159,17155,17157,959
2024-01-30 11:05:00,17155,17158,17153,17156,1509
2024-01-30 11:10:00,17158,17158,17157,17157,257
2024-01-30 11:15:00,17154,17156,17152,17155,507
2024-01-30 11:20:00,17156,17156,17154,17154,430
2024-01-30 11:25:00,17155,17171,17139,17155,255
2024-01-30 11:30:00,17154,17165,17145,17157,354
2024-01-30 11:35:00,17156,17171,17145,17161,728
2024-01-30 11:40:00,17160,17182,17142,17164,712
2024-01-30 11:45:00,17165,17176,17157,17168,358
2024-01-30 11:50:00,17167,17173,17162,17168,286
2024-01-30 11:55:00,17168,17177,17162,17171,962
2024-01-30 12:00:00,17174,17182,17160,17168,261
2024-01-30 12:05:00,17167,17173,17161,17168,1111
2024-01-30 12:10:00,17164,17172,17158,17166,736
2024-01-30 12:15:00,17167,17180,17157,17170,266
2024-01-30 12:20:00,17173,17177,17164,17167,448
2024-01-30 12:25:00,17168,17168,17165,17165,238
2024-01-30 12:30:00,17163,17186,17139,17163,493
2024-01-30 12:35:00,17163,17170,17152,17159,223
2024-01-30 12:40:00,17157,17169,17146,17158,430
2024-01-30 12:45:00,17159,17168,17153,17162,827
2024-01-30 12:50:00,17159,17171,17149,17161,614
2024-01-30 12:55:00,17160,17177,17141,17158,1704
2024-01-30 13:00:00,17156,17168,17151,17164,2488
2024-01-30 13:05:00,17164,17167,17163,17166,530
2024-01-30 13:10:00,17165,17185,17143,17162,605
2024-01-30 13:15:00,17163,17167,17158,17162,702
2024-01-30 13:20:00,17163,17166,17158,17161,543
2024-01-30 13:25:00,17160,17166,17155,17161,509
2024-01-30 13:30:00,17162,17168,17152,17158,506
2024-01-30 13:35:00,17158,17177,17135,17154,208
2024-01-30 13:40:00,17152,17152,17148,17148,1064
2024-01-31 08:45:00,17153,17165,17141,17153,363
2024-01-31 08:50:00,17154,17173,17126,17145,255
2024-01-31 08:55:00,17145,17148,17142,17145,1788
2024-01-31 09:00:00,17148,17156,17135,17143,2834
2024-01-31 09:05:00,17146,17158,17133,17145,380
2024-01-31 09:10:00,17145,17148,17136,17140,1101
2024-01-31 09:15:00,17141,17154,17125,17139,306
2024-01-31 09:20:00,17137,17140,17134,17138,1456
2024-01-31 09:25:00,17137,17145,17136,17143,242
2024-01-31 09:30:00,17143,17144,17143,17143,497
2024-01-31 09:35:00,17144,17152,17134,17142,2011
2024-01-31 09:40:00,17143,17143,17141,17141,576
2024-01-31 09:45:00,17142,17152,17131,17141,561
2024-01-31 09:50:00,17141,17144,17134,17136,821
2024-01-31 09:55:00,17134,17137,17134,17136,823
2024-01-31 10:00:00,17134,17136,17133,17135,620
2024-01-31 10:05:00,17134,17143,17124,17133,773
2024-01-31 10:10:00,17132,17134,17126,17128,364
2024-01-31 10:15:00,17130,17137,17123,17130,553
2024-01-31 10:20:00,17127,17137,17121,17131,263
2024-01-31 10:25:00,17130,17139,17116,17124,647
2024-01-31 10:30:00,17126,17130,17113,17117,943
2024-01-31 10:35:00,17116,17128,17109,17121,365
2024-01-31 10:40:00,17122,17127,17113,17117,423
2024-01-31 10:45:00,17117,17126,17115,17123,232
2024-01-31 10:50:00,17124,17133,17110,17119,996
2024-01-31 10:55:00,17119,17128,17116,17126,713
2024-01-31 11:00:00,17127,17130,17119,17122,259
2024-01-31 11:05:00,17118,17131,17115,17127,439
2024-01-31 11:10:00,17127,17131,17121,17125,1994
2024-01-31 11:15:00,17126,17139,17112,17124,865
2024-01-31 11:20:00,17126,17135,17120,17129,584
2024-01-31 11:25:00,17132,17136,17122,17126,370
2024-01-31 11:30:00,17125,17140,17113,17128,397
2024-01-31 11:35:00,17131,17144,17119,17133,339
2024-01-31 11:40:00,17131,17139,17124,17132,383
2024-01-31 11:45:00,17134,17136,17124,17126,303
2024-01-31 11:50:00,17128,17139,17123,17135,1535
2024-01-31 11:55:00,17133,17140,17127,17133,290
2024-01-31 12:00:00,17134,17135,17133,17134,676
2024-01-31 12:05:00,17134,17144,17119,17129,527
2024-01-31 12:10:00,17131,17142,17116,17127,526
2024-01-31 12:15:00,17126,17133,17123,17130,736
2024-01-31 12:20:00,17129,17147,17113,17130,500
2024-01-31 12:25:00,17133,17140,17127,17134,402
2024-01-31 12:30:00,17134,17144,17127,17137,211
2024-01-31 12:35:00,17139,17157,17124,17142,752
2024-01-31 12:40:00,17141,17146,17137,17142,223
2024-01-31 12:45:00,17146,17154,17134,17142,2362
2024-01-31 12:50:00,17141,17146,17134,17140,430
2024-01-31 12:55:00,17138,17142,17132,17135,870
2024-01-31 13:00:00,17138,17147,17133,17141,468
2024-01-31 13:05:00,17140,17155,17122,17137,262
2024-01-31 13:10:00,17141,17151,17122,17132,673
2024-01-31 13:15:00,17134,17142,17120,17129,263
2024-01-31 13:20:00,17128,17132,17124,17128,1039
2024-01-31 13:25:00,17124,17140,17115,17130,414
2024-01-31 13:30:00,17130,17141,17115,17126,386
2024-01-31 13:35:00,17126,17134,17123,17130,210
2024-01-31 13:40:00,17133,17138,17128,17134,1046
2024-02-01 08:45:00,17137,17150,17120,17133,816
2024-02-01 08:50:00,17132,17136,17125,17130,302
2024-02-01 08:55:00,17131,17139,17123,17130,1986
2024-02-01 09:00:00,17132,17139,17120,17128,206
2024-02-01 09:05:00,17130,17136,17125,17131,418
2024-02-01 09:10:00,17132,17135,17126,17129,618
2024-02-01 09:15:00,17125,17131,17124,17129,480
2024-02-01 09:20:00,17129,17136,17123,17131,699
2024-02-01 09:25:00,17128,17137,17125,17134,338
2024-02-01 09:30:00,17133,17138,17127,17132,514
2024-02-01 09:35:00,17134,17139,17131,17136,448
2024-02-01 09:40:00,17137,17141,17133,17137,212
2024-02-01 09:45:00,17139,17141,17134,17136,497
2024-02-01 09:50:00,17137,17151,17119,17133,940
2024-02-01 09:55:00,17130,17144,17121,17135,1978
2024-02-01 10:00:00,17130,17145,17117,17132,813
2024-02-01 10:05:00,17132,17134,17127,17129,367
2024-02-01 10:10:00,17129,17137,17124,17132,288
2024-02-01 10:15:00,17130,17137,17127,17133,233
2024-02-01 10:20:00,17130,17141,17124,17135,265
2024-02-01 10:25:00,17133,17150,17120,17137,518
2024-02-01 10:30:00,17136,17145,17126,17135,330
2024-02-01 10:35:00,17137,17140,17131,17135,1050
2024-02-01 10:40:00,17135,17142,17122,17129,481
2024-02-01 10:45:00,17132,17142,17120,17130,260
2024-02-01 10:50:00,17128,17137,17120,17128,297
2024-02-01 10:55:00,17130,17137,17124,17131,421
2024-02-01 11:00:00,17131,17142,17116,17127,301
2024-02-01 11:05:00,17129,17135,17122,17129,205
2024-02-01 11:10:00,17128,17151,17096,17119,333
2024-02-01 11:15:00,17121,17138,17112,17129,227
2024-02-01 11:20:00,17130,17143,17113,17126,828
2024-02-01 11:25:00,17124,17130,17121,17127,1185
2024-02-01 11:30:00,17127,17129,17120,17122,418
2024-02-01 11:35:00,17121,17140,17106,17125,419
2024-02-01 11:40:00,17126,17131,17122,17126,2623
2024-02-01 11:45:00,17124,17137,17118,17131,675
2024-02-01 11:50:00,17131,17142,17123,17134,3036
2024-02-01 11:55:00,17135,17135,17133,17134,600
2024-02-01 12:00:00,17134,17141,17126,17133,596
2024-02-01 12:05:00,17136,17151,17119,17133,1628
2024-02-01 12:10:00,17135,17139,17126,17131,282
2024-02-01 12:15:00,17131,17144,17123,17137,985
2024-02-01 12:20:00,17137,17138,17131,17133,460
2024-02-01 12:25:00,17133,17152,17116,17135,222
2024-02-01 12:30:00,17136,17145,17126,17135,632
2024-02-01 12:35:00,17131,17147,17123,17139,335
2024-02-01 12:40:00,17138,17145,17138,17145,471
2024-02-01 12:45:00,17142,17159,17126,17143,372
2024-02-01 12:50:00,17146,17147,17144,17145,731
2024-02-01 12:55:00,17144,17157,17131,17144,304
2024-02-01 13:00:00,17143,17169,17126,17151,573
2024-02-01 13:05:00,17153,17156,17143,17147,958
2024-02-01 13:10:00,17147,17154,17141,17148,792
2024-02-01 13:15:00,17146,17165,17134,17154,1617
2024-02-01 13:20:00,17154,17163,17145,17154,769
2024-02-01 13:25:00,17154,17157,17144,17147,255
2024-02-01 13:30:00,17143,17144,17136,17136,443
2024-02-01 13:35:00,17135,17146,17125,17136,229
2024-02-01 13:40:00,17136,17156,17128,17149,210
2024-02-02 08:45:00,17149,17151,17146,17148,521
2024-02-02 08:50:00,17145,17158,17144,17157,479
2024-02-02 08:55:00,17159,17165,17141,17147,632
2024-02-02 09:00:00,17147,17161,17136,17150,209
2024-02-02 09:05:00,17150,17156,17148,17155,670
2024-02-02 09:10:00,17156,17161,17138,17143,1027
2024-02-02 09:15:00,17141,17152,17128,17139,356
2024-02-02 09:20:00,17140,17141,17138,17138,737
2024-02-02 09:25:00,17138,17144,17132,17138,429
2024-02-02 09:30:00,17136,17142,17131,17137,225
2024-02-02 09:35:00,17138,17142,17125,17130,451
2024-02-02 09:40:00,17133,17137,17128,17132,564
2024-02-02 09:45:00,17133,17139,17127,17133,624
2024-02-02 09:50:00,17135,17140,17126,17131,513
2024-02-02 09:55:00,17130,17141,17120,17131,1868
2024-02-02 10:00:00,17128,17131,17121,17124,432
2024-02-02 10:05:00,17127,17135,17118,17125,681
2024-02-02 10:10:00,17129,17146,17107,17124,383
2024-02-02 10:15:00,17127,17139,17101,17113,461
2024-02-02 10:20:00,17112,17139,17097,17123,352
2024-02-02 10:25:00,17121,17139,17105,17123,915
2024-02-02 10:30:00,17121,17130,17114,17123,429
2024-02-02 10:35:00,17120,17127,17119,17127,1281
2024-02-02 10:40:00,17127,17134,17120,17127,1591
2024-02-02 10:45:00,17130,17143,17120,17133,239
2024-02-02 10:50:00,17133,17133,17130,17130,422
2024-02-02 10:55:00,17131,17133,17126,17128,587
2024-02-02 11:00:00,17131,17135,17120,17124,456
2024-02-02 11:05:00,17123,17129,17119,17125,480
2024-02-02 11:10:00,17129,17134,17113,17118,861
2024-02-02 11:15:00,17122,17124,17115,17116,587
2024-02-02 11:20:00,17116,17118,17113,17115,301
2024-02-02 11:25:00,17113,17126,17096,17108,488
2024-02-02 11:30:00,17110,17111,17104,17106,280
2024-02-02 11:35:00,17105,17118,17089,17101,843
2024-02-02 11:40:00,17099,17113,17094,17108,526
2024-02-02 11:45:00,17110,17117,17099,17106,502
2024-02-02 11:50:00,17108,17112,17101,17105,216
2024-02-02 11:55:00,17105,17112,17096,17103,375
2024-02-02 12:00:00,17100,17119,17085,17104,686
2024-02-02 12:05:00,17101,17104,17095,17098,914
2024-02-02 12:10:00,17098,17107,17081,17090,1061
2024-02-02 12:15:00,17089,17100,17079,17090,718
2024-02-02 12:20:00,17089,17098,17083,17092,830
2024-02-02 12:25:00,17094,17116,17060,17082,1244
2024-02-02 12:30:00,17084,17094,17076,17086,1534
2024-02-02 12:35:00,17089,17100,17076,17088,631
2024-02-02 12:40:00,17086,17092,17081,17088,2542
2024-02-02 12:45:00,17087,17096,17069,17078,1067
2024-02-02 12:50:00,17080,17087,17070,17078,1244
2024-02-02 12:55:00,17078,17084,17066,17072,573
2024-02-02 13:00:00,17075,17078,17070,17073,232
2024-02-02 13:05:00,17073,17080,17067,17073,523
2024-02-02 13:10:00,17077,17087,17069,17078,1774
2024-02-02 13:15:00,17080,17089,17071,17080,787
2024-02-02 13:20:00,17082,17084,17081,17083,938
2024-02-02 13:25:00,17082,17091,17071,17080,1125
2024-02-02 13:30:00,17080,17081,17073,17074,691
2024-02-02 13:35:00,17076,17093,17055,17072,802
2024-02-02 13:40:00,17075,17082,17067,17074,1701
2024-02-05 08:45:00,17075,17081,17067,17072,512
2024-02-05 08:50:00,17072,17081,17059,17068,742
2024-02-05 08:55:00,17071,17079,17055,17063,596
2024-02-05 09:00:00,17058,17068,17057,17067,231
2024-02-05 09:05:00,17064,17075,17055,17066,1130
2024-02-05 09:10:00,17067,17075,17051,17059,274
2024-02-05 09:15:00,17059,17065,17055,17061,215
2024-02-05 09:20:00,17062,17066,17052,17057,816
2024-02-05 09:25:00,17057,17061,17052,17056,270
2024-02-05 09:30:00,17057,17064,17050,17057,477
2024-02-05 09:35:00,17056,17059,17053,17056,466
2024-02-05 09:40:00,17057,17065,17045,17053,1312
2024-02-05 09:45:00,17055,17056,17051,17052,1216
2024-02-05 09:50:00,17054,17061,17041,17048,750
2024-02-05 09:55:00,17052,17061,17046,17055,724
2024-02-05 10:00:00,17056,17063,17053,17060,439
2024-02-05 10:05:00,17060,17070,17050,17059,229
2024-02-05 10:10:00,17056,17067,17042,17053,515
2024-02-05 10:15:00,17052,17068,17041,17057,772
2024-02-05 10:20:00,17057,17078,17037,17059,337
2024-02-05 10:25:00,17061,17069,17048,17057,432
2024-02-05 10:30:00,17056,17067,17047,17058,417
2024-02-05 10:35:00,17059,17061,17051,17053,595
2024-02-05 10:40:00,17053,17060,17048,17055,1706
2024-02-05 10:45:00,17055,17055,17053,17053,361
2024-02-05 10:50:00,17054,17067,17044,17057,221
2024-02-05 10:55:00,17056,17062,17054,17060,438
2024-02-05 11:00:00,17059,17066,17044,17052,387
2024-02-05 11:05:00,17048,17058,17046,17055,470
2024-02-05 11:10:00,17055,17059,17055,17059,244
2024-02-05 11:15:00,17058,17071,17047,17060,223
2024-02-05 11:20:00,17059,17074,17044,17059,250
2024-02-05 11:25:00,17060,17061,17055,17057,475
2024-02-05 11:30:00,17058,17060,17054,17056,1045
2024-02-05 11:35:00,17057,17060,17048,17051,1227
2024-02-05 11:40:00,17053,17068,17034,17049,300
2024-02-05 11:45:00,17050,17062,17037,17049,780
2024-02-05 11:50:00,17048,17048,17046,17046,843
2024-02-05 11:55:00,17045,17047,17044,17045,541
2024-02-05 12:00:00,17046,17065,17028,17047,551
2024-02-05 12:05:00,17048,17061,17034,17047,428
2024-02-05 12:10:00,17050,17055,17044,17049,1272
2024-02-05 12:15:00,17051,17055,17040,17043,329
2024-02-05 12:20:00,17042,17045,17039,17042,385
2024-02-05 12:25:00,17041,17050,17035,17044,848
2024-02-05 12:30:00,17045,17048,17041,17044,433
2024-02-05 12:35:00,17046,17050,17045,17049,839
2024-02-05 12:40:00,17051,17062,17041,17052,739
2024-02-05 12:45:00,17052,17067,17039,17054,861
2024-02-05 12:50:00,17051,17052,17048,17050,291
2024-02-05 12:55:00,17048,17056,17038,17047,392
2024-02-05 13:00:00,17047,17066,17032,17051,206
2024-02-05 13:05:00,17052,17057,17038,17043,389
2024-02-05 13:10:00,17040,17052,17034,17045,857
2024-02-05 13:15:00,17046,17057,17036,17047,1035
2024-02-05 13:20:00,17048,17054,17037,17043,489
2024-02-05 13:25:00,17040,17050,17031,17040,2255
2024-02-05 13:30:00,17042,17055,17030,17043,373
2024-02-05 13:35:00,17042,17045,17038,17041,791
2024-02-05 13:40:00,17043,17045,17038,17040,436
2024-02-05 08:45:00,17039,17045,17035,17041,739
2024-02-05 08:50:00,17039,17054,17032,17047,256
2024-02-05 08:55:00,17046,17052,17043,17049,219
2024-02-05 09:00:00,17049,17056,17043,17050,259
2024-02-05 09:05:00,17049,17057,17036,17044,233
2024-02-05 09:10:00,17044,17055,17038,17049,1426
2024-02-05 09:15:00,17050,17054,17041,17045,429
2024-02-05 09:20:00,17045,17056,17035,17046,337
2024-02-05 09:25:00,17046,17053,17039,17046,627
2024-02-05 09:30:00,17043,17065,17030,17051,909
2024-02-05 09:35:00,17052,17055,17045,17048,755
2024-02-05 09:40:00,17048,17062,17039,17054,687
2024-02-05 09:45:00,17057,17058,17051,17052,2512
2024-02-05 09:50:00,17050,17057,17039,17046,839
2024-02-05 09:55:00,17042,17061,17026,17044,599
2024-02-05 10:00:00,17046,17052,17037,17043,301
2024-02-05 10:05:00,17044,17052,17033,17041,227
2024-02-05 10:10:00,17039,17058,17023,17042,397
2024-02-05 10:15:00,17039,17047,17033,17041,675
2024-02-05 10:20:00,17044,17052,17031,17039,756
2024-02-05 10:25:00,17042,17055,17028,17041,1091
2024-02-05 10:30:00,17036,17043,17033,17040,533
2024-02-05 10:35:00,17039,17044,17037,17041,861
2024-02-05 10:40:00,17045,17051,17036,17042,329
2024-02-05 10:45:00,17041,17048,17033,17039,306
2024-02-05 10:50:00,17038,17055,17025,17041,392
2024-02-05 10:55:00,17040,17045,17032,17037,255
2024-02-05 11:00:00,17035,17046,17026,17037,290
2024-02-05 11:05:00,17033,17045,17024,17035,279
2024-02-05 11:10:00,17037,17045,17029,17037,421
2024-02-05 11:15:00,17033,17051,17018,17036,210
2024-02-05 11:20:00,17037,17039,17031,17033,738
2024-02-05 11:25:00,17035,17040,17030,17035,251
2024-02-05 11:30:00,17032,17042,17023,17033,318
2024-02-05 11:35:00,17031,17034,17030,17032,294
2024-02-05 11:40:00,17035,17037,17033,17035,511
2024-02-05 11:45:00,17036,17041,17027,17032,1089
2024-02-05 11:50:00,17030,17040,17014,17023,382
2024-02-05 11:55:00,17026,17033,17019,17026,462
2024-02-05 12:00:00,17028,17032,17021,17025,1602
2024-02-05 12:05:00,17026,17028,17021,17023,597
2024-02-05 12:10:00,17021,17031,17016,17025,561
2024-02-05 12:15:00,17025,17036,17014,17025,246
2024-02-05 12:20:00,17026,17035,17016,17025,467
2024-02-05 12:25:00,17024,17036,17021,17033,695
2024-02-05 12:30:00,17035,17041,17027,17034,756
2024-02-05 12:35:00,17031,17043,17021,17034,280
2024-02-05 12:40:00,17031,17038,17027,17034,835
2024-02-05 12:45:00,17035,17036,17033,17034,1724
2024-02-05 12:50:00,17033,17040,17030,17036,522
2024-02-05 12:55:00,17035,17038,17033,17036,1171
2024-02-05 13:00:00,17033,17043,17027,17037,2030
2024-02-05 13:05:00,17037,17038,17037,17038,1082
2024-02-05 13:10:00,17038,17057,17016,17035,509
2024-02-05 13:15:00,17037,17044,17029,17036,1099
2024-02-05 13:20:00,17036,17043,17032,17038,1780
2024-02-05 13:25:00,17038,17040,17035,17037,279
2024-02-05 13:30:00,17039,17046,17029,17036,303
2024-02-05 13:35:00,17033,17048,17021,17036,293
2024-02-05 13:40:00,17037,17039,17028,17030,731
2024-02-05 08:45:00,17027,17038,17017,17029,550
2024-02-05 08:50:00,17027,17029,17026,17027,369
2024-02-05 08:55:00,17025,17041,17007,17023,425
2024-02-05 09:00:00,17024,17025,17022,17023,320
2024-02-05 09:05:00,17023,17034,17012,17023,1563
2024-02-05 09:10:00,17023,17028,17018,17023,789
2024-02-05 09:15:00,17021,17032,17015,17026,956
2024-02-05 09:20:00,17026,17034,17018,17027,383
2024-02-05 09:25:00,17025,17033,17017,17024,655
2024-02-05 09:30:00,17025,17035,17013,17023,547
2024-02-05 09:35:00,17021,17029,17015,17023,426
2024-02-05 09:40:00,17026,17044,17002,17020,1809
2024-02-05 09:45:00,17017,17034,17006,17023,930
2024-02-05 09:50:00,17022,17028,17017,17024,592
2024-02-05 09:55:00,17027,17039,17016,17028,674
2024-02-05 10:00:00,17027,17041,17015,17028,929
2024-02-05 10:05:00,17026,17028,17024,17027,551
2024-02-05 10:10:00,17027,17031,17019,17023,953
2024-02-05 10:15:00,17022,17028,17016,17022,1766
2024-02-05 10:20:00,17021,17029,17008,17017,1298
2024-02-05 10:25:00,17014,17023,17005,17013,939
2024-02-05 10:30:00,17019,17028,17004,17013,550
2024-02-05 10:35:00,17012,17017,17009,17014,284
2024-02-05 10:40:00,17010,17023,16997,17010,255
2024-02-05 10:45:00,17013,17027,17001,17016,394
2024-02-05 10:50:00,17017,17031,17006,17020,1115
2024-02-05 10:55:00,17019,17031,17008,17020,721
2024-02-05 11:00:00,17018,17033,17010,17025,1661
2024-02-05 11:05:00,17026,17039,17011,17023,315
2024-02-05 11:10:00,17023,17040,17007,17024,723
2024-02-05 11:15:00,17020,17033,17012,17025,230
2024-02-05 11:20:00,17028,17051,17008,17030,917
2024-02-05 11:25:00,17029,17037,17024,17031,571
2024-02-05 11:30:00,17034,17041,17015,17022,1769
2024-02-05 11:35:00,17025,17029,17017,17022,326
2024-02-05 11:40:00,17020,17032,17011,17023,662
2024-02-05 11:45:00,17025,17027,17024,17026,435
2024-02-05 11:50:00,17025,17034,17014,17024,204
2024-02-05 11:55:00,17020,17028,17016,17023,999
2024-02-05 12:00:00,17023,17025,17020,17022,645
2024-02-05 12:05:00,17023,17023,17022,17022,228
2024-02-05 12:10:00,17021,17028,17017,17024,681
2024-02-05 12:15:00,17023,17032,17008,17017,536
2024-02-05 12:20:00,17019,17020,17019,17020,1088
2024-02-05 12:25:00,17020,17021,17018,17019,816
2024-02-05 12:30:00,17017,17018,17016,17017,244
2024-02-05 12:35:00,17018,17023,17011,17015,654
2024-02-05 12:40:00,17016,17025,17002,17012,450
2024-02-05 12:45:00,17007,17020,17000,17013,656
2024-02-05 12:50:00,17014,17027,17001,17014,271
2024-02-05 12:55:00,17015,17028,17001,17014,1612
2024-02-05 13:00:00,17014,17021,17005,17012,204
2024-02-05 13:05:00,17014,17022,17002,17010,430
2024-02-05 13:10:00,17008,17020,17000,17011,952
2024-02-05 13:15:00,17011,17031,16989,17009,477
2024-02-05 13:20:00,17006,17016,16999,17009,277
2024-02-05 13:25:00,17010,17019,17001,17010,399
2024-02-05 13:30:00,17014,17026,16989,17001,498
2024-02-05 13:35:00,16999,17002,16996,16998,285
2024-02-05 13:40:00,16997,17014,16975,16993,232
2024-02-06 08:45:00,16991,17000,16985,16994,1224
2024-02-06 08:50:00,16994,16999,16984,16989,741
2024-02-06 08:55:00,16987,16993,16979,16985,516
2024-02-06 09:00:00,16986,16996,16973,16983,1019
2024-02-06 09:05:00,16984,16984,16972,16972,679
2024-02-06 09:10:00,16973,16976,16964,16967,1031
2024-02-06 09:15:00,16963,16973,16955,16965,620
2024-02-06 09:20:00,16966,16969,16955,16957,338
2024-02-06 09:25:00,16959,16967,16952,16960,564
2024-02-06 09:30:00,16961,16963,16957,16959,483
2024-02-06 09:35:00,16959,16970,16941,16952,1378
2024-02-06 09:40:00,16952,16969,16937,16954,351
2024-02-06 09:45:00,16956,16976,16939,16959,667
2024-02-06 09:50:00,16963,16980,16943,16960,2538
2024-02-06 09:55:00,16958,16976,16946,16963,1268
2024-02-06 10:00:00,16965,16967,16961,16963,510
2024-02-06 10:05:00,16963,16983,16948,16968,302
2024-02-06 10:10:00,16968,16979,16959,16970,502
2024-02-06 10:15:00,16967,16974,16958,16964,1269
2024-02-06 10:20:00,16964,16964,16963,16964,720
2024-02-06 10:25:00,16962,16975,16951,16964,563
2024-02-06 10:30:00,16963,16971,16960,16967,433
2024-02-06 10:35:00,16965,16977,16958,16970,860
2024-02-06 10:40:00,16969,16984,16948,16963,934
2024-02-06 10:45:00,16962,16984,16951,16973,597
2024-02-06 10:50:00,16973,16981,16965,16973,464
2024-02-06 10:55:00,16970,16975,16969,16974,594
2024-02-06 11:00:00,16972,16980,16961,16970,1385
2024-02-06 11:05:00,16970,16975,16970,16975,1062
2024-02-06 11:10:00,16973,16994,16960,16981,451
2024-02-06 11:15:00,16983,16990,16969,16977,332
2024-02-06 11:20:00,16977,16982,16971,16976,401
2024-02-06 11:25:00,16977,16979,16973,16975,508
2024-02-06 11:30:00,16978,16978,16976,16977,1363
2024-02-06 11:35:00,16976,16979,16966,16968,329
2024-02-06 11:40:00,16967,16973,16966,16972,758
2024-02-06 11:45:00,16974,16986,16957,16969,222
2024-02-06 11:50:00,16970,16972,16961,16964,400
2024-02-06 11:55:00,16963,16977,16949,16962,823
2024-02-06 12:00:00,16965,16976,16946,16957,1324
2024-02-06 12:05:00,16957,16959,16957,16959,373
2024-02-06 12:10:00,16959,16967,16945,16953,1850
2024-02-06 12:15:00,16953,16965,16947,16958,545
2024-02-06 12:20:00,16956,16973,16942,16959,766
2024-02-06 12:25:00,16959,16969,16949,16960,511
2024-02-06 12:30:00,16962,16973,16952,16963,225
2024-02-06 12:35:00,16964,16966,16960,16961,1268
2024-02-06 12:40:00,16962,16962,16960,16960,536
2024-02-06 12:45:00,16959,16970,16942,16953,424
2024-02-06 12:50:00,16954,16969,16938,16953,1561
2024-02-06 12:55:00,16955,16962,16941,16949,957
2024-02-06 13:00:00,16950,16958,16934,16942,433
2024-02-06 13:05:00,16941,16948,16938,16945,274
2024-02-06 13:10:00,16946,16949,16934,16937,908
2024-02-06 13:15:00,16938,16945,16933,16940,728
2024-02-06 13:20:00,16938,16949,16927,16938,400
2024-02-06 13:25:00,16938,16938,16929,16929,273
2024-02-06 13:30:00,16925,16938,16918,16931,805
2024-02-06 13:35:00,16932,16941,16928,16936,789
2024-02-06 13:40:00,16937,16951,16927,16941,389
2024-02-07 08:45:00,16943,16944,16939,16940,392
2024-02-07 08:50:00,16939,16945,16933,16939,1083
2024-02-07 08:55:00,16940,16943,16931,16934,915
2024-02-07 09:00:00,16937,16945,16932,16939,752
2024-02-07 09:05:00,16942,16951,16935,16944,889
2024-02-07 09:10:00,16944,16947,16939,16943,334
2024-02-07 09:15:00,16943,16946,16934,16937,427
2024-02-07 09:20:00,16939,16945,16933,16939,1498
2024-02-07 09:25:00,16936,16943,16928,16936,230
2024-02-07 09:30:00,16935,16946,16927,16937,595
2024-02-07 09:35:00,16940,16951,16924,16935,254
2024-02-07 09:40:00,16937,16949,16924,16936,700
2024-02-07 09:45:00,16937,16953,16927,16943,1097
2024-02-07 09:50:00,16940,16950,16932,16942,316
2024-02-07 09:55:00,16942,16943,16934,16934,663
2024-02-07 10:00:00,16933,16946,16919,16931,665
2024-02-07 10:05:00,16932,16936,16926,16931,541
2024-02-07 10:10:00,16929,16931,16920,16922,324
2024-02-07 10:15:00,16920,16933,16913,16926,668
2024-02-07 10:20:00,16922,16933,16913,16924,533
2024-02-07 10:25:00,16927,16947,16909,16928,1803
2024-02-07 10:30:00,16927,16932,16920,16924,319
2024-02-07 10:35:00,16925,16933,16922,16931,2056
2024-02-07 10:40:00,16931,16945,16927,16941,381
2024-02-07 10:45:00,16939,16943,16937,16941,877
2024-02-07 10:50:00,16938,16951,16929,16942,600
2024-02-07 10:55:00,16940,16949,16929,16938,693
2024-02-07 11:00:00,16937,16950,16925,16938,1094
2024-02-07 11:05:00,16939,16943,16938,16942,1150
2024-02-07 11:10:00,16941,16952,16940,16951,440
2024-02-07 11:15:00,16955,16967,16935,16947,1090
2024-02-07 11:20:00,16950,16964,16934,16948,553
2024-02-07 11:25:00,16950,16951,16949,16949,276
2024-02-07 11:30:00,16949,16959,16937,16947,350
2024-02-07 11:35:00,16950,16961,16928,16940,1767
2024-02-07 11:40:00,16939,16949,16933,16943,688
2024-02-07 11:45:00,16943,16953,16937,16947,1113
2024-02-07 11:50:00,16947,16952,16940,16945,1823
2024-02-07 11:55:00,16946,16959,16925,16938,306
2024-02-07 12:00:00,16940,16941,16932,16933,575
2024-02-07 12:05:00,16932,16944,16927,16938,265
2024-02-07 12:10:00,16937,16964,16917,16944,3237
2024-02-07 12:15:00,16945,16953,16938,16945,2048
2024-02-07 12:20:00,16947,16950,16946,16949,2570
2024-02-07 12:25:00,16949,16951,16945,16948,503
2024-02-07 12:30:00,16944,16956,16941,16952,552
2024-02-07 12:35:00,16952,16956,16947,16951,1890
2024-02-07 12:40:00,16953,16954,16938,16939,999
2024-02-07 12:45:00,16943,16946,16939,16942,297
2024-02-07 12:50:00,16940,16947,16926,16933,248
2024-02-07 12:55:00,16932,16945,16909,16922,260
2024-02-07 13:00:00,16922,16925,16915,16918,276
2024-02-07 13:05:00,16921,16928,16916,16923,515
2024-02-07 13:10:00,16923,16930,16911,16918,812
2024-02-07 13:15:00,16916,16934,16895,16914,777
2024-02-07 13:20:00,16915,16941,16885,16912,453
2024-02-07 13:25:00,16911,16922,16889,16901,1189
2024-02-07 13:30:00,16898,16909,16887,16898,879
2024-02-07 13:35:00,16896,16909,16889,16901,422
2024-02-07 13:40:00,16905,16909,16897,16901,805
2024-02-08 08:45:00,16901,16911,16893,16903,223
2024-02-08 08:50:00,16903,16917,16889,16903,1048
2024-02-08 08:55:00,16903,16917,16893,16907,1906
2024-02-08 09:00:00,16907,16919,16891,16902,801
2024-02-08 09:05:00,16903,16904,16901,16903,1911
2024-02-08 09:10:00,16903,16912,16900,16910,208
2024-02-08 09:15:00,16910,16926,16891,16907,344
2024-02-08 09:20:00,16909,16910,16908,16909,550
2024-02-08 09:25:00,16909,16913,16908,16911,1140
2024-02-08 09:30:00,16909,16912,16902,16905,1516
2024-02-08 09:35:00,16904,16916,16895,16907,546
2024-02-08 09:40:00,16903,16917,16902,16916,362
2024-02-08 09:45:00,16920,16930,16911,16921,1440
2024-02-08 09:50:00,16923,16924,16915,16916,399
2024-02-08 09:55:00,16914,16940,16892,16918,743
2024-02-08 10:00:00,16918,16930,16908,16920,908
2024-02-08 10:05:00,16919,16930,16915,16926,225
2024-02-08 10:10:00,16929,16945,16913,16929,271
2024-02-08 10:15:00,16926,16936,16922,16931,938
2024-02-08 10:20:00,16932,16941,16926,16934,360
2024-02-08 10:25:00,16934,16944,16928,16938,641
2024-02-08 10:30:00,16940,16943,16935,16939,401
2024-02-08 10:35:00,16939,16954,16925,16941,1277
2024-02-08 10:40:00,16937,16942,16929,16934,406
2024-02-08 10:45:00,16934,16945,16921,16932,803
2024-02-08 10:50:00,16930,16935,16927,16933,967
2024-02-08 10:55:00,16933,16943,16919,16929,891
2024-02-08 11:00:00,16932,16948,16911,16927,884
2024-02-08 11:05:00,16924,16940,16918,16934,315
2024-02-08 11:10:00,16933,16944,16927,16938,1063
2024-02-08 11:15:00,16937,16942,16927,16932,520
2024-02-08 11:20:00,16932,16936,16922,16927,726
2024-02-08 11:25:00,16928,16931,16925,16928,277
2024-02-08 11:30:00,16927,16947,16910,16929,950
2024-02-08 11:35:00,16930,16943,16917,16930,866
2024-02-08 11:40:00,16929,16946,16914,16931,1304
2024-02-08 11:45:00,16931,16941,16925,16934,1236
2024-02-08 11:50:00,16936,16936,16930,16930,1088
2024-02-08 11:55:00,16929,16933,16923,16927,478
2024-02-08 12:00:00,16929,16942,16914,16928,1052
2024-02-08 12:05:00,16928,16933,16921,16925,2327
2024-02-08 12:10:00,16927,16933,16923,16929,1805
2024-02-08 12:15:00,16928,16947,16918,16937,345
2024-02-08 12:20:00,16937,16941,16937,16941,244
2024-02-08 12:25:00,16941,16950,16934,16943,351
2024-02-08 12:30:00,16943,16946,16939,16941,256
2024-02-08 12:35:00,16942,16949,16938,16945,1738
2024-02-08 12:40:00,16946,16950,16938,16942,1344
2024-02-08 12:45:00,16940,16956,16924,16940,765
2024-02-08 12:50:00,16943,16957,16926,16940,1082
2024-02-08 12:55:00,16936,16950,16928,16942,1250
2024-02-08 13:00:00,16941,16955,16933,16948,583
2024-02-08 13:05:00,16948,16951,16943,16945,362
2024-02-08 13:10:00,16946,16949,16945,16947,1382
2024-02-08 13:15:00,16951,16960,16938,16947,220
2024-02-08 13:20:00,16944,16952,16938,16947,343
2024-02-08 13:25:00,16946,16951,16945,16950,1619
2024-02-08 13:30:00,16946,16965,16928,16948,1218
2024-02-08 13:35:00,16948,16955,16939,16947,947
2024-02-08 13:40:00,16947,16948,16947,16947,778
2024-02-09 08:45:00,16951,16951,16949,16949,2054
2024-02-09 08:50:00,16950,16974,16930,16954,963
2024-02-09 08:55:00,16956,16965,16946,16955,287
2024-02-09 09:00:00,16956,16971,16938,16953,632
2024-02-09 09:05:00,16952,16957,16945,16950,230
2024-02-09 09:10:00,16947,16955,16943,16951,303
2024-02-09 09:15:00,16951,16957,16944,16949,334
2024-02-09 09:20:00,16946,16952,16943,16948,412
2024-02-09 09:25:00,16951,16951,16947,16947,800
2024-02-09 09:30:00,16947,16968,16931,16952,401
2024-02-09 09:35:00,16955,16966,16943,16954,1106
2024-02-09 09:40:00,16953,16962,16943,16952,862
2024-02-09 09:45:00,16952,16966,16940,16954,1610
2024-02-09 09:50:00,16954,16960,16952,16957,511
2024-02-09 09:55:00,16957,16966,16952,16961,544
2024-02-09 10:00:00,16960,16977,16941,16957,750
2024-02-09 10:05:00,16958,16962,16954,16958,717
2024-02-09 10:10:00,16956,16964,16943,16952,524
2024-02-09 10:15:00,16949,16954,16948,16952,420
2024-02-09 10:20:00,16955,16963,16947,16956,527
2024-02-09 10:25:00,16957,16960,16957,16960,207
2024-02-09 10:30:00,16960,16974,16948,16962,957
2024-02-09 10:35:00,16966,16969,16964,16967,560
2024-02-09 10:40:00,16966,16969,16964,16966,614
2024-02-09 10:45:00,16968,16983,16952,16967,4679
2024-02-09 10:50:00,16967,16980,16953,16965,538
2024-02-09 10:55:00,16963,16972,16950,16959,418
2024-02-09 11:00:00,16963,16963,16959,16959,2819
2024-02-09 11:05:00,16961,16973,16946,16958,505
2024-02-09 11:10:00,16958,16960,16949,16951,223
2024-02-09 11:15:00,16952,16956,16946,16950,344
2024-02-09 11:20:00,16950,16967,16938,16955,540
2024-02-09 11:25:00,16957,16964,16950,16957,214
2024-02-09 11:30:00,16952,16973,16940,16960,1474
2024-02-09 11:35:00,16958,16974,16942,16958,546
2024-02-09 11:40:00,16960,16969,16951,16960,915
2024-02-09 11:45:00,16959,16966,16951,16958,838
2024-02-09 11:50:00,16958,16977,16941,16960,250
2024-02-09 11:55:00,16958,16963,16947,16952,464
2024-02-09 12:00:00,16956,16957,16948,16949,2313
2024-02-09 12:05:00,16951,16957,16934,16940,229
2024-02-09 12:10:00,16940,16947,16934,16941,547
2024-02-09 12:15:00,16940,16960,16926,16945,1967
2024-02-09 12:20:00,16947,16959,16937,16950,1359
2024-02-09 12:25:00,16954,16961,16941,16949,480
2024-02-09 12:30:00,16951,16955,16944,16947,1151
2024-02-09 12:35:00,16952,16963,16938,16949,706
2024-02-09 12:40:00,16947,16954,16944,16951,306
2024-02-09 12:45:00,16949,16965,16941,16957,465
2024-02-09 12:50:00,16955,16956,16953,16954,528
2024-02-09 12:55:00,16955,16969,16939,16952,548
2024-02-09 13:00:00,16953,16960,16945,16952,809
2024-02-09 13:05:00,16952,16962,16941,16951,421
2024-02-09 13:10:00,16953,16955,16948,16951,824
2024-02-09 13:15:00,16953,16963,16946,16955,362
2024-02-09 13:20:00,16952,16956,16951,16955,434
2024-02-09 13:25:00,16954,16955,16950,16951,741
2024-02-09 13:30:00,16952,16961,16940,16948,275
2024-02-09 13:35:00,16947,16951,16943,16946,481
2024-02-09 13:40:00,16944,16951,16942,16949,207
2024-02-12 08:45:00,16952,16959,16943,16951,1342
2024-02-12 08:50:00,16948,16960,16937,16949,230
2024-02-12 08:55:00,16948,16949,16947,16948,329
2024-02-12 09:00:00,16948,16955,16942,16949,1011
2024-02-12 09:05:00,16948,16961,16933,16946,444
2024-02-12 09:10:00,16948,16949,16943,16944,494
2024-02-12 09:15:00,16943,16947,16941,16945,847
2024-02-12 09:20:00,16948,16955,16940,16947,277
2024-02-12 09:25:00,16947,16950,16943,16946,903
2024-02-12 09:30:00,16948,16957,16940,16950,240
2024-02-12 09:35:00,16952,16965,16936,16949,206
2024-02-12 09:40:00,16948,16952,16941,16944,264
2024-02-12 09:45:00,16940,16960,16927,16946,255
2024-02-12 09:50:00,16947,16949,16945,16946,1562
2024-02-12 09:55:00,16947,16955,16938,16946,412
2024-02-12 10:00:00,16947,16956,16937,16946,681
2024-02-12 10:05:00,16946,16953,16940,16948,269
2024-02-12 10:10:00,16947,16956,16940,16949,403
2024-02-12 10:15:00,16953,16954,16948,16949,398
2024-02-12 10:20:00,16946,16968,16932,16954,617
2024-02-12 10:25:00,16955,16962,16948,16955,1497
2024-02-12 10:30:00,16953,16966,16944,16957,557
2024-02-12 10:35:00,16956,16961,16951,16956,551
2024-02-12 10:40:00,16955,16958,16943,16946,462
2024-02-12 10:45:00,16944,16948,16941,16945,462
2024-02-12 10:50:00,16946,16954,16938,16946,202
2024-02-12 10:55:00,16948,16952,16941,16945,1957
2024-02-12 11:00:00,16946,16946,16946,16946,2854
2024-02-12 11:05:00,16946,16955,16940,16949,759
2024-02-12 11:10:00,16947,16951,16945,16949,1126
2024-02-12 11:15:00,16950,16957,16944,16951,1342
2024-02-12 11:20:00,16955,16960,16947,16952,304
2024-02-12 11:25:00,16952,16954,16951,16954,234
2024-02-12 11:30:00,16953,16957,16950,16954,262
2024-02-12 11:35:00,16953,16964,16939,16950,291
2024-02-12 11:40:00,16949,16968,16932,16950,515
2024-02-12 11:45:00,16945,16956,16939,16950,480
2024-02-12 11:50:00,16951,16956,16944,16949,257
2024-02-12 11:55:00,16947,16951,16945,16949,252
2024-02-12 12:00:00,16946,16953,16946,16953,927
2024-02-12 12:05:00,16954,16966,16944,16955,321
2024-02-12 12:10:00,16953,16964,16946,16957,1328
2024-02-12 12:15:00,16956,16961,16954,16959,986
2024-02-12 12:20:00,16961,16965,16955,16959,325
2024-02-12 12:25:00,16956,16960,16953,16958,630
2024-02-12 12:30:00,16954,16969,16947,16961,668
2024-02-12 12:35:00,16961,16973,16946,16957,257
2024-02-12 12:40:00,16960,16965,16953,16958,287
2024-02-12 12:45:00,16955,16962,16953,16960,654
2024-02-12 12:50:00,16960,16969,16956,16964,369
2024-02-12 12:55:00,16965,16984,16933,16952,418
2024-02-12 13:00:00,16948,16953,16948,16953,442
2024-02-12 13:05:00,16955,16976,16928,16949,587
2024-02-12 13:10:00,16951,16964,16935,16949,511
2024-02-12 13:15:00,16948,16960,16935,16947,361
2024-02-12 13:20:00,16950,16952,16943,16945,1125
2024-02-12 13:25:00,16948,16959,16932,16944,282
2024-02-12 13:30:00,16944,16951,16938,16945,494
2024-02-12 13:35:00,16944,16945,16939,16940,2245
2024-02-12 13:40:00,16938,16947,16924,16933,708
2024-02-12 08:45:00,16933,16942,16926,16935,437
2024-02-12 08:50:00,16936,16949,16922,16935,681
2024-02-12 08:55:00,16934,16943,16923,16931,361
2024-02-12 09:00:00,16927,16936,16916,16925,609
2024-02-12 09:05:00,16928,16938,16917,16927,267
2024-02-12 09:10:00,16928,16933,16921,16926,1304
2024-02-12 09:15:00,16926,16934,16911,16919,294
2024-02-12 09:20:00,16921,16921,16916,16916,828
2024-02-12 09:25:00,16919,16927,16908,16916,258
2024-02-12 09:30:00,16910,16921,16902,16913,310
2024-02-12 09:35:00,16914,16923,16903,16912,269
2024-02-12 09:40:00,16909,16917,16903,16911,503
2024-02-12 09:45:00,16912,16924,16900,16911,603
2024-02-12 09:50:00,16911,16914,16909,16912,966
2024-02-12 09:55:00,16913,16918,16911,16915,210
2024-02-12 10:00:00,16914,16920,16906,16912,985
2024-02-12 10:05:00,16908,16909,16905,16907,868
2024-02-12 10:10:00,16906,16912,16904,16910,504
2024-02-12 10:15:00,16911,16914,16907,16910,301
2024-02-12 10:20:00,16912,16915,16903,16906,227
2024-02-12 10:25:00,16904,16925,16883,16904,827
2024-02-12 10:30:00,16906,16918,16893,16904,358
2024-02-12 10:35:00,16903,16905,16901,16904,1368
2024-02-12 10:40:00,16905,16913,16899,16907,626
2024-02-12 10:45:00,16906,16911,16899,16904,305
2024-02-12 10:50:00,16904,16916,16893,16906,2312
2024-02-12 10:55:00,16907,16925,16898,16916,589
2024-02-12 11:00:00,16913,16925,16905,16917,2140
2024-02-12 11:05:00,16915,16938,16905,16928,297
2024-02-12 11:10:00,16928,16937,16924,16933,293
2024-02-12 11:15:00,16938,16955,16915,16932,211
2024-02-12 11:20:00,16931,16938,16921,16928,222
2024-02-12 11:25:00,16932,16936,16918,16922,480
2024-02-12 11:30:00,16926,16926,16914,16914,1701
2024-02-12 11:35:00,16914,16916,16912,16914,218
2024-02-12 11:40:00,16914,16920,16905,16912,343
2024-02-12 11:45:00,16911,16932,16899,16920,553
2024-02-12 11:50:00,16920,16932,16908,16920,286
2024-02-12 11:55:00,16918,16931,16902,16915,315
2024-02-12 12:00:00,16915,16917,16915,16917,541
2024-02-12 12:05:00,16920,16933,16909,16921,296
2024-02-12 12:10:00,16920,16935,16913,16928,303
2024-02-12 12:15:00,16928,16942,16916,16930,401
2024-02-12 12:20:00,16927,16943,16912,16928,528
2024-02-12 12:25:00,16929,16940,16925,16936,572
2024-02-12 12:30:00,16936,16941,16934,16939,208
2024-02-12 12:35:00,16939,16943,16928,16933,585
2024-02-12 12:40:00,16932,16944,16921,16932,461
2024-02-12 12:45:00,16931,16936,16927,16931,392
2024-02-12 12:50:00,16932,16943,16915,16925,420
2024-02-12 12:55:00,16925,16930,16924,16929,1174
2024-02-12 13:00:00,16929,16931,16921,16923,3102
2024-02-12 13:05:00,16924,16933,16912,16921,295
2024-02-12 13:10:00,16923,16933,16917,16926,929
2024-02-12 13:15:00,16927,16939,16909,16920,541
2024-02-12 13:20:00,16921,16926,16912,16916,498
2024-02-12 13:25:00,16919,16935,16907,16923,1471
2024-02-12 13:30:00,16924,16929,16918,16924,462
2024-02-12 13:35:00,16927,16927,16924,16925,469
2024-02-12 13:40:00,16926,16927,16922,16923,704
2024-02-12 08:45:00,16920,16934,16916,16931,824
2024-02-12 08:50:00,16933,16939,16927,16933,335
2024-02-12 08:55:00,16933,16952,16922,16940,1235
2024-02-12 09:00:00,16940,16948,16930,16938,3035
2024-02-12 09:05:00,16939,16947,16931,16939,1011
2024-02-12 09:10:00,16938,16939,16938,16938,634
2024-02-12 09:15:00,16938,16949,16917,16927,399
2024-02-12 09:20:00,16926,16938,16922,16934,838
2024-02-12 09:25:00,16937,16942,16931,16937,3130
2024-02-12 09:30:00,16936,16951,16928,16943,600
2024-02-12 09:35:00,16942,16950,16928,16936,387
2024-02-12 09:40:00,16934,16946,16924,16936,594
2024-02-12 09:45:00,16936,16939,16929,16932,324
2024-02-12 09:50:00,16932,16948,16922,16938,2004
2024-02-12 09:55:00,16939,16953,16917,16931,202
2024-02-12 10:00:00,16929,16933,16929,16933,1859
2024-02-12 10:05:00,16930,16941,16929,16940,451
2024-02-12 10:10:00,16941,16952,16934,16945,368
2024-02-12 10:15:00,16948,16949,16938,16938,246
2024-02-12 10:20:00,16936,16946,16934,16944,1361
2024-02-12 10:25:00,16947,16956,16937,16946,782
2024-02-12 10:30:00,16947,16947,16941,16941,709
2024-02-12 10:35:00,16941,16947,16936,16942,629
2024-02-12 10:40:00,16942,16953,16930,16941,717
2024-02-12 10:45:00,16938,16947,16938,16946,1008
2024-02-12 10:50:00,16948,16959,16943,16953,725
2024-02-12 10:55:00,16952,16959,16947,16954,311
2024-02-12 11:00:00,16952,16968,16927,16943,3145
2024-02-12 11:05:00,16945,16952,16928,16935,215
2024-02-12 11:10:00,16932,16947,16921,16937,1129
2024-02-12 11:15:00,16934,16937,16922,16926,867
2024-02-12 11:20:00,16926,16933,16923,16930,246
2024-02-12 11:25:00,16930,16937,16923,16929,229
2024-02-12 11:30:00,16930,16942,16926,16938,799
2024-02-12 11:35:00,16937,16944,16931,16938,407
2024-02-12 11:40:00,16943,16954,16939,16950,232
2024-02-12 11:45:00,16950,16953,16948,16952,943
2024-02-12 11:50:00,16952,16956,16951,16955,878
2024-02-12 11:55:00,16954,16955,16953,16955,400
2024-02-12 12:00:00,16955,16979,16946,16970,582
2024-02-12 12:05:00,16971,16981,16957,16967,951
2024-02-12 12:10:00,16969,16984,16949,16964,862
2024-02-12 12:15:00,16961,16967,16955,16962,644
2024-02-12 12:20:00,16961,16971,16946,16956,1271
2024-02-12 12:25:00,16957,16960,16956,16959,494
2024-02-12 12:30:00,16960,16984,16934,16958,498
2024-02-12 12:35:00,16958,16964,16956,16962,1327
2024-02-12 12:40:00,16963,16967,16958,16961,671
2024-02-12 12:45:00,16959,16962,16956,16959,2949
2024-02-12 12:50:00,16962,16980,16950,16967,932
2024-02-12 12:55:00,16969,16973,16965,16969,415
2024-02-12 13:00:00,16967,16979,16953,16966,546
2024-02-12 13:05:00,16964,16971,16951,16958,622
2024-02-12 13:10:00,16956,16965,16945,16954,358
2024-02-12 13:15:00,16955,16962,16945,16951,279
2024-02-12 13:20:00,16949,16953,16948,16952,409
2024-02-12 13:25:00,16951,16974,16934,16957,620
2024-02-12 13:30:00,16958,16960,16958,16960,429
2024-02-12 13:35:00,16960,16978,16954,16972,582
2024-02-12 13:40:00,16972,16987,16955,16969,1372
2024-02-13 08:45:00,16967,16977,16962,16972,302
2024-02-13 08:50:00,16973,16978,16960,16965,586
2024-02-13 08:55:00,16963,16965,16959,16961,1245
2024-02-13 09:00:00,16960,16966,16960,16966,505
2024-02-13 09:05:00,16967,16976,16955,16965,204
2024-02-13 09:10:00,16965,16984,16946,16965,754
2024-02-13 09:15:00,16965,16975,16957,16967,1592
2024-02-13 09:20:00,16965,16968,16963,16966,493
2024-02-13 09:25:00,16965,16971,16955,16960,503
2024-02-13 09:30:00,16960,16964,16958,16961,213
2024-02-13 09:35:00,16958,16972,16945,16959,819
2024-02-13 09:40:00,16958,16964,16958,16963,635
2024-02-13 09:45:00,16964,16973,16948,16957,288
2024-02-13 09:50:00,16955,16963,16949,16957,481
2024-02-13 09:55:00,16959,16971,16953,16964,1516
2024-02-13 10:00:00,16966,16979,16953,16965,354
2024-02-13 10:05:00,16963,16965,16962,16964,442
2024-02-13 10:10:00,16966,16975,16949,16958,449
2024-02-13 10:15:00,16957,16976,16939,16958,615
2024-02-13 10:20:00,16959,16964,16957,16962,212
2024-02-13 10:25:00,16961,16970,16960,16969,344
2024-02-13 10:30:00,16971,16973,16966,16969,941
2024-02-13 10:35:00,16970,16976,16959,16965,829
2024-02-13 10:40:00,16963,16984,16953,16974,365
2024-02-13 10:45:00,16972,16979,16969,16976,1281
2024-02-13 10:50:00,16974,16988,16959,16974,459
2024-02-13 10:55:00,16974,16989,16956,16970,251
2024-02-13 11:00:00,16971,16988,16960,16976,238
2024-02-13 11:05:00,16977,16988,16965,16975,282
2024-02-13 11:10:00,16974,16978,16967,16971,266
2024-02-13 11:15:00,16968,16978,16961,16971,718
2024-02-13 11:20:00,16969,16974,16969,16973,336
2024-02-13 11:25:00,16975,16987,16962,16974,1546
2024-02-13 11:30:00,16973,16982,16965,16975,338
2024-02-13 11:35:00,16975,16990,16959,16974,1307
2024-02-13 11:40:00,16972,16976,16971,16974,734
2024-02-13 11:45:00,16975,16991,16968,16983,290
2024-02-13 11:50:00,16982,17000,16960,16978,443
2024-02-13 11:55:00,16980,16989,16971,16980,421
2024-02-13 12:00:00,16982,16985,16975,16979,356
2024-02-13 12:05:00,16978,16997,16962,16981,3831
2024-02-13 12:10:00,16981,16996,16963,16979,773
2024-02-13 12:15:00,16978,16986,16970,16978,1132
2024-02-13 12:20:00,16975,16983,16969,16976,778
2024-02-13 12:25:00,16975,16979,16972,16976,466
2024-02-13 12:30:00,16976,16989,16964,16977,875
2024-02-13 12:35:00,16977,16987,16970,16980,667
2024-02-13 12:40:00,16980,16985,16976,16981,601
2024-02-13 12:45:00,16981,16983,16979,16981,981
2024-02-13 12:50:00,16983,16989,16977,16984,1238
2024-02-13 12:55:00,16984,16994,16971,16981,225
2024-02-13 13:00:00,16982,17009,16956,16983,895
2024-02-13 13:05:00,16979,17000,16961,16982,365
2024-02-13 13:10:00,16974,16991,16966,16983,307
2024-02-13 13:15:00,16983,16985,16980,16982,3573
2024-02-13 13:20:00,16979,16987,16975,16983,472
2024-02-13 13:25:00,16983,16994,16971,16982,1284
2024-02-13 13:30:00,16981,16986,16975,16980,205
2024-02-13 13:35:00,16983,16997,16967,16980,1259
2024-02-13 13:40:00,16981,16996,16974,16989,542
2024-02-14 08:45:00,16990,16991,16985,16986,792
2024-02-14 08:50:00,16987,16988,16978,16979,406
2024-02-14 08:55:00,16980,16981,16978,16979,416
2024-02-14 09:00:00,16978,16988,16973,16983,1312
2024-02-14 09:05:00,16985,16994,16973,16982,429
2024-02-14 09:10:00,16980,16983,16974,16978,647
2024-02-14 09:15:00,16979,16981,16972,16974,528
2024-02-14 09:20:00,16971,16985,16958,16971,307
2024-02-14 09:25:00,16972,16979,16969,16977,613
2024-02-14 09:30:00,16977,16979,16969,16971,328
2024-02-14 09:35:00,16974,16979,16965,16971,834
2024-02-14 09:40:00,16968,16984,16953,16970,562
2024-02-14 09:45:00,16968,16971,16968,16971,245
2024-02-14 09:50:00,16972,16979,16959,16965,1369
2024-02-14 09:55:00,16966,16971,16961,16966,624
2024-02-14 10:00:00,16966,16978,16959,16970,284
2024-02-14 10:05:00,16969,16977,16961,16970,289
2024-02-14 10:10:00,16969,16971,16967,16969,520
2024-02-14 10:15:00,16971,16976,16962,16967,3282
2024-02-14 10:20:00,16966,16981,16951,16966,791
2024-02-14 10:25:00,16967,16973,16962,16968,314
2024-02-14 10:30:00,16968,16969,16966,16967,802
2024-02-14 10:35:00,16964,16975,16958,16969,3374
2024-02-14 10:40:00,16971,16980,16964,16973,440
2024-02-14 10:45:00,16974,16976,16969,16972,784
2024-02-14 10:50:00,16976,16982,16966,16971,240
2024-02-14 10:55:00,16969,16971,16967,16969,210
2024-02-14 11:00:00,16970,16982,16957,16970,294
2024-02-14 11:05:00,16967,16978,16961,16971,665
2024-02-14 11:10:00,16972,16980,16962,16970,1000
2024-02-14 11:15:00,16972,16978,16961,16966,946
2024-02-14 11:20:00,16962,16984,16946,16967,1028
2024-02-14 11:25:00,16967,16969,16963,16965,302
2024-02-14 11:30:00,16964,16972,16955,16963,760
2024-02-14 11:35:00,16962,16970,16957,16964,779
2024-02-14 11:40:00,16965,16976,16956,16967,252
2024-02-14 11:45:00,16969,16986,16953,16970,1410
2024-02-14 11:50:00,16969,16993,16945,16968,644
2024-02-14 11:55:00,16969,16976,16967,16974,307
2024-02-14 12:00:00,16974,16979,16972,16977,328
2024-02-14 12:05:00,16977,16988,16968,16979,340
2024-02-14 12:10:00,16977,16978,16976,16977,530
2024-02-14 12:15:00,16979,16988,16970,16979,784
2024-02-14 12:20:00,16980,16982,16977,16979,279
2024-02-14 12:25:00,16980,16991,16964,16975,376
2024-02-14 12:30:00,16973,16994,16956,16977,338
2024-02-14 12:35:00,16976,16977,16973,16975,582
2024-02-14 12:40:00,16974,16979,16966,16970,1193
2024-02-14 12:45:00,16967,16984,16950,16967,1218
2024-02-14 12:50:00,16964,16969,16959,16965,239
2024-02-14 12:55:00,16964,16970,16963,16970,201
2024-02-14 13:00:00,16971,16983,16956,16968,696
2024-02-14 13:05:00,16967,16984,16952,16969,523
2024-02-14 13:10:00,16967,16968,16967,16968,1155
2024-02-14 13:15:00,16966,16967,16966,16967,1212
2024-02-14 13:20:00,16966,16979,16955,16968,655
2024-02-14 13:25:00,16967,16987,16956,16976,313
2024-02-14 13:30:00,16980,16996,16961,16977,585
2024-02-14 13:35:00,16979,16985,16973,16979,209
2024-02-14 13:40:00,16981,16988,16969,16975,1483
2024-02-15 08:45:00,16977,16990,16962,16975,250
2024-02-15 08:50:00,16973,17004,16945,16976,463
2024-02-15 08:55:00,16974,16981,16972,16979,1102
2024-02-15 09:00:00,16976,16986,16971,16981,234
2024-02-15 09:05:00,16983,16985,16982,16984,221
2024-02-15 09:10:00,16983,17001,16968,16986,313
2024-02-15 09:15:00,16984,16994,16978,16988,719
2024-02-15 09:20:00,16987,16997,16975,16985,658
2024-02-15 09:25:00,16984,16993,16977,16985,777
2024-02-15 09:30:00,16986,17006,16967,16987,682
2024-02-15 09:35:00,16988,16992,16984,16988,2104
2024-02-15 09:40:00,16987,17005,16970,16987,512
2024-02-15 09:45:00,16989,17001,16977,16990,239
2024-02-15 09:50:00,16988,17010,16971,16993,264
2024-02-15 09:55:00,16992,16998,16985,16990,513
2024-02-15 10:00:00,16991,16993,16985,16987,362
2024-02-15 10:05:00,16985,17003,16973,16990,540
2024-02-15 10:10:00,16989,17005,16974,16990,802
2024-02-15 10:15:00,16992,16996,16985,16989,267
2024-02-15 10:20:00,16988,16988,16987,16988,515
2024-02-15 10:25:00,16987,17008,16968,16990,543
2024-02-15 10:30:00,16991,17009,16968,16986,546
2024-02-15 10:35:00,16990,17001,16976,16987,575
2024-02-15 10:40:00,16988,16998,16977,16987,437
2024-02-15 10:45:00,16988,16997,16979,16988,466
2024-02-15 10:50:00,16989,16995,16977,16983,501
2024-02-15 10:55:00,16980,17001,16960,16981,1301
2024-02-15 11:00:00,16982,16991,16976,16985,817
2024-02-15 11:05:00,16985,16988,16981,16983,1970
2024-02-15 11:10:00,16984,16987,16977,16981,286
2024-02-15 11:15:00,16981,16984,16980,16983,226
2024-02-15 11:20:00,16984,16986,16981,16984,470
2024-02-15 11:25:00,16983,16984,16981,16981,319
2024-02-15 11:30:00,16981,17006,16962,16986,389
2024-02-15 11:35:00,16984,16987,16976,16979,827
2024-02-15 11:40:00,16979,16988,16969,16978,432
2024-02-15 11:45:00,16981,16992,16969,16980,450
2024-02-15 11:50:00,16980,16986,16978,16984,427
2024-02-15 11:55:00,16984,16990,16981,16987,1259
2024-02-15 12:00:00,16990,17012,16961,16983,565
2024-02-15 12:05:00,16980,16985,16976,16981,396
2024-02-15 12:10:00,16979,16988,16972,16981,685
2024-02-15 12:15:00,16985,16987,16976,16978,361
2024-02-15 12:20:00,16978,16979,16973,16973,631
2024-02-15 12:25:00,16972,16976,16969,16973,478
2024-02-15 12:30:00,16970,16986,16962,16978,557
2024-02-15 12:35:00,16979,16981,16971,16973,543
2024-02-15 12:40:00,16974,16976,16971,16973,1025
2024-02-15 12:45:00,16970,16981,16965,16975,891
2024-02-15 12:50:00,16975,16979,16965,16969,409
2024-02-15 12:55:00,16968,16971,16964,16967,1664
2024-02-15 13:00:00,16967,16968,16964,16964,654
2024-02-15 13:05:00,16962,16977,16955,16970,342
2024-02-15 13:10:00,16973,16978,16965,16971,209
2024-02-15 13:15:00,16973,16984,16954,16966,668
2024-02-15 13:20:00,16965,16978,16944,16957,2930
2024-02-15 13:25:00,16957,16958,16956,16957,1337
2024-02-15 13:30:00,16957,16961,16954,16958,390
2024-02-15 13:35:00,16956,16977,16940,16960,946
2024-02-15 13:40:00,16960,16965,16958,16963,1018
2024-02-16 08:45:00,16963,16969,16957,16964,544
2024-02-16 08:50:00,16967,16973,16956,16962,557
2024-02-16 08:55:00,16963,16965,16961,16962,515
2024-02-16 09:00:00,16964,16975,16951,16962,396
2024-02-16 09:05:00,16963,16973,16955,16966,1544
2024-02-16 09:10:00,16963,16979,16955,16970,358
2024-02-16 09:15:00,16970,16975,16963,16968,592
2024-02-16 09:20:00,16970,16971,16969,16971,445
2024-02-16 09:25:00,16968,16984,16957,16973,286
2024-02-16 09:30:00,16975,16988,16952,16965,1179
2024-02-16 09:35:00,16970,16973,16957,16960,803
2024-02-16 09:40:00,16962,16970,16947,16955,337
2024-02-16 09:45:00,16958,16972,16941,16955,233
2024-02-16 09:50:00,16956,16974,16940,16958,994
2024-02-16 09:55:00,16960,16962,16956,16958,204
2024-02-16 10:00:00,16957,16966,16942,16950,1555
2024-02-16 10:05:00,16952,16960,16939,16948,317
2024-02-16 10:10:00,16949,16956,16939,16946,594
2024-02-16 10:15:00,16947,16959,16932,16944,730
2024-02-16 10:20:00,16947,16962,16933,16949,242
2024-02-16 10:25:00,16948,16957,16940,16949,419
2024-02-16 10:30:00,16949,16963,16931,16946,294
2024-02-16 10:35:00,16946,16950,16939,16943,274
2024-02-16 10:40:00,16941,16944,16940,16943,232
2024-02-16 10:45:00,16943,16971,16923,16950,1663
2024-02-16 10:50:00,16947,16954,16937,16944,294
2024-02-16 10:55:00,16946,16954,16936,16944,662
2024-02-16 11:00:00,16944,16948,16937,16940,888
2024-02-16 11:05:00,16939,16947,16939,16947,628
2024-02-16 11:10:00,16945,16947,16944,16945,207
2024-02-16 11:15:00,16945,16947,16942,16944,785
2024-02-16 11:20:00,16945,16955,16938,16947,695
2024-02-16 11:25:00,16948,16957,16936,16944,1446
2024-02-16 11:30:00,16943,16953,16933,16943,256
2024-02-16 11:35:00,16942,16951,16935,16945,269
2024-02-16 11:40:00,16946,16962,16929,16945,813
2024-02-16 11:45:00,16944,16954,16937,16948,1221
2024-02-16 11:50:00,16948,16949,16944,16945,254
2024-02-16 11:55:00,16945,16966,16932,16953,818
2024-02-16 12:00:00,16954,16960,16946,16953,1124
2024-02-16 12:05:00,16954,16960,16952,16958,406
2024-02-16 12:10:00,16955,16965,16951,16961,1362
2024-02-16 12:15:00,16957,16964,16954,16961,406
2024-02-16 12:20:00,16960,16973,16951,16964,861
2024-02-16 12:25:00,16967,16984,16949,16966,232
2024-02-16 12:30:00,16970,16975,16959,16964,351
2024-02-16 12:35:00,16967,16969,16966,16968,1397
2024-02-16 12:40:00,16968,16986,16961,16978,868
2024-02-16 12:45:00,16975,16982,16965,16972,998
2024-02-16 12:50:00,16968,16977,16960,16969,1035
2024-02-16 12:55:00,16968,16985,16959,16976,422
2024-02-16 13:00:00,16975,16982,16972,16979,1065
2024-02-16 13:05:00,16981,16982,16972,16972,486
2024-02-16 13:10:00,16974,16992,16958,16976,289
2024-02-16 13:15:00,16977,16979,16960,16963,528
2024-02-16 13:20:00,16961,16977,16947,16962,1726
2024-02-16 13:25:00,16960,16990,16936,16966,663
2024-02-16 13:30:00,16967,16976,16958,16968,3025
2024-02-16 13:35:00,16969,16972,16958,16961,941
2024-02-16 13:40:00,16962,16966,16960,16964,548
2024-02-19 08:45:00,16962,16971,16947,16956,569
2024-02-19 08:50:00,16957,16963,16947,16952,1366
2024-02-19 08:55:00,16953,16962,16941,16950,289
2024-02-19 09:00:00,16948,16950,16944,16946,359
2024-02-19 09:05:00,16945,16950,16941,16947,688
2024-02-19 09:10:00,16948,16958,16937,16947,1044
2024-02-19 09:15:00,16946,16957,16933,16943,599
2024-02-19 09:20:00,16947,16950,16942,16945,1214
2024-02-19 09:25:00,16946,16962,16942,16958,210
2024-02-19 09:30:00,16957,16960,16953,16955,491
2024-02-19 09:35:00,16955,16961,16954,16960,1303
2024-02-19 09:40:00,16960,16980,16949,16969,398
2024-02-19 09:45:00,16968,16970,16967,16969,407
2024-02-19 09:50:00,16967,16968,16959,16960,979
2024-02-19 09:55:00,16961,16972,16953,16963,335
2024-02-19 10:00:00,16965,16971,16964,16970,912
2024-02-19 10:05:00,16971,16977,16966,16972,246
2024-02-19 10:10:00,16975,16983,16966,16975,1247
2024-02-19 10:15:00,16974,16974,16967,16967,223
2024-02-19 10:20:00,16971,16977,16966,16973,294
2024-02-19 10:25:00,16971,16993,16955,16977,854
2024-02-19 10:30:00,16975,16981,16970,16976,744
2024-02-19 10:35:00,16973,16989,16963,16980,528
2024-02-19 10:40:00,16979,16986,16975,16983,330
2024-02-19 10:45:00,16982,16993,16976,16987,467
2024-02-19 10:50:00,16988,16998,16972,16982,1349
2024-02-19 10:55:00,16983,16994,16968,16980,877
2024-02-19 11:00:00,16977,16978,16976,16978,338
2024-02-19 11:05:00,16977,16980,16964,16967,398
2024-02-19 11:10:00,16967,16978,16956,16968,758
2024-02-19 11:15:00,16964,16978,16954,16967,578
2024-02-19 11:20:00,16965,16983,16956,16973,211
2024-02-19 11:25:00,16972,16979,16969,16976,323
2024-02-19 11:30:00,16979,16981,16971,16973,259
2024-02-19 11:35:00,16974,16976,16957,16959,844
2024-02-19 11:40:00,16961,16974,16955,16968,1037
2024-02-19 11:45:00,16965,16968,16963,16966,633
2024-02-19 11:50:00,16969,16972,16964,16968,223
2024-02-19 11:55:00,16970,16973,16957,16960,312
2024-02-19 12:00:00,16956,16966,16948,16959,370
2024-02-19 12:05:00,16957,16970,16948,16961,232
2024-02-19 12:10:00,16962,16966,16957,16960,308
2024-02-19 12:15:00,16962,16972,16954,16965,562
2024-02-19 12:20:00,16964,16970,16960,16966,477
2024-02-19 12:25:00,16966,16979,16951,16964,881
2024-02-19 12:30:00,16963,16971,16956,16965,625
2024-02-19 12:35:00,16965,16991,16948,16973,884
2024-02-19 12:40:00,16976,16991,16959,16974,710
2024-02-19 12:45:00,16973,16978,16957,16962,468
2024-02-19 12:50:00,16964,16978,16947,16960,283
2024-02-19 12:55:00,16959,16976,16943,16960,516
2024-02-19 13:00:00,16958,16967,16943,16951,539
2024-02-19 13:05:00,16953,16959,16947,16953,290
2024-02-19 13:10:00,16955,16967,16941,16954,466
2024-02-19 13:15:00,16955,16962,16952,16958,796
2024-02-19 13:20:00,16956,16974,16941,16960,995
2024-02-19 13:25:00,16959,16964,16958,16963,243
2024-02-19 13:30:00,16965,16978,16952,16965,234
2024-02-19 13:35:00,16965,16969,16964,16968,549
2024-02-19 13:40:00,16966,16983,16947,16964,882
2024-02-19 08:45:00,16965,16965,16965,16965,850
2024-02-19 08:50:00,16964,16980,16947,16963,630
2024-02-19 08:55:00,16967,16979,16956,16968,473
2024-02-19 09:00:00,16971,16976,16955,16960,307
2024-02-19 09:05:00,16962,16968,16960,16967,1381
2024-02-19 09:10:00,16970,16973,16969,16972,369
2024-02-19 09:15:00,16972,16975,16969,16972,692
2024-02-19 09:20:00,16974,16982,16970,16977,506
2024-02-19 09:25:00,16980,16990,16964,16973,1551
2024-02-19 09:30:00,16974,16974,16974,16974,805
2024-02-19 09:35:00,16973,16985,16960,16971,618
2024-02-19 09:40:00,16968,16984,16952,16967,510
2024-02-19 09:45:00,16967,16975,16953,16961,240
2024-02-19 09:50:00,16963,16975,16942,16955,1731
2024-02-19 09:55:00,16957,16967,16948,16958,1849
2024-02-19 10:00:00,16959,16982,16940,16963,302
2024-02-19 10:05:00,16962,16975,16952,16965,794
2024-02-19 10:10:00,16961,16978,16959,16976,751
2024-02-19 10:15:00,16975,16979,16972,16976,385
2024-02-19 10:20:00,16975,16985,16971,16981,238
2024-02-19 10:25:00,16981,16982,16978,16979,345
2024-02-19 10:30:00,16981,16985,16973,16978,394
2024-02-19 10:35:00,16981,16987,16972,16977,1016
2024-02-19 10:40:00,16977,16978,16971,16971,782
2024-02-19 10:45:00,16970,16982,16958,16970,727
2024-02-19 10:50:00,16969,16976,16962,16968,329
2024-02-19 10:55:00,16969,16970,16960,16961,540
2024-02-19 11:00:00,16960,16972,16945,16958,305
2024-02-19 11:05:00,16958,16967,16951,16960,506
2024-02-19 11:10:00,16961,16974,16945,16957,378
2024-02-19 11:15:00,16958,16965,16952,16960,675
2024-02-19 11:20:00,16961,16962,16958,16959,963
2024-02-19 11:25:00,16960,16963,16953,16957,428
2024-02-19 11:30:00,16953,16956,16946,16949,1022
2024-02-19 11:35:00,16950,16966,16934,16950,504
2024-02-19 11:40:00,16949,16960,16946,16957,270
2024-02-19 11:45:00,16955,16964,16944,16953,1222
2024-02-19 11:50:00,16951,16961,16945,16955,1993
2024-02-19 11:55:00,16956,16958,16952,16954,543
2024-02-19 12:00:00,16954,16960,16947,16953,326
2024-02-19 12:05:00,16950,16955,16941,16947,816
2024-02-19 12:10:00,16948,16967,16933,16953,747
2024-02-19 12:15:00,16950,16961,16939,16950,432
2024-02-19 12:20:00,16951,16952,16944,16946,255
2024-02-19 12:25:00,16946,16959,16931,16944,997
2024-02-19 12:30:00,16946,16948,16941,16944,279
2024-02-19 12:35:00,16947,16969,16922,16944,1211
2024-02-19 12:40:00,16941,16952,16933,16944,755
2024-02-19 12:45:00,16944,16950,16936,16943,655
2024-02-19 12:50:00,16942,16953,16937,16948,224
2024-02-19 12:55:00,16949,16954,16942,16948,337
2024-02-19 13:00:00,16948,16957,16936,16945,428
2024-02-19 13:05:00,16944,16948,16936,16940,902
2024-02-19 13:10:00,16939,16953,16926,16940,2070
2024-02-19 13:15:00,16938,16944,16935,16941,337
2024-02-19 13:20:00,16943,16946,16935,16938,1049
2024-02-19 13:25:00,16939,16947,16925,16934,727
2024-02-19 13:30:00,16936,16949,16917,16930,236
2024-02-19 13:35:00,16929,16933,16923,16927,583
2024-02-19 13:40:00,16925,16935,16917,16926,932
2024-02-19 08:45:00,16924,16933,16919,16928,365
2024-02-19 08:50:00,16929,16940,16920,16930,987
2024-02-19 08:55:00,16928,16937,16916,16925,1588
2024-02-19 09:00:00,16929,16934,16920,16924,338
2024-02-19 09:05:00,16922,16937,16910,16925,573
2024-02-19 09:10:00,16925,16931,16914,16920,444
2024-02-19 09:15:00,16923,16928,16915,16920,1096
2024-02-19 09:20:00,16922,16932,16908,16918,402
2024-02-19 09:25:00,16919,16922,16911,16914,490
2024-02-19 09:30:00,16913,16920,16907,16914,1680
2024-02-19 09:35:00,16911,16917,16909,16916,626
2024-02-19 09:40:00,16917,16929,16902,16913,1204
2024-02-19 09:45:00,16916,16920,16916,16920,569
2024-02-19 09:50:00,16919,16924,16917,16922,418
2024-02-19 09:55:00,16919,16936,16911,16927,512
2024-02-19 10:00:00,16922,16935,16914,16927,1064
2024-02-19 10:05:00,16925,16940,16904,16919,650
2024-02-19 10:10:00,16919,16928,16910,16919,404
2024-02-19 10:15:00,16923,16931,16911,16919,1126
2024-02-19 10:20:00,16920,16923,16918,16920,328
2024-02-19 10:25:00,16921,16927,16912,16918,323
2024-02-19 10:30:00,16918,16923,16913,16918,1099
2024-02-19 10:35:00,16917,16937,16903,16923,937
2024-02-19 10:40:00,16926,16927,16923,16924,1412
2024-02-19 10:45:00,16924,16937,16910,16922,397
2024-02-19 10:50:00,16918,16927,16913,16923,587
2024-02-19 10:55:00,16921,16935,16914,16927,1164
2024-02-19 11:00:00,16926,16934,16916,16925,220
2024-02-19 11:05:00,16924,16938,16912,16926,670
2024-02-19 11:10:00,16927,16935,16919,16926,321
2024-02-19 11:15:00,16926,16939,16912,16925,585
2024-02-19 11:20:00,16925,16930,16920,16926,345
2024-02-19 11:25:00,16928,16937,16920,16929,363
2024-02-19 11:30:00,16927,16928,16922,16924,201
2024-02-19 11:35:00,16927,16932,16920,16924,960
2024-02-19 11:40:00,16922,16934,16916,16928,2296
2024-02-19 11:45:00,16928,16931,16924,16927,668
2024-02-19 11:50:00,16927,16951,16905,16929,1344
2024-02-19 11:55:00,16929,16929,16928,16928,339
2024-02-19 12:00:00,16929,16937,16923,16931,911
2024-02-19 12:05:00,16932,16935,16926,16929,652
2024-02-19 12:10:00,16928,16939,16914,16926,726
2024-02-19 12:15:00,16924,16928,16915,16920,925
2024-02-19 12:20:00,16925,16935,16908,16919,414
2024-02-19 12:25:00,16918,16922,16912,16917,909
2024-02-19 12:30:00,16919,16919,16915,16915,1945
2024-02-19 12:35:00,16912,16919,16908,16914,2188
2024-02-19 12:40:00,16914,16918,16908,16912,232
2024-02-19 12:45:00,16912,16927,16891,16907,1233
2024-02-19 12:50:00,16908,16925,16886,16904,259
2024-02-19 12:55:00,16899,16913,16888,16902,1666
2024-02-19 13:00:00,16903,16923,16887,16907,415
2024-02-19 13:05:00,16904,16906,16899,16902,357
2024-02-19 13:10:00,16902,16908,16894,16900,1171
2024-02-19 13:15:00,16898,16899,16896,16898,508
2024-02-19 13:20:00,16896,16899,16893,16896,345
2024-02-19 13:25:00,16896,16908,16885,16897,2249
2024-02-19 13:30:00,16895,16904,16885,16894,2487
2024-02-19 13:35:00,16894,16904,16882,16893,271
2024-02-19 13:40:00,16890,16894,16889,16893,435
2024-02-20 08:45:00,16889,16893,16889,16893,259
2024-02-20 08:50:00,16895,16909,16883,16896,488
2024-02-20 08:55:00,16894,16897,16889,16892,482
2024-02-20 09:00:00,16892,16915,16873,16897,1170
2024-02-20 09:05:00,16898,16911,16881,16894,384
2024-02-20 09:10:00,16893,16895,16890,16892,378
2024-02-20 09:15:00,16890,16905,16879,16894,374
2024-02-20 09:20:00,16894,16906,16877,16889,331
2024-02-20 09:25:00,16891,16906,16878,16892,1464
2024-02-20 09:30:00,16890,16902,16883,16895,223
2024-02-20 09:35:00,16894,16899,16893,16898,409
2024-02-20 09:40:00,16894,16903,16882,16891,469
2024-02-20 09:45:00,16890,16895,16888,16894,1112
2024-02-20 09:50:00,16894,16907,16880,16892,414
2024-02-20 09:55:00,16891,16897,16877,16884,1644
2024-02-20 10:00:00,16883,16889,16877,16882,477
2024-02-20 10:05:00,16879,16897,16864,16882,1454
2024-02-20 10:10:00,16882,16900,16867,16884,469
2024-02-20 10:15:00,16886,16892,16876,16882,326
2024-02-20 10:20:00,16879,16886,16870,16876,547
2024-02-20 10:25:00,16875,16889,16860,16874,689
2024-02-20 10:30:00,16875,16880,16869,16875,1679
2024-02-20 10:35:00,16877,16883,16870,16876,1308
2024-02-20 10:40:00,16873,16881,16864,16872,1026
2024-02-20 10:45:00,16872,16888,16857,16873,652
2024-02-20 10:50:00,16874,16882,16867,16875,583
2024-02-20 10:55:00,16875,16876,16872,16872,561
2024-02-20 11:00:00,16867,16875,16858,16865,1133
2024-02-20 11:05:00,16866,16889,16844,16868,669
2024-02-20 11:10:00,16871,16885,16849,16863,1097
2024-02-20 11:15:00,16864,16879,16856,16871,290
2024-02-20 11:20:00,16869,16881,16861,16873,755
2024-02-20 11:25:00,16872,16881,16859,16868,322
2024-02-20 11:30:00,16872,16877,16866,16871,279
2024-02-20 11:35:00,16873,16877,16871,16875,555
2024-02-20 11:40:00,16876,16877,16869,16869,763
2024-02-20 11:45:00,16870,16872,16868,16870,690
2024-02-20 11:50:00,16868,16881,16859,16872,592
2024-02-20 11:55:00,16872,16879,16869,16875,443
2024-02-20 12:00:00,16875,16887,16865,16878,268
2024-02-20 12:05:00,16879,16908,16855,16884,422
2024-02-20 12:10:00,16887,16894,16884,16891,1309
2024-02-20 12:15:00,16894,16898,16882,16887,529
2024-02-20 12:20:00,16884,16891,16881,16888,261
2024-02-20 12:25:00,16888,16902,16879,16893,311
2024-02-20 12:30:00,16894,16895,16890,16891,1021
2024-02-20 12:35:00,16892,16898,16886,16892,640
2024-02-20 12:40:00,16890,16902,16873,16884,410
2024-02-20 12:45:00,16890,16894,16878,16882,1132
2024-02-20 12:50:00,16880,16897,16869,16886,391
2024-02-20 12:55:00,16883,16888,16883,16888,406
2024-02-20 13:00:00,16888,16900,16881,16893,330
2024-02-20 13:05:00,16897,16904,16889,16896,2003
2024-02-20 13:10:00,16894,16909,16880,16894,1820
2024-02-20 13:15:00,16894,16900,16888,16894,459
2024-02-20 13:20:00,16896,16897,16893,16893,371
2024-02-20 13:25:00,16893,16898,16890,16895,483
2024-02-20 13:30:00,16894,16903,16887,16896,532
2024-02-20 13:35:00,16897,16898,16897,16897,477
2024-02-20 13:40:00,16898,16906,16885,16893,302
2024-02-21 08:45:00,16896,16908,16877,16889,315
2024-02-21 08:50:00,16892,16898,16880,16886,735
2024-02-21 08:55:00,16887,16892,16879,16884,2795
2024-02-21 09:00:00,16884,16897,16874,16887,463
2024-02-21 09:05:00,16888,16902,16866,16881,387
2024-02-21 09:10:00,16882,16899,16861,16878,935
2024-02-21 09:15:00,16878,16880,16878,16880,271
2024-02-21 09:20:00,16880,16891,16874,16885,266
2024-02-21 09:25:00,16887,16892,16877,16882,2083
2024-02-21 09:30:00,16885,16899,16869,16884,636
2024-02-21 09:35:00,16881,16888,16880,16888,472
2024-02-21 09:40:00,16888,16893,16884,16889,745
2024-02-21 09:45:00,16888,16902,16876,16890,236
2024-02-21 09:50:00,16889,16897,16882,16890,232
2024-02-21 09:55:00,16891,16903,16873,16884,1872
2024-02-21 10:00:00,16886,16886,16880,16881,948
2024-02-21 10:05:00,16881,16884,16876,16879,975
2024-02-21 10:10:00,16875,16876,16874,16875,528
2024-02-21 10:15:00,16873,16882,16866,16875,222
2024-02-21 10:20:00,16877,16895,16850,16868,940
2024-02-21 10:25:00,16863,16885,16850,16872,458
2024-02-21 10:30:00,16875,16884,16869,16878,271
2024-02-21 10:35:00,16879,16882,16875,16878,275
2024-02-21 10:40:00,16880,16881,16876,16876,989
2024-02-21 10:45:00,16876,16888,16870,16883,671
2024-02-21 10:50:00,16879,16895,16862,16879,407
2024-02-21 10:55:00,16879,16891,16873,16884,424
2024-02-21 11:00:00,16887,16898,16876,16888,288
2024-02-21 11:05:00,16890,16904,16881,16895,206
2024-02-21 11:10:00,16893,16905,16888,16900,670
2024-02-21 11:15:00,16900,16905,16899,16904,963
2024-02-21 11:20:00,16903,16907,16902,16907,833
2024-02-21 11:25:00,16906,16937,16887,16918,1068
2024-02-21 11:30:00,16920,16926,16911,16917,326
2024-02-21 11:35:00,16915,16932,16904,16922,500
2024-02-21 11:40:00,16920,16923,16917,16920,434
2024-02-21 11:45:00,16918,16925,16906,16913,1184
2024-02-21 11:50:00,16910,16942,16884,16916,1185
2024-02-21 11:55:00,16916,16927,16901,16913,537
2024-02-21 12:00:00,16915,16920,16903,16908,298
2024-02-21 12:05:00,16908,16916,16905,16914,459
2024-02-21 12:10:00,16911,16921,16906,16916,1964
2024-02-21 12:15:00,16918,16918,16917,16918,1152
2024-02-21 12:20:00,16921,16922,16915,16916,784
2024-02-21 12:25:00,16915,16915,16908,16908,449
2024-02-21 12:30:00,16908,16911,16905,16909,718
2024-02-21 12:35:00,16910,16912,16907,16909,426
2024-02-21 12:40:00,16913,16921,16897,16905,699
2024-02-21 12:45:00,16904,16909,16904,16909,453
2024-02-21 12:50:00,16906,16912,16903,16909,2116
2024-02-21 12:55:00,16910,16916,16900,16906,487
2024-02-21 13:00:00,16907,16909,16905,16907,1277
2024-02-21 13:05:00,16907,16938,16876,16908,663
2024-02-21 13:10:00,16907,16921,16899,16913,214
2024-02-21 13:15:00,16915,16929,16896,16910,1536
2024-02-21 13:20:00,16911,16919,16899,16906,658
2024-02-21 13:25:00,16905,16909,16897,16901,272
2024-02-21 13:30:00,16901,16904,16894,16897,416
2024-02-21 13:35:00,16894,16895,16891,16892,1211
2024-02-21 13:40:00,16893,16895,16886,16888,416
2024-02-22 08:45:00,16888,16893,16881,16887,226
2024-02-22 08:50:00,16886,16889,16884,16887,1109
2024-02-22 08:55:00,16887,16890,16885,16888,232
2024-02-22 09:00:00,16888,16897,16877,16885,717
2024-02-22 09:05:00,16887,16907,16874,16893,434
2024-02-22 09:10:00,16895,16901,16880,16886,1033
2024-02-22 09:15:00,16886,16894,16875,16883,274
2024-02-22 09:20:00,16885,16900,16870,16885,292
2024-02-22 09:25:00,16885,16886,16878,16879,862
2024-02-22 09:30:00,16878,16891,16863,16876,385
2024-02-22 09:35:00,16876,16883,16874,16881,1900
2024-02-22 09:40:00,16881,16901,16861,16881,436
2024-02-22 09:45:00,16882,16891,16876,16885,240
2024-02-22 09:50:00,16884,16898,16870,16884,369
2024-02-22 09:55:00,16883,16898,16867,16882,1141
2024-02-22 10:00:00,16886,16889,16879,16883,266
2024-02-22 10:05:00,16885,16894,16870,16879,459
2024-02-22 10:10:00,16878,16883,16870,16875,592
2024-02-22 10:15:00,16876,16900,16854,16877,360
2024-02-22 10:20:00,16878,16889,16862,16873,390
2024-02-22 10:25:00,16874,16903,16836,16865,1086
2024-02-22 10:30:00,16865,16888,16848,16870,1671
2024-02-22 10:35:00,16872,16877,16857,16862,1132
2024-02-22 10:40:00,16862,16875,16846,16859,744
2024-02-22 10:45:00,16859,16867,16852,16859,2176
2024-02-22 10:50:00,16861,16870,16854,16862,399
2024-02-22 10:55:00,16862,16865,16859,16862,461
2024-02-22 11:00:00,16862,16864,16853,16855,2192
2024-02-22 11:05:00,16856,16859,16851,16854,945
2024-02-22 11:10:00,16854,16868,16835,16848,1353
2024-02-22 11:15:00,16848,16876,16826,16854,601
2024-02-22 11:20:00,16853,16857,16849,16853,563
2024-02-22 11:25:00,16851,16876,16837,16862,250
2024-02-22 11:30:00,16860,16864,16854,16858,459
2024-02-22 11:35:00,16855,16867,16853,16864,1016
2024-02-22 11:40:00,16863,16882,16852,16871,409
2024-02-22 11:45:00,16870,16871,16865,16866,1780
2024-02-22 11:50:00,16866,16874,16863,16871,331
2024-02-22 11:55:00,16870,16875,16864,16869,2291
2024-02-22 12:00:00,16864,16872,16858,16866,551
2024-02-22 12:05:00,16869,16869,16864,16864,519
2024-02-22 12:10:00,16866,16884,16841,16858,581
2024-02-22 12:15:00,16859,16874,16854,16869,501
2024-02-22 12:20:00,16873,16880,16869,16876,656
2024-02-22 12:25:00,16874,16880,16871,16877,921
2024-02-22 12:30:00,16880,16881,16872,16874,2225
2024-02-22 12:35:00,16872,16878,16868,16875,386
2024-02-22 12:40:00,16875,16879,16865,16868,518
2024-02-22 12:45:00,16866,16877,16849,16860,1328
2024-02-22 12:50:00,16860,16876,16839,16855,878
2024-02-22 12:55:00,16855,16866,16851,16861,552
2024-02-22 13:00:00,16861,16864,16858,16862,1411
2024-02-22 13:05:00,16863,16881,16853,16871,1124
2024-02-22 13:10:00,16871,16887,16853,16870,245
2024-02-22 13:15:00,16869,16882,16857,16871,517
2024-02-22 13:20:00,16870,16876,16862,16868,334
2024-02-22 13:25:00,16870,16882,16855,16867,1539
2024-02-22 13:30:00,16866,16870,16851,16856,273
2024-02-22 13:35:00,16857,16870,16848,16860,278
2024-02-22 13:40:00,16863,16865,16858,16860,261
2024-02-23 08:45:00,16857,16869,16849,16862,1124
2024-02-23 08:50:00,16864,16880,16841,16857,1583
2024-02-23 08:55:00,16861,16866,16858,16862,1322
2024-02-23 09:00:00,16863,16872,16856,16864,271
2024-02-23 09:05:00,16866,16877,16856,16868,548
2024-02-23 09:10:00,16870,16878,16864,16871,1225
2024-02-23 09:15:00,16871,16877,16864,16870,227
2024-02-23 09:20:00,16870,16877,16865,16872,389
2024-02-23 09:25:00,16870,16882,16851,16863,838
2024-02-23 09:30:00,16863,16876,16845,16858,661
2024-02-23 09:35:00,16859,16868,16847,16856,572
2024-02-23 09:40:00,16857,16863,16854,16860,298
2024-02-23 09:45:00,16862,16878,16845,16861,1392
2024-02-23 09:50:00,16860,16865,16857,16862,1042
2024-02-23 09:55:00,16861,16886,16841,16866,499
2024-02-23 10:00:00,16870,16879,16860,16869,785
2024-02-23 10:05:00,16869,16875,16865,16872,526
2024-02-23 10:10:00,16872,16875,16865,16868,317
2024-02-23 10:15:00,16867,16885,16850,16868,1495
2024-02-23 10:20:00,16866,16889,16845,16868,380
2024-02-23 10:25:00,16871,16873,16865,16867,1901
2024-02-23 10:30:00,16866,16874,16860,16868,2711
2024-02-23 10:35:00,16866,16888,16852,16873,1264
2024-02-23 10:40:00,16872,16875,16868,16870,804
2024-02-23 10:45:00,16866,16873,16866,16873,317
2024-02-23 10:50:00,16872,16888,16856,16872,410
2024-02-23 10:55:00,16871,16887,16862,16878,914
2024-02-23 11:00:00,16880,16885,16875,16880,1249
2024-02-23 11:05:00,16879,16883,16878,16883,376
2024-02-23 11:10:00,16884,16886,16876,16878,326
2024-02-23 11:15:00,16881,16894,16862,16875,350
2024-02-23 11:20:00,16877,16881,16866,16870,1944
2024-02-23 11:25:00,16870,16876,16869,16875,1454
2024-02-23 11:30:00,16875,16880,16872,16878,513
2024-02-23 11:35:00,16875,16902,16853,16881,1269
2024-02-23 11:40:00,16880,16891,16870,16881,496
2024-02-23 11:45:00,16879,16894,16871,16885,480
2024-02-23 11:50:00,16887,16906,16868,16887,614
2024-02-23 11:55:00,16892,16894,16889,16890,235
2024-02-23 12:00:00,16891,16893,16888,16890,396
2024-02-23 12:05:00,16886,16890,16886,16890,1546
2024-02-23 12:10:00,16889,16894,16886,16891,343
2024-02-23 12:15:00,16891,16897,16890,16895,388
2024-02-23 12:20:00,16895,16907,16878,16890,547
2024-02-23 12:25:00,16889,16898,16883,16892,1269
2024-02-23 12:30:00,16893,16895,16891,16893,456
2024-02-23 12:35:00,16891,16892,16888,16889,1094
2024-02-23 12:40:00,16888,16897,16879,16888,1450
2024-02-23 12:45:00,16890,16894,16884,16889,340
2024-02-23 12:50:00,16887,16894,16880,16888,255
2024-02-23 12:55:00,16889,16894,16882,16888,325
2024-02-23 13:00:00,16885,16898,16873,16887,279
2024-02-23 13:05:00,16890,16891,16886,16886,596
2024-02-23 13:10:00,16885,16893,16878,16887,1571
2024-02-23 13:15:00,16886,16895,16882,16891,967
2024-02-23 13:20:00,16892,16899,16880,16888,259
2024-02-23 13:25:00,16887,16904,16869,16886,818
2024-02-23 13:30:00,16886,16888,16886,16888,676
2024-02-23 13:35:00,16889,16892,16883,16886,785
2024-02-23 13:40:00,16888,16892,16878,16882,326
2024-02-26 08:45:00,16884,16900,16861,16877,1625
2024-02-26 08:50:00,16876,16890,16867,16881,394
2024-02-26 08:55:00,16881,16890,16874,16883,1475
2024-02-26 09:00:00,16888,16891,16886,16889,219
2024-02-26 09:05:00,16891,16900,16874,16882,224
2024-02-26 09:10:00,16880,16888,16873,16881,638
2024-02-26 09:15:00,16881,16894,16867,16880,702
2024-02-26 09:20:00,16879,16887,16877,16885,284
2024-02-26 09:25:00,16884,16895,16877,16888,239
2024-02-26 09:30:00,16885,16898,16875,16888,898
2024-02-26 09:35:00,16888,16894,16883,16889,1049
2024-02-26 09:40:00,16893,16904,16875,16886,358
2024-02-26 09:45:00,16887,16895,16878,16886,2681
2024-02-26 09:50:00,16881,16894,16876,16890,370
2024-02-26 09:55:00,16892,16897,16880,16886,2051
2024-02-26 10:00:00,16888,16891,16885,16888,1963
2024-02-26 10:05:00,16888,16908,16867,16887,794
2024-02-26 10:10:00,16889,16890,16883,16885,403
2024-02-26 10:15:00,16883,16890,16880,16887,1164
2024-02-26 10:20:00,16886,16893,16876,16883,405
2024-02-26 10:25:00,16886,16886,16880,16880,829
2024-02-26 10:30:00,16879,16900,16857,16878,550
2024-02-26 10:35:00,16874,16882,16871,16879,1907
2024-02-26 10:40:00,16879,16893,16869,16883,1402
2024-02-26 10:45:00,16883,16892,16876,16884,374
2024-02-26 10:50:00,16887,16894,16877,16885,1351
2024-02-26 10:55:00,16885,16887,16882,16885,368
2024-02-26 11:00:00,16884,16888,16881,16885,1018
2024-02-26 11:05:00,16887,16888,16882,16883,276
2024-02-26 11:10:00,16883,16889,16882,16887,240
2024-02-26 11:15:00,16885,16888,16884,16886,1072
2024-02-26 11:20:00,16889,16906,16866,16884,539
2024-02-26 11:25:00,16884,16890,16879,16885,798
2024-02-26 11:30:00,16885,16887,16884,16886,281
2024-02-26 11:35:00,16886,16894,16882,16890,1067
2024-02-26 11:40:00,16888,16894,16884,16889,479
2024-02-26 11:45:00,16888,16906,16865,16882,940
2024-02-26 11:50:00,16882,16895,16865,16878,238
2024-02-26 11:55:00,16877,16878,16876,16877,306
2024-02-26 12:00:00,16880,16885,16870,16876,238
2024-02-26 12:05:00,16876,16878,16876,16878,222
2024-02-26 12:10:00,16879,16883,16873,16876,454
2024-02-26 12:15:00,16876,16887,16867,16878,1073
2024-02-26 12:20:00,16880,16889,16868,16876,777
2024-02-26 12:25:00,16877,16890,16862,16875,266
2024-02-26 12:30:00,16875,16876,16873,16875,824
2024-02-26 12:35:00,16875,16882,16871,16877,571
2024-02-26 12:40:00,16876,16880,16870,16875,1052
2024-02-26 12:45:00,16876,16880,16868,16872,452
2024-02-26 12:50:00,16872,16888,16858,16874,785
2024-02-26 12:55:00,16873,16879,16868,16874,384
2024-02-26 13:00:00,16877,16880,16867,16871,207
2024-02-26 13:05:00,16868,16877,16864,16872,356
2024-02-26 13:10:00,16872,16875,16871,16874,313
2024-02-26 13:15:00,16876,16889,16860,16873,920
2024-02-26 13:20:00,16873,16880,16864,16871,631
2024-02-26 13:25:00,16871,16880,16861,16870,2343
2024-02-26 13:30:00,16871,16876,16859,16864,899
2024-02-26 13:35:00,16864,16877,16852,16865,1769
2024-02-26 13:40:00,16862,16863,16862,16863,322
2024-02-26 08:45:00,16862,16868,16859,16864,608
2024-02-26 08:50:00,16867,16889,16837,16859,600
2024-02-26 08:55:00,16858,16867,16848,16858,1810
2024-02-26 09:00:00,16857,16876,16846,16865,392
2024-02-26 09:05:00,16864,16866,16860,16861,488
2024-02-26 09:10:00,16861,16881,16845,16865,438
2024-02-26 09:15:00,16864,16866,16861,16863,656
2024-02-26 09:20:00,16864,16882,16847,16865,416
2024-02-26 09:25:00,16866,16876,16856,16866,389
2024-02-26 09:30:00,16868,16879,16859,16870,345
2024-02-26 09:35:00,16868,16872,16865,16869,221
2024-02-26 09:40:00,16868,16869,16866,16866,209
2024-02-26 09:45:00,16866,16867,16862,16863,340
2024-02-26 09:50:00,16864,16868,16858,16863,487
2024-02-26 09:55:00,16861,16867,16860,16865,1421
2024-02-26 10:00:00,16867,16875,16861,16869,1493
2024-02-26 10:05:00,16871,16881,16862,16872,399
2024-02-26 10:10:00,16870,16872,16869,16871,748
2024-02-26 10:15:00,16870,16880,16859,16869,756
2024-02-26 10:20:00,16868,16875,16863,16870,517
2024-02-26 10:25:00,16876,16881,16865,16870,1412
2024-02-26 10:30:00,16869,16870,16869,16870,707
2024-02-26 10:35:00,16873,16880,16866,16872,780
2024-02-26 10:40:00,16870,16875,16869,16874,638
2024-02-26 10:45:00,16872,16880,16866,16874,234
2024-02-26 10:50:00,16872,16876,16868,16871,568
2024-02-26 10:55:00,16870,16881,16862,16873,288
2024-02-26 11:00:00,16873,16886,16865,16878,207
2024-02-26 11:05:00,16877,16881,16876,16880,714
2024-02-26 11:10:00,16879,16885,16877,16882,1010
2024-02-26 11:15:00,16885,16895,16869,16879,365
2024-02-26 11:20:00,16881,16893,16859,16871,333
2024-02-26 11:25:00,16873,16888,16853,16869,561
2024-02-26 11:30:00,16870,16875,16864,16868,1137
2024-02-26 11:35:00,16868,16872,16861,16865,406
2024-02-26 11:40:00,16864,16873,16858,16867,870
2024-02-26 11:45:00,16865,16877,16860,16871,1681
2024-02-26 11:50:00,16872,16872,16869,16869,721
2024-02-26 11:55:00,16867,16869,16862,16864,804
2024-02-26 12:00:00,16862,16878,16852,16868,210
2024-02-26 12:05:00,16870,16877,16867,16873,964
2024-02-26 12:10:00,16877,16895,16860,16878,780
2024-02-26 12:15:00,16879,16895,16866,16883,450
2024-02-26 12:20:00,16885,16894,16877,16886,1518
2024-02-26 12:25:00,16885,16895,16876,16886,779
2024-02-26 12:30:00,16883,16900,16873,16890,582
2024-02-26 12:35:00,16892,16898,16880,16886,613
2024-02-26 12:40:00,16887,16888,16884,16885,273
2024-02-26 12:45:00,16886,16892,16883,16890,687
2024-02-26 12:50:00,16889,16894,16882,16886,321
2024-02-26 12:55:00,16888,16905,16862,16880,1205
2024-02-26 13:00:00,16878,16886,16872,16880,627
2024-02-26 13:05:00,16879,16880,16874,16875,266
2024-02-26 13:10:00,16873,16883,16866,16876,383
2024-02-26 13:15:00,16876,16891,16861,16876,283
2024-02-26 13:20:00,16874,16886,16865,16877,287
2024-02-26 13:25:00,16875,16885,16862,16872,554
2024-02-26 13:30:00,16871,16873,16869,16871,423
2024-02-26 13:35:00,16870,16879,16866,16875,520
2024-02-26 13:40:00,16872,16885,16860,16873,305
2024-02-26 08:45:00,16873,16881,16870,16879,1226
2024-02-26 08:50:00,16881,16888,16871,16878,245
2024-02-26 08:55:00,16879,16889,16870,16880,210
2024-02-26 09:00:00,16884,16893,16865,16874,639
2024-02-26 09:05:00,16877,16879,16872,16874,319
2024-02-26 09:10:00,16876,16878,16872,16875,839
2024-02-26 09:15:00,16875,16884,16870,16879,294
2024-02-26 09:20:00,16879,16888,16879,16888,636
2024-02-26 09:25:00,16889,16893,16885,16888,812
2024-02-26 09:30:00,16887,16902,16883,16898,258
2024-02-26 09:35:00,16895,16908,16884,16897,773
2024-02-26 09:40:00,16898,16901,16893,16897,894
2024-02-26 09:45:00,16894,16903,16888,16897,1152
2024-02-26 09:50:00,16895,16905,16878,16888,1737
2024-02-26 09:55:00,16888,16902,16881,16894,499
2024-02-26 10:00:00,16894,16903,16887,16896,249
2024-02-26 10:05:00,16893,16915,16875,16897,874
2024-02-26 10:10:00,16898,16903,16888,16894,312
2024-02-26 10:15:00,16896,16904,16884,16892,785
2024-02-26 10:20:00,16890,16900,16876,16887,447
2024-02-26 10:25:00,16889,16892,16883,16886,205
2024-02-26 10:30:00,16883,16894,16883,16894,1688
2024-02-26 10:35:00,16898,16918,16871,16890,1615
2024-02-26 10:40:00,16890,16902,16885,16898,289
2024-02-26 10:45:00,16898,16903,16890,16894,977
2024-02-26 10:50:00,16890,16910,16876,16896,248
2024-02-26 10:55:00,16896,16898,16892,16894,423
2024-02-26 11:00:00,16895,16897,16894,16896,2137
2024-02-26 11:05:00,16896,16920,16880,16904,266
2024-02-26 11:10:00,16903,16916,16897,16910,1247
2024-02-26 11:15:00,16908,16913,16907,16912,450
2024-02-26 11:20:00,16914,16919,16904,16909,823
2024-02-26 11:25:00,16909,16912,16895,16897,2003
2024-02-26 11:30:00,16900,16902,16892,16893,303
2024-02-26 11:35:00,16892,16921,16862,16891,702
2024-02-26 11:40:00,16890,16911,16875,16895,213
2024-02-26 11:45:00,16896,16906,16883,16892,597
2024-02-26 11:50:00,16889,16905,16877,16893,316
2024-02-26 11:55:00,16890,16901,16887,16897,361
2024-02-26 12:00:00,16899,16906,16886,16893,1134
2024-02-26 12:05:00,16891,16904,16876,16890,375
2024-02-26 12:10:00,16886,16893,16885,16891,451
2024-02-26 12:15:00,16895,16898,16888,16892,250
2024-02-26 12:20:00,16889,16902,16879,16892,305
2024-02-26 12:25:00,16893,16904,16877,16888,1022
2024-02-26 12:30:00,16888,16896,16875,16884,467
2024-02-26 12:35:00,16878,16891,16867,16881,484
2024-02-26 12:40:00,16880,16884,16879,16883,1042
2024-02-26 12:45:00,16884,16907,16854,16878,1055
2024-02-26 12:50:00,16879,16885,16878,16884,1003
2024-02-26 12:55:00,16886,16887,16879,16880,264
2024-02-26 13:00:00,16879,16882,16877,16880,1239
2024-02-26 13:05:00,16881,16893,16860,16872,2471
2024-02-26 13:10:00,16870,16884,16852,16866,902
2024-02-26 13:15:00,16863,16880,16850,16866,332
2024-02-26 13:20:00,16864,16870,16859,16866,411
2024-02-26 13:25:00,16863,16879,16857,16873,272
2024-02-26 13:30:00,16875,16885,16866,16876,1879
2024-02-26 13:35:00,16873,16890,16860,16877,798
2024-02-26 13:40:00,16878,16882,16873,16877,1367
2024-02-27 08:45:00,16877,16883,16876,16883,558
2024-02-27 08:50:00,16882,16890,16881,16888,330
2024-02-27 08:55:00,16891,16899,16869,16876,332
2024-02-27 09:00:00,16875,16882,16875,16882,737
2024-02-27 09:05:00,16883,16902,16862,16881,779
2024-02-27 09:10:00,16881,16902,16868,16889,700
2024-02-27 09:15:00,16889,16890,16884,16886,601
2024-02-27 09:20:00,16890,16905,16867,16882,710
2024-02-27 09:25:00,16880,16892,16873,16885,1084
2024-02-27 09:30:00,16888,16900,16875,16888,771
2024-02-27 09:35:00,16889,16891,16882,16884,1587
2024-02-27 09:40:00,16883,16889,16875,16881,280
2024-02-27 09:45:00,16885,16892,16866,16873,867
2024-02-27 09:50:00,16869,16875,16862,16868,1239
2024-02-27 09:55:00,16867,16872,16866,16870,607
2024-02-27 10:00:00,16868,16880,16857,16869,371
2024-02-27 10:05:00,16870,16882,16854,16866,503
2024-02-27 10:10:00,16864,16873,16859,16868,942
2024-02-27 10:15:00,16869,16887,16837,16855,761
2024-02-27 10:20:00,16855,16860,16852,16858,1116
2024-02-27 10:25:00,16857,16877,16840,16860,235
2024-02-27 10:30:00,16861,16862,16858,16859,709
2024-02-27 10:35:00,16859,16875,16852,16868,318
2024-02-27 10:40:00,16866,16876,16859,16869,1483
2024-02-27 10:45:00,16875,16886,16860,16872,292
2024-02-27 10:50:00,16871,16873,16867,16870,616
2024-02-27 10:55:00,16865,16871,16864,16870,601
2024-02-27 11:00:00,16868,16878,16853,16863,202
2024-02-27 11:05:00,16861,16870,16857,16867,567
2024-02-27 11:10:00,16868,16875,16862,16869,222
2024-02-27 11:15:00,16870,16877,16861,16869,1090
2024-02-27 11:20:00,16870,16872,16867,16869,282
2024-02-27 11:25:00,16869,16872,16865,16868,697
2024-02-27 11:30:00,16868,16870,16864,16867,855
2024-02-27 11:35:00,16866,16882,16846,16862,249
2024-02-27 11:40:00,16862,16881,16845,16865,1998
2024-02-27 11:45:00,16866,16869,16860,16863,1172
2024-02-27 11:50:00,16863,16865,16858,16860,412
2024-02-27 11:55:00,16861,16868,16860,16867,1355
2024-02-27 12:00:00,16868,16886,16857,16876,866
2024-02-27 12:05:00,16877,16890,16869,16882,209
2024-02-27 12:10:00,16882,16895,16864,16877,312
2024-02-27 12:15:00,16878,16886,16876,16884,531
2024-02-27 12:20:00,16886,16896,16873,16883,953
2024-02-27 12:25:00,16882,16889,16879,16886,377
2024-02-27 12:30:00,16884,16887,16877,16880,464
2024-02-27 12:35:00,16877,16890,16860,16873,1464
2024-02-27 12:40:00,16874,16874,16862,16863,422
2024-02-27 12:45:00,16859,16872,16850,16863,396
2024-02-27 12:50:00,16864,16867,16852,16855,1017
2024-02-27 12:55:00,16855,16870,16837,16853,386
2024-02-27 13:00:00,16855,16864,16854,16863,235
2024-02-27 13:05:00,16861,16877,16849,16865,804
2024-02-27 13:10:00,16864,16871,16856,16863,378
2024-02-27 13:15:00,16865,16897,16830,16862,1375
2024-02-27 13:20:00,16865,16873,16852,16860,852
2024-02-27 13:25:00,16859,16861,16854,16857,255
2024-02-27 13:30:00,16857,16862,16852,16857,216
2024-02-27 13:35:00,16857,16866,16843,16852,271
2024-02-27 13:40:00,16853,16865,16832,16844,886
2024-02-28 08:45:00,16844,16854,16832,16843,836
2024-02-28 08:50:00,16846,16856,16830,16840,627
2024-02-28 08:55:00,16837,16844,16830,16838,351
2024-02-28 09:00:00,16837,16853,16824,16841,478
2024-02-28 09:05:00,16842,16850,16835,16843,212
2024-02-28 09:10:00,16844,16846,16839,16840,1874
2024-02-28 09:15:00,16843,16848,16831,16836,601
2024-02-28 09:20:00,16839,16857,16811,16829,348
2024-02-28 09:25:00,16828,16837,16828,16837,210
2024-02-28 09:30:00,16839,16843,16832,16836,310
2024-02-28 09:35:00,16834,16855,16819,16839,245
2024-02-28 09:40:00,16841,16852,16836,16847,1580
2024-02-28 09:45:00,16851,16854,16847,16849,681
2024-02-28 09:50:00,16852,16857,16849,16854,955
2024-02-28 09:55:00,16854,16861,16845,16851,847
2024-02-28 10:00:00,16850,16860,16836,16845,1493
2024-02-28 10:05:00,16842,16857,16834,16849,298
2024-02-28 10:10:00,16849,16852,16844,16846,269
2024-02-28 10:15:00,16844,16849,16836,16842,1076
2024-02-28 10:20:00,16840,16845,16834,16839,787
2024-02-28 10:25:00,16837,16840,16830,16833,748
2024-02-28 10:30:00,16832,16838,16827,16833,1086
2024-02-28 10:35:00,16833,16834,16830,16832,293
2024-02-28 10:40:00,16832,16844,16817,16829,529
2024-02-28 10:45:00,16828,16850,16813,16835,310
2024-02-28 10:50:00,16838,16839,16833,16835,241
2024-02-28 10:55:00,16834,16858,16826,16850,661
2024-02-28 11:00:00,16848,16855,16844,16851,286
2024-02-28 11:05:00,16851,16863,16837,16849,296
2024-02-28 11:10:00,16852,16854,16843,16844,219
2024-02-28 11:15:00,16845,16854,16829,16838,512
2024-02-28 11:20:00,16838,16844,16832,16839,535
2024-02-28 11:25:00,16836,16845,16829,16838,1183
2024-02-28 11:30:00,16837,16843,16833,16839,1051
2024-02-28 11:35:00,16839,16846,16830,16837,592
2024-02-28 11:40:00,16836,16842,16828,16833,419
2024-02-28 11:45:00,16830,16855,16813,16838,620
2024-02-28 11:50:00,16836,16845,16832,16842,364
2024-02-28 11:55:00,16845,16859,16823,16838,265
2024-02-28 12:00:00,16841,16854,16833,16847,439
2024-02-28 12:05:00,16845,16852,16841,16848,889
2024-02-28 12:10:00,16849,16852,16843,16846,261
2024-02-28 12:15:00,16843,16855,16832,16843,274
2024-02-28 12:20:00,16846,16859,16825,16838,319
2024-02-28 12:25:00,16838,16853,16820,16834,521
2024-02-28 12:30:00,16836,16838,16828,16830,209
2024-02-28 12:35:00,16827,16835,16825,16833,727
2024-02-28 12:40:00,16834,16840,16828,16833,481
2024-02-28 12:45:00,16833,16857,16812,16836,625
2024-02-28 12:50:00,16837,16848,16825,16835,613
2024-02-28 12:55:00,16837,16841,16826,16830,271
2024-02-28 13:00:00,16831,16834,16830,16834,722
2024-02-28 13:05:00,16832,16838,16832,16838,638
2024-02-28 13:10:00,16839,16844,16836,16841,229
2024-02-28 13:15:00,16840,16854,16830,16843,669
2024-02-28 13:20:00,16841,16863,16823,16845,1329
2024-02-28 13:25:00,16843,16855,16837,16848,1149
2024-02-28 13:30:00,16845,16849,16842,16846,239
2024-02-28 13:35:00,16845,16850,16834,16840,225
2024-02-28 13:40:00,16842,16846,16842,16846,1042
2024-02-29 08:45:00,16846,16859,16835,16847,387
2024-02-29 08:50:00,16846,16863,16832,16849,1434
2024-02-29 08:55:00,16851,16858,16841,16848,245
2024-02-29 09:00:00,16847,16853,16844,16850,389
2024-02-29 09:05:00,16850,16854,16846,16850,419
2024-02-29 09:10:00,16849,16861,16841,16852,307
2024-02-29 09:15:00,16854,16854,16851,16852,1137
2024-02-29 09:20:00,16849,16874,16831,16857,303
2024-02-29 09:25:00,16855,16867,16846,16857,1082
2024-02-29 09:30:00,16854,16861,16854,16861,1418
2024-02-29 09:35:00,16860,16870,16846,16856,1131
2024-02-29 09:40:00,16858,16868,16850,16859,255
2024-02-29 09:45:00,16858,16866,16849,16857,357
2024-02-29 09:50:00,16856,16869,16842,16855,543
2024-02-29 09:55:00,16857,16865,16852,16861,323
2024-02-29 10:00:00,16863,16867,16857,16861,755
2024-02-29 10:05:00,16861,16866,16859,16864,720
2024-02-29 10:10:00,16865,16874,16859,16868,245
2024-02-29 10:15:00,16866,16873,16859,16867,536
2024-02-29 10:20:00,16869,16875,16860,16866,409
2024-02-29 10:25:00,16870,16874,16863,16867,287
2024-02-29 10:30:00,16868,16878,16853,16862,423
2024-02-29 10:35:00,16858,16868,16852,16862,524
2024-02-29 10:40:00,16861,16880,16846,16865,603
2024-02-29 10:45:00,16866,16879,16857,16870,416
2024-02-29 10:50:00,16869,16888,16855,16874,231
2024-02-29 10:55:00,16877,16879,16873,16875,810
2024-02-29 11:00:00,16876,16882,16871,16877,206
2024-02-29 11:05:00,16876,16888,16867,16879,299
2024-02-29 11:10:00,16879,16889,16866,16876,1843
2024-02-29 11:15:00,16874,16884,16868,16877,727
2024-02-29 11:20:00,16877,16881,16870,16874,874
2024-02-29 11:25:00,16873,16876,16871,16874,367
2024-02-29 11:30:00,16876,16887,16865,16876,1971
2024-02-29 11:35:00,16880,16884,16868,16873,564
2024-02-29 11:40:00,16870,16876,16867,16873,1186
2024-02-29 11:45:00,16869,16878,16863,16871,227
2024-02-29 11:50:00,16871,16882,16858,16869,897
2024-02-29 11:55:00,16866,16879,16860,16873,1357
2024-02-29 12:00:00,16873,16876,16867,16870,1201
2024-02-29 12:05:00,16871,16889,16850,16867,953
2024-02-29 12:10:00,16870,16880,16856,16866,224
2024-02-29 12:15:00,16867,16870,16859,16862,961
2024-02-29 12:20:00,16862,16868,16855,16861,539
2024-02-29 12:25:00,16858,16870,16849,16861,498
2024-02-29 12:30:00,16861,16886,16833,16858,401
2024-02-29 12:35:00,16858,16871,16846,16859,296
2024-02-29 12:40:00,16861,16866,16856,16861,552
2024-02-29 12:45:00,16860,16872,16844,16857,717
2024-02-29 12:50:00,16856,16859,16853,16856,223
2024-02-29 12:55:00,16854,16864,16849,16859,1111
2024-02-29 13:00:00,16855,16862,16855,16862,1946
2024-02-29 13:05:00,16860,16865,16857,16862,596
2024-02-29 13:10:00,16859,16878,16841,16860,735
2024-02-29 13:15:00,16860,16865,16855,16859,330
2024-02-29 13:20:00,16858,16865,16847,16854,601
2024-02-29 13:25:00,16853,16867,16839,16853,373
2024-02-29 13:30:00,16851,16864,16842,16855,350
2024-02-29 13:35:00,16849,16861,16848,16859,224
2024-02-29 13:40:00,16862,16880,16848,16866,308
2024-03-01 08:45:00,16864,16869,16860,16865,429
2024-03-01 08:50:00,16865,16873,16861,16869,448
2024-03-01 08:55:00,16866,16868,16865,16867,573
2024-03-01 09:00:00,16869,16879,16851,16861,2111
2024-03-01 09:05:00,16862,16877,16841,16856,3196
2024-03-01 09:10:00,16855,16863,16850,16859,541
2024-03-01 09:15:00,16858,16876,16846,16863,420
2024-03-01 09:20:00,16867,16869,16864,16866,567
2024-03-01 09:25:00,16866,16866,16862,16862,2265
2024-03-01 09:30:00,16861,16875,16849,16863,211
2024-03-01 09:35:00,16861,16862,16858,16859,419
2024-03-01 09:40:00,16855,16877,16836,16858,587
2024-03-01 09:45:00,16858,16870,16846,16858,813
2024-03-01 09:50:00,16858,16874,16841,16857,264
2024-03-01 09:55:00,16859,16867,16848,16856,354
2024-03-01 10:00:00,16851,16860,16847,16856,1508
2024-03-01 10:05:00,16854,16856,16853,16856,805
2024-03-01 10:10:00,16855,16871,16838,16854,480
2024-03-01 10:15:00,16854,16868,16840,16853,513
2024-03-01 10:20:00,16853,16861,16845,16853,324
2024-03-01 10:25:00,16853,16859,16849,16855,205
2024-03-01 10:30:00,16856,16862,16846,16852,216
2024-03-01 10:35:00,16851,16862,16840,16852,668
2024-03-01 10:40:00,16854,16862,16839,16847,651
2024-03-01 10:45:00,16848,16851,16847,16849,3505
2024-03-01 10:50:00,16849,16859,16843,16854,232
2024-03-01 10:55:00,16857,16867,16843,16853,375
2024-03-01 11:00:00,16856,16859,16851,16854,741
2024-03-01 11:05:00,16856,16874,16837,16855,891
2024-03-01 11:10:00,16849,16860,16842,16853,384
2024-03-01 11:15:00,16856,16868,16846,16857,425
2024-03-01 11:20:00,16859,16874,16842,16857,535
2024-03-01 11:25:00,16861,16874,16839,16852,469
2024-03-01 11:30:00,16854,16856,16853,16854,375
2024-03-01 11:35:00,16857,16869,16834,16846,945
2024-03-01 11:40:00,16847,16850,16842,16844,751
2024-03-01 11:45:00,16847,16857,16837,16847,230
2024-03-01 11:50:00,16851,16856,16843,16849,214
2024-03-01 11:55:00,16849,16850,16842,16842,674
2024-03-01 12:00:00,16839,16850,16829,16840,1332
2024-03-01 12:05:00,16839,16847,16831,16838,275
2024-03-01 12:10:00,16839,16840,16837,16839,259
2024-03-01 12:15:00,16839,16855,16818,16834,727
2024-03-01 12:20:00,16832,16837,16829,16834,1505
2024-03-01 12:25:00,16830,16856,16809,16834,568
2024-03-01 12:30:00,16833,16835,16833,16835,261
2024-03-01 12:35:00,16837,16839,16832,16834,517
2024-03-01 12:40:00,16837,16841,16833,16837,790
2024-03-01 12:45:00,16838,16850,16827,16839,515
2024-03-01 12:50:00,16841,16841,16835,16836,242
2024-03-01 12:55:00,16836,16844,16825,16833,773
2024-03-01 13:00:00,16830,16833,16829,16832,619
2024-03-01 13:05:00,16831,16842,16819,16829,1478
2024-03-01 13:10:00,16829,16841,16820,16832,486
2024-03-01 13:15:00,16831,16842,16828,16839,731
2024-03-01 13:20:00,16839,16846,16825,16832,299
2024-03-01 13:25:00,16832,16836,16828,16832,1713
2024-03-01 13:30:00,16834,16840,16830,16836,864
2024-03-01 13:35:00,16835,16846,16827,16838,237
2024-03-01 13:40:00,16834,16838,16833,16838,321
